{
    "EN_country":"Angola",
    "FR_country":"Angola",
    "ID":[4,1,0],
    "Upop":[220300,383500,778024,1539919,2592466,4211497,10289929],
    "Urbanlevel":[0.05,0.08,0.14,0.21,0.26,0.3,0.5,0.63],
    "Numagglos":[5,7,11,18,26,42,76,96],
    "Mpop":[0.64,0.59,0.61,0.5,0.47,0.46,0.5,0.44],
    "ADBA":[189,179,199,127,93,73,57,54.2],
    "Agglomerations":[
    {
                 "ID":[4,1,6],
                "A_Name":"Luanda",
                "Longlat":[13.3,-8.924],
                "A_Upop":[141700,224600,475328,770602,1224292,1919042,5140000,6979211],
                "Metropole":"Yes"
                },
                  {
                 "ID":[4,1,109],
                "A_Name":"Lubango",
                "Longlat":[13.495,-14.92],
                "A_Upop":[11700,15100,31674,69933,123656,188562,410346,615770],
                "Metropole":"No"
                },
                  {
                 "ID":[4,1,114],
                "A_Name":"Huambo",
                "Longlat":[15.76,-12.795],
                "A_Upop":[28300,38800,61885,144575,226885,273101,451103,599937],
                "Metropole":"No"
                },
                  {
                 "ID":[4,1,119],
                "A_Name":"Cabinda",
                "Longlat":[12.226,-5.58],
                "A_Upop":[0,0,21124,40089,86579,203807,432841,569186],
                "Metropole":"No"
                },
                  {
                 "ID":[4,1,120],
                "A_Name":"Benguela",
                "Longlat":[13.402,-12.615],
                "A_Upop":[14700,23300,40996,106000,142052,122831,301085,569002],
                "Metropole":"No"
                },
                  {
                 "ID":[4,1,139],
                "A_Name":"Lobito",
                "Longlat":[13.572,-12.404],
                "A_Upop":[23900,50200,59528,116831,145223,133129,294044,510399],
                "Metropole":"No"
                },
                  {
                 "ID":[4,1,145],
                "A_Name":"Malanje",
                "Longlat":[16.363,-9.544],
                "A_Upop":[0,19300,31599,57545,104795,190843,286663,469005],
                "Metropole":"No"
                },
                  {
                 "ID":[4,1,170],
                "A_Name":"Saurimo",
                "Longlat":[20.395,-9.674],
                "A_Upop":[0,0,12901,27741,59653,128272,199177,404471],
                "Metropole":"No"
                },
                  {
                 "ID":[4,1,202],
                "A_Name":"Uige",
                "Longlat":[15.045,-7.61],
                "A_Upop":[0,0,11972,37134,69101,91467,206808,330594],
                "Metropole":"No"
                },
                  {
                 "ID":[4,1,235],
                "A_Name":"Luena",
                "Longlat":[19.899,-11.781],
                "A_Upop":[0,0,0,0,20549,58460,164945,280517],
                "Metropole":"No"
                },
                  {
                 "ID":[4,1,250],
                "A_Name":"Namibe",
                "Longlat":[12.166,-15.207],
                "A_Upop":[0,0,12076,36632,61981,71059,159341,263210],
                "Metropole":"No"
                },
                  {
                 "ID":[4,1,258],
                "A_Name":"Menonge",
                "Longlat":[17.686,-14.654],
                "A_Upop":[0,0,0,0,21814,58549,105736,257457],
                "Metropole":"No"
                },
                  {
                 "ID":[4,1,337],
                "A_Name":"Ngunza",
                "Longlat":[13.845,-11.216],
                "A_Upop":[0,0,0,16410,34042,70616,113063,210978],
                "Metropole":"No"
                },
                  {
                 "ID":[4,1,347],
                "A_Name":"Santo Antonio do Zaire",
                "Longlat":[12.357,-6.179],
                "A_Upop":[0,0,0,0,14600,39600,130008,205943],
                "Metropole":"No"
                },
                  {
                 "ID":[4,1,382],
                "A_Name":"Dundo",
                "Longlat":[20.817,-7.393],
                "A_Upop":[0,0,0,0,10300,23400,94410,182044],
                "Metropole":"No"
                },
                  {
                 "ID":[4,1,426],
                "A_Name":"N'dalatando",
                "Longlat":[14.911,-9.3],
                "A_Upop":[0,0,0,14674,29328,58617,93052,165624],
                "Metropole":"No"
                },
                  {
                 "ID":[4,1,460],
                "A_Name":"Mbanza Congo",
                "Longlat":[14.233,-6.262],
                "A_Upop":[0,0,0,23813,40594,30072,76095,153075],
                "Metropole":"No"
                },
                  {
                 "ID":[4,1,467],
                "A_Name":"Cafunfo",
                "Longlat":[17.999,-8.771],
                "A_Upop":[0,0,0,0,0,14600,67550,150536],
                "Metropole":"No"
                },
                  {
                 "ID":[4,1,564],
                "A_Name":"Ondjiva",
                "Longlat":[15.756,-17.073],
                "A_Upop":[0,0,0,0,0,0,55796,124575],
                "Metropole":"No"
                },
                  {
                 "ID":[4,1,571],
                "A_Name":"Caala",
                "Longlat":[15.566,-12.852],
                "A_Upop":[0,0,0,15944,28584,51243,75519,123000],
                "Metropole":"No"
                },
                  {
                 "ID":[4,1,612],
                "A_Name":"Lucapa",
                "Longlat":[20.723,-8.442],
                "A_Upop":[0,0,0,0,13500,34900,61017,113737],
                "Metropole":"No"
                },
                  {
                 "ID":[4,1,641],
                "A_Name":"Gabela",
                "Longlat":[14.387,-10.853],
                "A_Upop":[0,0,0,0,0,0,28888,109675],
                "Metropole":"No"
                },
                  {
                 "ID":[4,1,707],
                "A_Name":"Cela",
                "Longlat":[15.11,-11.363],
                "A_Upop":[0,0,0,0,0,0,56358,100437],
                "Metropole":"No"
                },
                  {
                 "ID":[4,1,746],
                "A_Name":"Negage",
                "Longlat":[15.27,-7.76],
                "A_Upop":[0,0,0,0,17280,27415,62323,95274],
                "Metropole":"No"
                },
                  {
                 "ID":[4,1,758],
                "A_Name":"Porto Amboim",
                "Longlat":[13.768,-10.727],
                "A_Upop":[0,0,0,12367,22070,39386,34522,93895],
                "Metropole":"No"
                },
                  {
                 "ID":[4,1,770],
                "A_Name":"Cubal",
                "Longlat":[14.257,-13.039],
                "A_Upop":[0,0,0,11981,21492,38553,63693,92626],
                "Metropole":"No"
                },
                  {
                 "ID":[4,1,828],
                "A_Name":"Andrada",
                "Longlat":[21.359,-7.693],
                "A_Upop":[0,0,0,0,0,14500,48034,85489],
                "Metropole":"No"
                },
                  {
                 "ID":[4,1,879],
                "A_Name":"Sassalemba",
                "Longlat":[13.487,-8.676],
                "A_Upop":[0,0,0,0,0,0,24497,82000],
                "Metropole":"No"
                },
                  {
                 "ID":[4,1,938],
                "A_Name":"Ganda",
                "Longlat":[14.635,-13.009],
                "A_Upop":[0,0,0,0,11546,24625,47425,76705],
                "Metropole":"No"
                },
                  {
                 "ID":[4,1,973],
                "A_Name":"Dombe Grande",
                "Longlat":[13.097,-12.934],
                "A_Upop":[0,0,0,0,0,11900,40365,74575],
                "Metropole":"No"
                },
                  {
                 "ID":[4,1,1005],
                "A_Name":"Bailundo",
                "Longlat":[15.865,-12.19],
                "A_Upop":[0,0,0,0,0,19500,49817,72243],
                "Metropole":"No"
                },
                  {
                 "ID":[4,1,1011],
                "A_Name":"Silva Porto",
                "Longlat":[16.939,-12.393],
                "A_Upop":[0,12200,18941,25477,34270,46096,98848,71910],
                "Metropole":"No"
                },
                  {
                 "ID":[4,1,1015],
                "A_Name":"Matala",
                "Longlat":[15.009,-14.743],
                "A_Upop":[0,0,0,0,0,20100,50326,71750],
                "Metropole":"No"
                },
                  {
                 "ID":[4,1,1189],
                "A_Name":"Baia Farta",
                "Longlat":[13.197,-12.604],
                "A_Upop":[0,0,0,0,0,17978,32378,62241],
                "Metropole":"No"
                },
                  {
                 "ID":[4,1,1314],
                "A_Name":"Luau",
                "Longlat":[22.225,-10.707],
                "A_Upop":[0,0,0,0,0,0,24572,56818],
                "Metropole":"No"
                },
                  {
                 "ID":[4,1,1360],
                "A_Name":"Caxito",
                "Longlat":[13.653,-8.58],
                "A_Upop":[0,0,0,0,10300,23300,28138,54983],
                "Metropole":"No"
                },
                  {
                 "ID":[4,1,1451],
                "A_Name":"Catumbela (sul)",
                "Longlat":[13.495,-12.514],
                "A_Upop":[0,0,0,0,0,10000,29831,51581],
                "Metropole":"No"
                },
                  {
                 "ID":[4,1,1549],
                "A_Name":"Uku",
                "Longlat":[14.298,-11.403],
                "A_Upop":[0,0,0,0,0,17400,37270,48607],
                "Metropole":"No"
                },
                  {
                 "ID":[4,1,1579],
                "A_Name":"Tombua",
                "Longlat":[11.842,-15.804],
                "A_Upop":[0,0,0,12169,17983,26574,20947,47737],
                "Metropole":"No"
                },
                  {
                 "ID":[4,1,1653],
                "A_Name":"Calulo",
                "Longlat":[14.897,-10.001],
                "A_Upop":[0,0,0,0,0,0,18866,45896],
                "Metropole":"No"
                },
                  {
                 "ID":[4,1,1704],
                "A_Name":"Maquela do zombo",
                "Longlat":[15.107,-6.06],
                "A_Upop":[0,0,0,0,0,0,17028,44726],
                "Metropole":"No"
                },
                  {
                 "ID":[4,1,1790],
                "A_Name":"Cuimba",
                "Longlat":[14.616,-6.116],
                "A_Upop":[0,0,0,0,0,0,25844,42925],
                "Metropole":"No"
                },
                  {
                 "ID":[4,1,1989],
                "A_Name":"Dondo",
                "Longlat":[14.428,-9.679],
                "A_Upop":[0,0,0,0,0,18200,33261,38950],
                "Metropole":"No"
                },
                  {
                 "ID":[4,1,2015],
                "A_Name":"Xangongo",
                "Longlat":[14.981,-16.751],
                "A_Upop":[0,0,0,0,0,0,19612,38557],
                "Metropole":"No"
                },
                  {
                 "ID":[4,1,2083],
                "A_Name":"Balombo",
                "Longlat":[14.777,-12.356],
                "A_Upop":[0,0,0,0,0,0,18148,37270],
                "Metropole":"No"
                },
                  {
                 "ID":[4,1,2117],
                "A_Name":"Bocoio",
                "Longlat":[14.134,-12.469],
                "A_Upop":[0,0,0,0,0,0,15056,36431],
                "Metropole":"No"
                },
                  {
                 "ID":[4,1,2161],
                "A_Name":"Cazombo",
                "Longlat":[22.896,-11.901],
                "A_Upop":[0,0,0,0,0,0,22828,35635],
                "Metropole":"No"
                },
                  {
                 "ID":[4,1,2268],
                "A_Name":"Mussende",
                "Longlat":[16.011,-10.512],
                "A_Upop":[0,0,0,0,0,0,21702,34397],
                "Metropole":"No"
                },
                  {
                 "ID":[4,1,2300],
                "A_Name":"Cacuso",
                "Longlat":[15.738,-9.426],
                "A_Upop":[0,0,0,0,0,0,14986,34000],
                "Metropole":"No"
                },
                  {
                 "ID":[4,1,2415],
                "A_Name":"Kalukembe",
                "Longlat":[14.679,-13.791],
                "A_Upop":[0,0,0,0,0,16000,28055,32452],
                "Metropole":"No"
                },
                  {
                 "ID":[4,1,2437],
                "A_Name":"Songo",
                "Longlat":[14.852,-7.347],
                "A_Upop":[0,0,0,0,0,0,17164,32167],
                "Metropole":"No"
                },
                  {
                 "ID":[4,1,2666],
                "A_Name":"N'zeto",
                "Longlat":[12.869,-7.228],
                "A_Upop":[0,0,0,0,0,0,18439,29561],
                "Metropole":"No"
                },
                  {
                 "ID":[4,1,2854],
                "A_Name":"Quibala",
                "Longlat":[14.983,-10.737],
                "A_Upop":[0,0,0,0,0,0,12639,27806],
                "Metropole":"No"
                },
                  {
                 "ID":[4,1,2866],
                "A_Name":"Catchiungo",
                "Longlat":[16.228,-12.564],
                "A_Upop":[0,0,0,0,0,10400,20898,27648],
                "Metropole":"No"
                },
                  {
                 "ID":[4,1,2901],
                "A_Name":"Alto Dondo",
                "Longlat":[14.465,-9.681],
                "A_Upop":[0,0,0,0,0,0,12665,27309],
                "Metropole":"No"
                },
                  {
                 "ID":[4,1,3096],
                "A_Name":"Namacunde",
                "Longlat":[15.888,-17.38],
                "A_Upop":[0,0,0,0,0,0,10933,25625],
                "Metropole":"No"
                },
                  {
                 "ID":[4,1,3128],
                "A_Name":"Sanza Pombo",
                "Longlat":[15.995,-7.316],
                "A_Upop":[0,0,0,0,0,0,12120,25377],
                "Metropole":"No"
                },
                  {
                 "ID":[4,1,3392],
                "A_Name":"Quipungo",
                "Longlat":[14.533,-14.821],
                "A_Upop":[0,0,0,0,0,0,13701,23589],
                "Metropole":"No"
                },
                  {
                 "ID":[4,1,3608],
                "A_Name":"Ukuma",
                "Longlat":[15.066,-12.86],
                "A_Upop":[0,0,0,0,0,0,16316,22354],
                "Metropole":"No"
                },
                  {
                 "ID":[4,1,3612],
                "A_Name":"Camabatela",
                "Longlat":[15.373,-8.19],
                "A_Upop":[0,0,0,0,0,0,14440,22311],
                "Metropole":"No"
                },
                  {
                 "ID":[4,1,3638],
                "A_Name":"Mungo",
                "Longlat":[16.225,-11.841],
                "A_Upop":[0,0,0,0,0,0,13025,22181],
                "Metropole":"No"
                },
                  {
                 "ID":[4,1,3701],
                "A_Name":"Conda",
                "Longlat":[14.333,-11.105],
                "A_Upop":[0,0,0,0,0,0,13374,21792],
                "Metropole":"No"
                },
                  {
                 "ID":[4,1,3857],
                "A_Name":"Tomboco",
                "Longlat":[13.326,-6.811],
                "A_Upop":[0,0,0,0,0,0,10777,20867],
                "Metropole":"No"
                },
                  {
                 "ID":[4,1,3922],
                "A_Name":"Golungo Alto",
                "Longlat":[14.772,-9.138],
                "A_Upop":[0,0,0,0,0,0,12686,20492],
                "Metropole":"No"
                },
                  {
                 "ID":[4,1,3999],
                "A_Name":"Lumbala",
                "Longlat":[21.432,-14.1],
                "A_Upop":[0,0,0,0,0,0,0,20123],
                "Metropole":"No"
                },
                  {
                 "ID":[4,1,4055],
                "A_Name":"Lucala",
                "Longlat":[15.239,-9.267],
                "A_Upop":[0,0,0,0,0,0,0,19908],
                "Metropole":"No"
                },
                  {
                 "ID":[4,1,4245],
                "A_Name":"Landana",
                "Longlat":[12.145,-5.235],
                "A_Upop":[0,0,0,0,0,0,16253,19112],
                "Metropole":"No"
                },
                  {
                 "ID":[4,1,4390],
                "A_Name":"Alto Hama",
                "Longlat":[15.551,-12.225],
                "A_Upop":[0,0,0,0,0,0,10010,18450],
                "Metropole":"No"
                },
                  {
                 "ID":[4,1,4552],
                "A_Name":"Cambundi-Catembo",
                "Longlat":[17.545,-10.072],
                "A_Upop":[0,0,0,0,0,0,10128,17642],
                "Metropole":"No"
                },
                  {
                 "ID":[4,1,4613],
                "A_Name":"Logonjo",
                "Longlat":[15.246,-12.909],
                "A_Upop":[0,0,0,0,0,0,10264,17425],
                "Metropole":"No"
                },
                  {
                 "ID":[4,1,4812],
                "A_Name":"Cangandala",
                "Longlat":[16.43,-9.784],
                "A_Upop":[0,0,0,0,0,0,0,16638],
                "Metropole":"No"
                },
                  {
                 "ID":[4,1,4836],
                "A_Name":"Cuchi",
                "Longlat":[16.909,-14.654],
                "A_Upop":[0,0,0,0,0,0,0,16553],
                "Metropole":"No"
                },
                  {
                 "ID":[4,1,4928],
                "A_Name":"Caconda",
                "Longlat":[15.059,-13.732],
                "A_Upop":[0,0,0,0,0,0,0,16253],
                "Metropole":"No"
                },
                  {
                 "ID":[4,1,4977],
                "A_Name":"Luimbale",
                "Longlat":[15.315,-12.242],
                "A_Upop":[0,0,0,0,0,0,0,16085],
                "Metropole":"No"
                },
                  {
                 "ID":[4,1,5144],
                "A_Name":"Damba",
                "Longlat":[15.126,-6.677],
                "A_Upop":[0,0,0,0,0,0,0,15538],
                "Metropole":"No"
                },
                  {
                 "ID":[4,1,5337],
                "A_Name":"Caimbambo",
                "Longlat":[14.002,-13.032],
                "A_Upop":[0,0,0,0,0,10000,14144,14908],
                "Metropole":"No"
                },
                  {
                 "ID":[4,1,5451],
                "A_Name":"Andulo",
                "Longlat":[16.698,-11.486],
                "A_Upop":[0,0,0,0,0,16700,17675,14520],
                "Metropole":"No"
                },
                  {
                 "ID":[4,1,5475],
                "A_Name":"Lumeje",
                "Longlat":[20.778,-11.56],
                "A_Upop":[0,0,0,0,0,0,0,14491],
                "Metropole":"No"
                },
                  {
                 "ID":[4,1,5489],
                "A_Name":"Calenga",
                "Longlat":[15.467,-12.845],
                "A_Upop":[0,0,0,0,0,0,13205,14445],
                "Metropole":"No"
                },
                  {
                 "ID":[4,1,5520],
                "A_Name":"Cuango luzamba",
                "Longlat":[18.046,-9.142],
                "A_Upop":[0,0,0,0,0,0,12571,14350],
                "Metropole":"No"
                },
                  {
                 "ID":[4,1,5522],
                "A_Name":"Ecunha",
                "Longlat":[15.509,-12.683],
                "A_Upop":[0,0,0,0,0,0,0,14347],
                "Metropole":"No"
                },
                  {
                 "ID":[4,1,5615],
                "A_Name":"Quilenda",
                "Longlat":[14.338,-10.646],
                "A_Upop":[0,0,0,0,0,0,0,14069],
                "Metropole":"No"
                },
                  {
                 "ID":[4,1,5694],
                "A_Name":"Cacolo",
                "Longlat":[19.27,-10.142],
                "A_Upop":[0,0,0,0,0,0,0,13835],
                "Metropole":"No"
                },
                  {
                 "ID":[4,1,5798],
                "A_Name":"Bucau Zau",
                "Longlat":[12.552,-4.768],
                "A_Upop":[0,0,0,0,0,0,0,13547],
                "Metropole":"No"
                },
                  {
                 "ID":[4,1,5909],
                "A_Name":"Camanongue",
                "Longlat":[20.166,-11.434],
                "A_Upop":[0,0,0,0,0,0,0,13253],
                "Metropole":"No"
                },
                  {
                 "ID":[4,1,5972],
                "A_Name":"Cahama",
                "Longlat":[14.298,-16.273],
                "A_Upop":[0,0,0,0,0,0,0,13086],
                "Metropole":"No"
                },
                  {
                 "ID":[4,1,5985],
                "A_Name":"Polígono sem título",
                "Longlat":[16.025,-14.694],
                "A_Upop":[0,0,0,0,0,0,0,13053],
                "Metropole":"No"
                },
                  {
                 "ID":[4,1,6139],
                "A_Name":"Chongoroi",
                "Longlat":[13.94,-13.576],
                "A_Upop":[0,0,0,0,0,0,0,12696],
                "Metropole":"No"
                },
                  {
                 "ID":[4,1,6206],
                "A_Name":"Chibia",
                "Longlat":[13.691,-15.186],
                "A_Upop":[0,0,0,0,0,0,0,12527],
                "Metropole":"No"
                },
                  {
                 "ID":[4,1,6286],
                "A_Name":"Chipindo",
                "Longlat":[15.79,-13.822],
                "A_Upop":[0,0,0,0,0,0,12293,12350],
                "Metropole":"No"
                },
                  {
                 "ID":[4,1,6497],
                "A_Name":"Ambriz",
                "Longlat":[13.11,-7.847],
                "A_Upop":[0,0,0,0,0,15400,15155,11931],
                "Metropole":"No"
                },
                  {
                 "ID":[4,1,6595],
                "A_Name":"Mavinga",
                "Longlat":[20.368,-15.794],
                "A_Upop":[0,0,0,0,0,0,0,11710],
                "Metropole":"No"
                },
                  {
                 "ID":[4,1,6785],
                "A_Name":"Camacupa",
                "Longlat":[17.48,-12.016],
                "A_Upop":[0,0,0,0,0,0,11182,11316],
                "Metropole":"No"
                },
                  {
                 "ID":[4,1,6912],
                "A_Name":"Bibala",
                "Longlat":[13.352,-14.758],
                "A_Upop":[0,0,0,0,0,0,0,11061],
                "Metropole":"No"
                },
                  {
                 "ID":[4,1,7424],
                "A_Name":"Pinheiro",
                "Longlat":[15.656,-12.797],
                "A_Upop":[0,0,0,0,0,0,0,10250],
                "Metropole":"No"
                },
                  {
                "ID":[4,1,7504],
                "A_Name":"Assango",
                "Longlat":[14.596,-10.855],
                "A_Upop":[0,0,0,0,0,0,0,10151],
                "Metropole":"No"
                }]
}