{
    "EN_country":"Benin",
    "FR_country":"Bénin",
    "ID":[5,3,0],
    "Upop":[79000,229300,371649,839689,1323824,2119686,3572869],
    "Urbanlevel":[0.05,0.1,0.14,0.24,0.28,0.33,0.4,0.49],
    "Numagglos":[4,7,9,20,26,41,81,122],
    "Mpop":[0.63,0.62,0.68,0.6,0.58,0.55,0.44,0.4],
    "ADBA":[45,62,43,40,34,25,17,14.2],
    "Agglomerations":[
    {
                 "ID":[5,3,52],
                "A_Name":"Cotonou",
                "Longlat":[2.358,6.501],
                "A_Upop":[21000,78300,162166,344021,529599,845680,1092682,1527277],
                "Metropole":"Yes"
                },
                  {
                 "ID":[5,3,118],
                "A_Name":"Porto Novo",
                "Longlat":[2.625,6.55],
                "A_Upop":[29000,64000,91673,158945,237686,310265,469908,572430],
                "Metropole":"Yes"
                },
                  {
                 "ID":[5,3,255],
                "A_Name":"Parakou",
                "Longlat":[2.601,9.353],
                "A_Upop":[0,14000,19203,59099,91423,133579,211055,260188],
                "Metropole":"No"
                },
                  {
                 "ID":[5,3,261],
                "A_Name":"Abomey",
                "Longlat":[2.037,7.185],
                "A_Upop":[15000,21000,22265,31470,47342,57187,192032,256757],
                "Metropole":"No"
                },
                  {
                 "ID":[5,3,871],
                "A_Name":"Djougou",
                "Longlat":[1.663,9.705],
                "A_Upop":[0,0,10841,25037,37231,48645,69218,82509],
                "Metropole":"No"
                },
                  {
                 "ID":[5,3,897],
                "A_Name":"Ekpé",
                "Longlat":[2.549,6.396],
                "A_Upop":[0,0,0,11059,14913,30454,61565,80637],
                "Metropole":"No"
                },
                  {
                 "ID":[5,3,902],
                "A_Name":"Avrankou",
                "Longlat":[2.619,6.594],
                "A_Upop":[0,0,0,0,10432,20110,28673,80128],
                "Metropole":"No"
                },
                  {
                 "ID":[5,3,976],
                "A_Name":"Azove",
                "Longlat":[1.727,6.95],
                "A_Upop":[0,0,0,0,0,0,22098,74353],
                "Metropole":"No"
                },
                  {
                 "ID":[5,3,1150],
                "A_Name":"Cove",
                "Longlat":[2.407,7.217],
                "A_Upop":[0,20500,19033,18209,21810,21479,38792,64940],
                "Metropole":"No"
                },
                  {
                 "ID":[5,3,1218],
                "A_Name":"Malanville",
                "Longlat":[3.385,11.856],
                "A_Upop":[0,0,0,11443,21185,30208,48961,60806],
                "Metropole":"No"
                },
                  {
                 "ID":[5,3,1374],
                "A_Name":"Kétou",
                "Longlat":[2.605,7.355],
                "A_Upop":[0,0,0,0,14435,23165,35155,54496],
                "Metropole":"No"
                },
                  {
                 "ID":[5,3,1472],
                "A_Name":"Pobé",
                "Longlat":[2.659,6.977],
                "A_Upop":[0,0,0,12663,19967,29665,42516,50804],
                "Metropole":"No"
                },
                  {
                 "ID":[5,3,1490],
                "A_Name":"Ouessé Centre",
                "Longlat":[2.423,8.495],
                "A_Upop":[0,0,0,0,0,22701,40889,50078],
                "Metropole":"No"
                },
                  {
                 "ID":[5,3,1632],
                "A_Name":"Ouidah",
                "Longlat":[2.079,6.369],
                "A_Upop":[14000,19000,20025,22615,26029,30510,36850,46439],
                "Metropole":"No"
                },
                  {
                 "ID":[5,3,1660],
                "A_Name":"Comé",
                "Longlat":[1.891,6.409],
                "A_Upop":[0,0,0,11709,15661,23101,36891,45672],
                "Metropole":"No"
                },
                  {
                 "ID":[5,3,1676],
                "A_Name":"Natitingou",
                "Longlat":[1.385,10.294],
                "A_Upop":[0,0,0,12455,19643,29228,38929,45280],
                "Metropole":"No"
                },
                  {
                 "ID":[5,3,1753],
                "A_Name":"Kandi",
                "Longlat":[2.936,11.128],
                "A_Upop":[0,0,0,13440,19033,19982,34510,43599],
                "Metropole":"No"
                },
                  {
                 "ID":[5,3,1922],
                "A_Name":"Sakété I",
                "Longlat":[2.657,6.733],
                "A_Upop":[0,12500,13256,14233,16468,19901,30426,39855],
                "Metropole":"No"
                },
                  {
                 "ID":[5,3,1951],
                "A_Name":"Sokomey",
                "Longlat":[2.391,6.468],
                "A_Upop":[0,0,0,11036,17264,19977,31632,39427],
                "Metropole":"No"
                },
                  {
                 "ID":[5,3,2006],
                "A_Name":"Kpozoun Kpakpassa",
                "Longlat":[2.111,7.222],
                "A_Upop":[0,0,0,0,0,0,0,38673],
                "Metropole":"No"
                },
                  {
                 "ID":[5,3,2057],
                "A_Name":"Bagnigbe Lokossa",
                "Longlat":[2.686,6.619],
                "A_Upop":[0,0,0,0,0,0,11102,37769],
                "Metropole":"No"
                },
                  {
                 "ID":[5,3,2064],
                "A_Name":"Savalou",
                "Longlat":[1.978,7.934],
                "A_Upop":[0,0,0,13532,16128,24532,32408,37567],
                "Metropole":"No"
                },
                  {
                 "ID":[5,3,2347],
                "A_Name":"Savé",
                "Longlat":[2.49,8.035],
                "A_Upop":[0,0,0,18530,19693,25189,30047,33309],
                "Metropole":"No"
                },
                  {
                 "ID":[5,3,2372],
                "A_Name":"Lokossa",
                "Longlat":[1.716,6.645],
                "A_Upop":[0,0,0,0,14089,25346,29901,32969],
                "Metropole":"No"
                },
                  {
                 "ID":[5,3,2458],
                "A_Name":"Nikki",
                "Longlat":[3.206,9.935],
                "A_Upop":[0,0,0,0,11027,18238,26550,31891],
                "Metropole":"No"
                },
                  {
                 "ID":[5,3,2505],
                "A_Name":"Somai",
                "Longlat":[2.417,6.479],
                "A_Upop":[0,0,0,0,13320,18319,23286,31329],
                "Metropole":"No"
                },
                  {
                 "ID":[5,3,2508],
                "A_Name":"Ifangni/Idi Iroko [BEN]",
                "Longlat":[2.74,6.643],
                "A_Upop":[0,0,0,0,0,0,26079,31322],
                "Metropole":"No"
                },
                  {
                 "ID":[5,3,2541],
                "A_Name":"Dogbo-Tota",
                "Longlat":[1.781,6.798],
                "A_Upop":[0,0,0,13550,18327,21011,27019,30975],
                "Metropole":"No"
                },
                  {
                 "ID":[5,3,2698],
                "A_Name":"Banikoara",
                "Longlat":[2.439,11.3],
                "A_Upop":[0,0,0,0,0,14002,23364,29251],
                "Metropole":"No"
                },
                  {
                 "ID":[5,3,2720],
                "A_Name":"Glazoué",
                "Longlat":[2.239,7.961],
                "A_Upop":[0,0,0,0,0,15381,23757,29084],
                "Metropole":"No"
                },
                  {
                 "ID":[5,3,2830],
                "A_Name":"Dassa-Zoumé",
                "Longlat":[2.195,7.778],
                "A_Upop":[0,0,0,0,12946,19159,24130,28011],
                "Metropole":"No"
                },
                  {
                 "ID":[5,3,2957],
                "A_Name":"Tchatchou",
                "Longlat":[2.558,9.124],
                "A_Upop":[0,0,0,0,0,11134,20857,26873],
                "Metropole":"No"
                },
                  {
                 "ID":[5,3,3084],
                "A_Name":"Allada",
                "Longlat":[2.139,6.675],
                "A_Upop":[0,0,0,0,0,10211,14937,25763],
                "Metropole":"No"
                },
                  {
                 "ID":[5,3,3149],
                "A_Name":"Sémé-Kpodji",
                "Longlat":[2.61,6.377],
                "A_Upop":[0,0,0,0,0,11785,20034,25207],
                "Metropole":"No"
                },
                  {
                 "ID":[5,3,3314],
                "A_Name":"Ikpinle",
                "Longlat":[2.623,6.903],
                "A_Upop":[0,0,0,0,0,10775,15588,24090],
                "Metropole":"No"
                },
                  {
                 "ID":[5,3,3335],
                "A_Name":"Banté",
                "Longlat":[1.89,8.415],
                "A_Upop":[0,0,0,0,0,13792,17023,23958],
                "Metropole":"No"
                },
                  {
                 "ID":[5,3,3417],
                "A_Name":"Glogbo/Seme [BEN]",
                "Longlat":[2.705,6.386],
                "A_Upop":[0,0,0,0,0,0,15031,23456],
                "Metropole":"No"
                },
                  {
                 "ID":[5,3,3430],
                "A_Name":"Worogui",
                "Longlat":[2.596,8.892],
                "A_Upop":[0,0,0,0,0,0,19515,23366],
                "Metropole":"No"
                },
                  {
                 "ID":[5,3,3521],
                "A_Name":"Klouekanme",
                "Longlat":[1.843,6.975],
                "A_Upop":[0,0,0,0,0,10704,14500,22858],
                "Metropole":"No"
                },
                  {
                 "ID":[5,3,3544],
                "A_Name":"Ouaké/Kemerida [BEN]",
                "Longlat":[1.377,9.668],
                "A_Upop":[0,0,0,0,0,0,13561,22727],
                "Metropole":"No"
                },
                  {
                 "ID":[5,3,3574],
                "A_Name":"Adja Tokpa I",
                "Longlat":[1.979,6.448],
                "A_Upop":[0,0,0,0,0,0,0,22519],
                "Metropole":"No"
                },
                  {
                 "ID":[5,3,3667],
                "A_Name":"Lobogo Gbédé Comé",
                "Longlat":[1.907,6.625],
                "A_Upop":[0,0,0,0,0,10859,16579,21993],
                "Metropole":"No"
                },
                  {
                 "ID":[5,3,3727],
                "A_Name":"Manigri Oké",
                "Longlat":[1.735,8.974],
                "A_Upop":[0,0,0,0,0,0,18272,21553],
                "Metropole":"No"
                },
                  {
                 "ID":[5,3,3845],
                "A_Name":"Partago",
                "Longlat":[1.913,9.535],
                "A_Upop":[0,0,0,0,0,11647,16403,20936],
                "Metropole":"No"
                },
                  {
                 "ID":[5,3,3909],
                "A_Name":"Doko-Centre",
                "Longlat":[1.811,6.86],
                "A_Upop":[0,0,0,0,0,0,17689,20590],
                "Metropole":"No"
                },
                  {
                 "ID":[5,3,3938],
                "A_Name":"Kérou",
                "Longlat":[2.12,10.819],
                "A_Upop":[0,0,0,0,0,0,11624,20405],
                "Metropole":"No"
                },
                  {
                 "ID":[5,3,3939],
                "A_Name":"Tanguiéta",
                "Longlat":[1.266,10.628],
                "A_Upop":[0,0,0,0,0,13363,17612,20400],
                "Metropole":"No"
                },
                  {
                 "ID":[5,3,3944],
                "A_Name":"N'Dali",
                "Longlat":[2.72,9.859],
                "A_Upop":[0,0,0,0,0,11866,17047,20388],
                "Metropole":"No"
                },
                  {
                 "ID":[5,3,4075],
                "A_Name":"Aniviékomé",
                "Longlat":[2.544,6.459],
                "A_Upop":[0,0,0,0,0,0,15925,19844],
                "Metropole":"No"
                },
                  {
                 "ID":[5,3,4103],
                "A_Name":"Allawénoussa",
                "Longlat":[2.185,8.217],
                "A_Upop":[0,0,0,0,0,0,16638,19702],
                "Metropole":"No"
                },
                  {
                 "ID":[5,3,4251],
                "A_Name":"Zingon",
                "Longlat":[2.344,7.315],
                "A_Upop":[0,0,0,0,0,0,0,19099],
                "Metropole":"No"
                },
                  {
                 "ID":[5,3,4284],
                "A_Name":"Dejregbé",
                "Longlat":[2.62,6.431],
                "A_Upop":[0,0,0,0,0,0,14596,18925],
                "Metropole":"No"
                },
                  {
                 "ID":[5,3,4404],
                "A_Name":"Sompérékou",
                "Longlat":[2.485,11.319],
                "A_Upop":[0,0,0,0,0,0,11789,18402],
                "Metropole":"No"
                },
                  {
                 "ID":[5,3,4406],
                "A_Name":"Sinaourarou",
                "Longlat":[1.999,10.231],
                "A_Upop":[0,0,0,0,0,0,13730,18393],
                "Metropole":"No"
                },
                  {
                 "ID":[5,3,4478],
                "A_Name":"Founougo",
                "Longlat":[2.538,11.478],
                "A_Upop":[0,0,0,0,0,10164,14981,18070],
                "Metropole":"No"
                },
                  {
                 "ID":[5,3,4503],
                "A_Name":"Damé",
                "Longlat":[2.497,6.584],
                "A_Upop":[0,0,0,0,0,0,11923,17903],
                "Metropole":"No"
                },
                  {
                 "ID":[5,3,4569],
                "A_Name":"Segbana",
                "Longlat":[3.692,10.925],
                "A_Upop":[0,0,0,0,0,0,14223,17580],
                "Metropole":"No"
                },
                  {
                 "ID":[5,3,4579],
                "A_Name":"Agbozounkpa",
                "Longlat":[2.271,6.925],
                "A_Upop":[0,0,0,0,0,0,15032,17523],
                "Metropole":"No"
                },
                  {
                 "ID":[5,3,4788],
                "A_Name":"Gbada",
                "Longlat":[2.535,6.63],
                "A_Upop":[0,0,0,0,0,0,0,16745],
                "Metropole":"No"
                },
                  {
                 "ID":[5,3,4815],
                "A_Name":"Djakotomey Centre",
                "Longlat":[1.721,6.905],
                "A_Upop":[0,0,0,0,0,0,0,16630],
                "Metropole":"No"
                },
                  {
                 "ID":[5,3,4856],
                "A_Name":"Doméguédji",
                "Longlat":[2.455,6.497],
                "A_Upop":[0,0,0,0,0,0,0,16479],
                "Metropole":"No"
                },
                  {
                 "ID":[5,3,4930],
                "A_Name":"Bassila",
                "Longlat":[1.672,9.007],
                "A_Upop":[0,0,0,0,0,0,12877,16242],
                "Metropole":"No"
                },
                  {
                 "ID":[5,3,4937],
                "A_Name":"Doutou",
                "Longlat":[1.877,6.569],
                "A_Upop":[0,0,0,0,0,0,10302,16215],
                "Metropole":"No"
                },
                  {
                 "ID":[5,3,4940],
                "A_Name":"Tokan",
                "Longlat":[1.919,6.458],
                "A_Upop":[0,0,0,0,0,0,11313,16204],
                "Metropole":"No"
                },
                  {
                 "ID":[5,3,4950],
                "A_Name":"Goumori",
                "Longlat":[2.298,11.175],
                "A_Upop":[0,0,0,0,0,0,0,16188],
                "Metropole":"No"
                },
                  {
                 "ID":[5,3,5001],
                "A_Name":"Agon",
                "Longlat":[2.225,6.834],
                "A_Upop":[0,0,0,0,0,0,0,16034],
                "Metropole":"No"
                },
                  {
                 "ID":[5,3,5032],
                "A_Name":"Aligoudo",
                "Longlat":[2.178,7.244],
                "A_Upop":[0,0,0,0,0,0,0,15975],
                "Metropole":"No"
                },
                  {
                 "ID":[5,3,5056],
                "A_Name":"Gouka",
                "Longlat":[1.963,8.138],
                "A_Upop":[0,0,0,0,0,0,0,15856],
                "Metropole":"No"
                },
                  {
                 "ID":[5,3,5153],
                "A_Name":"Sekere-Gando",
                "Longlat":[2.45,10.444],
                "A_Upop":[0,0,0,0,0,0,12808,15515],
                "Metropole":"No"
                },
                  {
                 "ID":[5,3,5155],
                "A_Name":"Garou",
                "Longlat":[3.475,11.798],
                "A_Upop":[0,0,0,0,0,0,12808,15512],
                "Metropole":"No"
                },
                  {
                 "ID":[5,3,5173],
                "A_Name":"Colli Bossouvi",
                "Longlat":[2.177,6.812],
                "A_Upop":[0,0,0,0,0,0,12851,15455],
                "Metropole":"No"
                },
                  {
                 "ID":[5,3,5217],
                "A_Name":"Agbangnizoun",
                "Longlat":[1.971,7.079],
                "A_Upop":[0,0,0,0,0,0,0,15317],
                "Metropole":"No"
                },
                  {
                 "ID":[5,3,5233],
                "A_Name":"Sé",
                "Longlat":[1.822,6.515],
                "A_Upop":[0,0,0,0,0,10639,13421,15265],
                "Metropole":"No"
                },
                  {
                 "ID":[5,3,5319],
                "A_Name":"Gamia Est",
                "Longlat":[2.728,10.394],
                "A_Upop":[0,0,0,0,0,0,12860,14969],
                "Metropole":"No"
                },
                  {
                 "ID":[5,3,5361],
                "A_Name":"Kalalé",
                "Longlat":[3.382,10.292],
                "A_Upop":[0,0,0,0,0,0,0,14828],
                "Metropole":"No"
                },
                  {
                 "ID":[5,3,5381],
                "A_Name":"Idigny Centre",
                "Longlat":[2.715,7.48],
                "A_Upop":[0,0,0,0,0,0,12956,14758],
                "Metropole":"No"
                },
                  {
                 "ID":[5,3,5394],
                "A_Name":"Aného/Hilacondji [BEN]",
                "Longlat":[1.645,6.243],
                "A_Upop":[0,0,0,0,0,0,0,14713],
                "Metropole":"No"
                },
                  {
                 "ID":[5,3,5395],
                "A_Name":"Materi",
                "Longlat":[1.07,10.695],
                "A_Upop":[0,0,0,0,0,0,10667,14712],
                "Metropole":"No"
                },
                  {
                 "ID":[5,3,5419],
                "A_Name":"Donga",
                "Longlat":[2.021,9.741],
                "A_Upop":[0,0,0,0,0,10906,13148,14649],
                "Metropole":"No"
                },
                  {
                 "ID":[5,3,5445],
                "A_Name":"Tchingayare (Séméré)",
                "Longlat":[1.373,9.559],
                "A_Upop":[0,0,0,0,0,0,12079,14557],
                "Metropole":"No"
                },
                  {
                 "ID":[5,3,5545],
                "A_Name":"Ahomey Glon",
                "Longlat":[2.407,6.546],
                "A_Upop":[0,0,0,0,0,0,0,14258],
                "Metropole":"No"
                },
                  {
                 "ID":[5,3,5648],
                "A_Name":"Adjaglimey",
                "Longlat":[1.951,6.899],
                "A_Upop":[0,0,0,0,0,0,0,13998],
                "Metropole":"No"
                },
                  {
                 "ID":[5,3,5724],
                "A_Name":"Gbanlin",
                "Longlat":[2.363,8.496],
                "A_Upop":[0,0,0,0,0,0,0,13746],
                "Metropole":"No"
                },
                  {
                 "ID":[5,3,5734],
                "A_Name":"Adjégounlé",
                "Longlat":[2.605,6.824],
                "A_Upop":[0,0,0,0,0,0,10663,13714],
                "Metropole":"No"
                },
                  {
                 "ID":[5,3,5761],
                "A_Name":"Kolokonde",
                "Longlat":[1.783,9.896],
                "A_Upop":[0,0,0,0,0,0,0,13659],
                "Metropole":"No"
                },
                  {
                 "ID":[5,3,5803],
                "A_Name":"Gourou",
                "Longlat":[2.382,10.344],
                "A_Upop":[0,0,0,0,0,0,11255,13527],
                "Metropole":"No"
                },
                  {
                 "ID":[5,3,5807],
                "A_Name":"*Dogodo",
                "Longlat":[2.549,6.485],
                "A_Upop":[0,0,0,0,0,0,10608,13523],
                "Metropole":"No"
                },
                  {
                 "ID":[5,3,5893],
                "A_Name":"Guimaro-Sinakpagourou",
                "Longlat":[1.732,10.567],
                "A_Upop":[0,0,0,0,0,0,0,13297],
                "Metropole":"No"
                },
                  {
                 "ID":[5,3,6043],
                "A_Name":"Gbeko",
                "Longlat":[2.448,6.62],
                "A_Upop":[0,0,0,0,0,0,11010,12935],
                "Metropole":"No"
                },
                  {
                 "ID":[5,3,6090],
                "A_Name":"Pira Adjigo",
                "Longlat":[1.726,8.495],
                "A_Upop":[0,0,0,0,0,0,11593,12802],
                "Metropole":"No"
                },
                  {
                 "ID":[5,3,6108],
                "A_Name":"Kabo",
                "Longlat":[3.056,9.187],
                "A_Upop":[0,0,0,0,12117,15324,17794,12768],
                "Metropole":"No"
                },
                  {
                 "ID":[5,3,6130],
                "A_Name":"Kilibo Olata",
                "Longlat":[2.599,8.575],
                "A_Upop":[0,0,0,0,0,0,10346,12707],
                "Metropole":"No"
                },
                  {
                 "ID":[5,3,6340],
                "A_Name":"Aplahoué",
                "Longlat":[1.673,6.941],
                "A_Upop":[0,0,0,0,0,0,0,12236],
                "Metropole":"No"
                },
                  {
                 "ID":[5,3,6377],
                "A_Name":"Sori",
                "Longlat":[2.782,10.721],
                "A_Upop":[0,0,0,0,0,0,0,12151],
                "Metropole":"No"
                },
                  {
                 "ID":[5,3,6383],
                "A_Name":"Tchetti",
                "Longlat":[1.663,7.828],
                "A_Upop":[0,0,0,0,0,0,0,12145],
                "Metropole":"No"
                },
                  {
                 "ID":[5,3,6506],
                "A_Name":"Adjaha",
                "Longlat":[2.41,8.303],
                "A_Upop":[0,0,0,0,0,0,0,11920],
                "Metropole":"No"
                },
                  {
                 "ID":[5,3,6522],
                "A_Name":"Abolou",
                "Longlat":[2.165,6.842],
                "A_Upop":[0,0,0,0,0,0,0,11890],
                "Metropole":"No"
                },
                  {
                 "ID":[5,3,6528],
                "A_Name":"Djidja Mandjavi",
                "Longlat":[1.934,7.348],
                "A_Upop":[0,0,0,0,0,0,0,11873],
                "Metropole":"No"
                },
                  {
                 "ID":[5,3,6590],
                "A_Name":"Copargo",
                "Longlat":[1.549,9.838],
                "A_Upop":[0,0,0,0,0,0,0,11719],
                "Metropole":"No"
                },
                  {
                 "ID":[5,3,6651],
                "A_Name":"Toui-Centre",
                "Longlat":[2.592,8.682],
                "A_Upop":[0,0,0,0,0,0,0,11602],
                "Metropole":"No"
                },
                  {
                 "ID":[5,3,6691],
                "A_Name":"Ilare",
                "Longlat":[1.884,8.443],
                "A_Upop":[0,0,0,0,0,0,0,11517],
                "Metropole":"No"
                },
                  {
                 "ID":[5,3,6752],
                "A_Name":"Adjohoun",
                "Longlat":[2.482,6.719],
                "A_Upop":[0,0,0,0,0,0,0,11388],
                "Metropole":"No"
                },
                  {
                 "ID":[5,3,6762],
                "A_Name":"Tori",
                "Longlat":[2.167,6.509],
                "A_Upop":[0,0,0,0,0,0,0,11358],
                "Metropole":"No"
                },
                  {
                 "ID":[5,3,6872],
                "A_Name":"Tozoungo",
                "Longlat":[2.465,7.011],
                "A_Upop":[0,0,0,0,0,0,0,11140],
                "Metropole":"No"
                },
                  {
                 "ID":[5,3,6876],
                "A_Name":"Oke-Odan",
                "Longlat":[2.61,6.997],
                "A_Upop":[0,0,0,0,0,0,10133,11123],
                "Metropole":"No"
                },
                  {
                 "ID":[5,3,6978],
                "A_Name":"Légo",
                "Longlat":[1.981,7.039],
                "A_Upop":[0,0,0,0,0,0,0,10980],
                "Metropole":"No"
                },
                  {
                 "ID":[5,3,7133],
                "A_Name":"Toviklin",
                "Longlat":[1.833,6.895],
                "A_Upop":[0,0,0,0,0,0,0,10691],
                "Metropole":"No"
                },
                  {
                 "ID":[5,3,7151],
                "A_Name":"Houinta",
                "Longlat":[2.54,6.528],
                "A_Upop":[0,0,0,0,0,0,0,10659],
                "Metropole":"No"
                },
                  {
                 "ID":[5,3,7166],
                "A_Name":"Gogounou",
                "Longlat":[2.836,10.842],
                "A_Upop":[0,0,0,0,0,0,0,10632],
                "Metropole":"No"
                },
                  {
                 "ID":[5,3,7273],
                "A_Name":"Domé",
                "Longlat":[2.226,7.68],
                "A_Upop":[0,0,0,0,0,0,0,10470],
                "Metropole":"No"
                },
                  {
                 "ID":[5,3,7308],
                "A_Name":"Ina",
                "Longlat":[2.729,9.965],
                "A_Upop":[0,0,0,0,0,0,0,10419],
                "Metropole":"No"
                },
                  {
                 "ID":[5,3,7356],
                "A_Name":"Madécali",
                "Longlat":[3.547,11.703],
                "A_Upop":[0,0,0,0,0,0,0,10345],
                "Metropole":"No"
                },
                  {
                 "ID":[5,3,7381],
                "A_Name":"Kossou",
                "Longlat":[2.672,10.226],
                "A_Upop":[0,0,0,0,0,0,0,10311],
                "Metropole":"No"
                },
                  {
                 "ID":[5,3,7410],
                "A_Name":"Kétonou",
                "Longlat":[2.573,6.43],
                "A_Upop":[0,0,0,0,0,0,0,10283],
                "Metropole":"No"
                },
                  {
                 "ID":[5,3,7417],
                "A_Name":"Houssoukoué",
                "Longlat":[1.783,6.27],
                "A_Upop":[0,0,0,0,0,0,0,10262],
                "Metropole":"No"
                },
                  {
                 "ID":[5,3,7445],
                "A_Name":"Onklou",
                "Longlat":[1.986,9.502],
                "A_Upop":[0,0,0,0,0,0,0,10224],
                "Metropole":"No"
                },
                  {
                 "ID":[5,3,7473],
                "A_Name":"Lokogba Centre",
                "Longlat":[1.876,6.869],
                "A_Upop":[0,0,0,0,0,0,0,10198],
                "Metropole":"No"
                },
                  {
                 "ID":[5,3,7476],
                "A_Name":"Péréré",
                "Longlat":[2.991,9.795],
                "A_Upop":[0,0,0,0,0,0,0,10187],
                "Metropole":"No"
                },
                  {
                 "ID":[5,3,7489],
                "A_Name":"Alédjo",
                "Longlat":[1.441,9.346],
                "A_Upop":[0,0,0,0,0,0,0,10169],
                "Metropole":"No"
                },
                  {
                 "ID":[5,3,7499],
                "A_Name":"Gbakéhoué",
                "Longlat":[1.668,6.761],
                "A_Upop":[0,0,0,0,0,0,0,10155],
                "Metropole":"No"
                },
                  {
                 "ID":[5,3,7516],
                "A_Name":"Adakplamé",
                "Longlat":[2.56,7.453],
                "A_Upop":[0,0,0,0,0,0,0,10120],
                "Metropole":"No"
                },
                  {
                 "ID":[5,3,7607],
                "A_Name":"Badjoudé",
                "Longlat":[1.417,9.715],
                "A_Upop":[0,0,0,0,0,0,0,10007],
                "Metropole":"No"
                },
                  {
                 "ID":[5,3,7655],
                "A_Name":"Bohicon",
                "Longlat":[2.062,7.174],
                "A_Upop":[0,0,13186,24216,40174,74829,0,0],
                "Metropole":"No"
                },
                  {
                 "ID":[5,3,8157],
                "A_Name":"Abomey-Calavy",
                "Longlat":[2.354,6.459],
                "A_Upop":[0,0,0,0,17995,0,0,0],
                "Metropole":"No"
                },
                  {
                 "ID":[5,3,8158],
                "A_Name":"Akpro-Missérété",
                "Longlat":[2.589,6.56],
                "A_Upop":[0,0,0,12427,0,0,0,0],
                "Metropole":"No"
                },
                  {
                 "ID":[5,3,8294],
                "A_Name":"Adovié",
                "Longlat":[2.266,6.401],
                "A_Upop":[0,0,0,0,0,0,32170,0],
                "Metropole":"No"
                },
                  {
                 "ID":[5,3,8295],
                "A_Name":"Akadjamé",
                "Longlat":[2.231,6.364001],
                "A_Upop":[0,0,0,0,0,0,14758,0],
                "Metropole":"No"
                },
                  {
                 "ID":[5,3,8296],
                "A_Name":"Pahou",
                "Longlat":[2.21,6.384],
                "A_Upop":[0,0,0,0,0,0,18656,0],
                "Metropole":"No"
                },
                  {
                 "ID":[5,3,8297],
                "A_Name":"Sékou Centre",
                "Longlat":[2.225,6.635],
                "A_Upop":[0,0,0,0,0,0,14607,0],
                "Metropole":"No"
                },
                  {
                "ID":[5,3,8298],
                "A_Name":"Tchaada",
                "Longlat":[2.69,6.596],
                "A_Upop":[0,0,0,0,0,0,11516,0],
                "Metropole":"No"
                }]
}