{
    "EN_country":"Botswana",
    "FR_country":"Botswana",
    "ID":[4,5,0],
    "Upop":[0,0,79418,246850,518387,799877,1066918],
    "Urbanlevel":[0,0,0.13,0.28,0.41,0.49,0.53,0.56],
    "Numagglos":[0,0,6,11,17,21,23,25],
    "Mpop":[0,0,0.18,0.21,0.26,0.26,0.28,0.3],
    "ADBA":[0,0,79,92,59,53,59,54.6],
    "Agglomerations":[
    {
                 "ID":[4,5,180],
                "A_Name":"Gaborone",
                "Longlat":[25.89,-24.62],
                "A_Upop":[0,0,14324,52199,134211,209298,301900,365444],
                "Metropole":"Yes"
                },
                  {
                 "ID":[4,5,659],
                "A_Name":"Francistown",
                "Longlat":[27.519,-21.202],
                "A_Upop":[0,0,16778,29363,60130,80851,97068,106823],
                "Metropole":"No"
                },
                  {
                 "ID":[4,5,1027],
                "A_Name":"Molepolole",
                "Longlat":[25.527,-24.389],
                "A_Upop":[0,0,0,18890,34628,52268,65039,71138],
                "Metropole":"No"
                },
                  {
                 "ID":[4,5,1115],
                "A_Name":"Maun",
                "Longlat":[23.405,-19.999],
                "A_Upop":[0,0,0,14234,25102,41470,58181,66660],
                "Metropole":"No"
                },
                  {
                 "ID":[4,5,1286],
                "A_Name":"Mochudi",
                "Longlat":[26.153,-24.405],
                "A_Upop":[0,0,0,16533,24635,39229,49047,58121],
                "Metropole":"No"
                },
                  {
                 "ID":[4,5,1385],
                "A_Name":"Serowe",
                "Longlat":[26.722,-22.402],
                "A_Upop":[0,0,15003,22633,29456,40894,49823,54104],
                "Metropole":"No"
                },
                  {
                 "ID":[4,5,1509],
                "A_Name":"Kanye",
                "Longlat":[25.331,-24.984],
                "A_Upop":[0,0,10265,18849,29876,39486,46259,49530],
                "Metropole":"No"
                },
                  {
                 "ID":[4,5,1536],
                "A_Name":"Selibe Phikwe",
                "Longlat":[27.845,-21.975],
                "A_Upop":[0,0,0,24213,38482,48626,49459,48951],
                "Metropole":"No"
                },
                  {
                 "ID":[4,5,1686],
                "A_Name":"Mahalapye",
                "Longlat":[26.83,-23.104],
                "A_Upop":[0,0,11775,19523,27154,38232,42881,45146],
                "Metropole":"No"
                },
                  {
                 "ID":[4,5,1871],
                "A_Name":"Palapye",
                "Longlat":[27.119,-22.542],
                "A_Upop":[0,0,0,0,16235,25114,35855,40874],
                "Metropole":"No"
                },
                  {
                 "ID":[4,5,1876],
                "A_Name":"Tlokweng",
                "Longlat":[25.987,-24.558],
                "A_Upop":[0,0,0,0,11651,19944,34222,40740],
                "Metropole":"No"
                },
                  {
                 "ID":[4,5,2497],
                "A_Name":"Ramotswa",
                "Longlat":[25.85,-24.873],
                "A_Upop":[0,0,0,12332,17953,20450,27900,31405],
                "Metropole":"No"
                },
                  {
                 "ID":[4,5,2780],
                "A_Name":"Lobatse",
                "Longlat":[25.684,-25.211],
                "A_Upop":[0,0,11273,18082,25168,29265,29081,28515],
                "Metropole":"No"
                },
                  {
                 "ID":[4,5,3020],
                "A_Name":"Tonota",
                "Longlat":[27.446,-21.424],
                "A_Upop":[0,0,0,0,10501,15046,23351,26340],
                "Metropole":"No"
                },
                  {
                 "ID":[4,5,3117],
                "A_Name":"Letlhakane",
                "Longlat":[25.578,-21.413],
                "A_Upop":[0,0,0,0,0,14075,21862,25459],
                "Metropole":"No"
                },
                  {
                 "ID":[4,5,3533],
                "A_Name":"Thamaga",
                "Longlat":[25.539,-24.671],
                "A_Upop":[0,0,0,0,12071,17471,21074,22804],
                "Metropole":"No"
                },
                  {
                 "ID":[4,5,3774],
                "A_Name":"Moshupa",
                "Longlat":[25.414,-24.779],
                "A_Upop":[0,0,0,0,10774,16209,19650,21301],
                "Metropole":"No"
                },
                  {
                 "ID":[4,5,3787],
                "A_Name":"Bobonong",
                "Longlat":[28.414,-21.972],
                "A_Upop":[0,0,0,0,0,13628,18796,21224],
                "Metropole":"No"
                },
                  {
                 "ID":[4,5,4178],
                "A_Name":"Jwaneng",
                "Longlat":[24.73,-24.604],
                "A_Upop":[0,0,0,0,10361,14678,17673,19401],
                "Metropole":"No"
                },
                  {
                 "ID":[4,5,4297],
                "A_Name":"Tutume",
                "Longlat":[27.036,-20.49],
                "A_Upop":[0,0,0,0,0,13263,17064,18869],
                "Metropole":"No"
                },
                  {
                 "ID":[4,5,4871],
                "A_Name":"Ghanzi",
                "Longlat":[21.647,-21.696],
                "A_Upop":[0,0,0,0,0,0,14173,16422],
                "Metropole":"No"
                },
                  {
                 "ID":[4,5,6128],
                "A_Name":"Mmadinare",
                "Longlat":[27.752,-21.881],
                "A_Upop":[0,0,0,0,0,10379,11952,12714],
                "Metropole":"No"
                },
                  {
                 "ID":[4,5,6722],
                "A_Name":"Borolong",
                "Longlat":[27.337,-21.109],
                "A_Upop":[0,0,0,0,0,0,0,11462],
                "Metropole":"No"
                },
                  {
                 "ID":[4,5,7293],
                "A_Name":"Kopong",
                "Longlat":[25.892,-24.475],
                "A_Upop":[0,0,0,0,0,0,0,10435],
                "Metropole":"No"
                },
                  {
                 "ID":[4,5,7295],
                "A_Name":"Shoshong",
                "Longlat":[26.515,-23.031],
                "A_Upop":[0,0,0,0,0,0,0,10431],
                "Metropole":"No"
                },
                  {
                "ID":[4,5,8299],
                "A_Name":"Gabane",
                "Longlat":[25.795,-24.665],
                "A_Upop":[0,0,0,0,0,0,14610,0],
                "Metropole":"No"
                }]
}