{
    "EN_country":"Burkina Faso",
    "FR_country":"Burkina Faso",
    "ID":[5,4,0],
    "Upop":[85196,143242,317067,708490,1395279,2432743,4141169],
    "Urbanlevel":[0.03,0.03,0.06,0.11,0.16,0.21,0.25,0.29],
    "Numagglos":[3,4,6,16,30,53,78,101],
    "Mpop":[0.88,0.79,0.74,0.64,0.6,0.56,0.57,0.56],
    "ADBA":[141,143,135,58,52,38,34,28.3],
    "Agglomerations":[
    {
                 "ID":[5,4,32],
                "A_Name":"Ouagadougou",
                "Longlat":[-1.52,12.346],
                "A_Upop":[35481,60246,146367,298680,579165,994647,1810703,2299007],
                "Metropole":"Yes"
                },
                  {
                 "ID":[5,4,105],
                "A_Name":"Bobo-Dioulasso",
                "Longlat":[-4.295,11.201],
                "A_Upop":[39400,52642,89732,157271,259261,364528,556615,667853],
                "Metropole":"Yes"
                },
                  {
                 "ID":[5,4,634],
                "A_Name":"Koudougou",
                "Longlat":[-2.357,12.261],
                "A_Upop":[10315,18763,32390,43066,59610,77713,96897,110857],
                "Metropole":"No"
                },
                  {
                 "ID":[5,4,712],
                "A_Name":"Banfora",
                "Longlat":[-4.752,10.65],
                "A_Upop":[0,0,0,19928,40687,57784,84827,99401],
                "Metropole":"No"
                },
                  {
                 "ID":[5,4,757],
                "A_Name":"Ouahigouya",
                "Longlat":[-2.407,13.559],
                "A_Upop":[0,11591,20294,31028,43931,58839,81083,93925],
                "Metropole":"No"
                },
                  {
                 "ID":[5,4,764],
                "A_Name":"Pouytenga",
                "Longlat":[-0.426,12.259],
                "A_Upop":[0,0,0,0,19249,43097,72100,93114],
                "Metropole":"No"
                },
                  {
                 "ID":[5,4,1322],
                "A_Name":"Fada-N'Gourma",
                "Longlat":[0.374,12.06],
                "A_Upop":[0,0,0,16165,23990,33201,47347,56602],
                "Metropole":"No"
                },
                  {
                 "ID":[5,4,1342],
                "A_Name":"Tenkodogo",
                "Longlat":[-0.378,11.797],
                "A_Upop":[0,0,12760,20392,26404,35583,48872,55889],
                "Metropole":"No"
                },
                  {
                 "ID":[5,4,1386],
                "A_Name":"Hounde",
                "Longlat":[-3.522,11.485],
                "A_Upop":[0,0,0,0,12527,26935,45199,54102],
                "Metropole":"No"
                },
                  {
                 "ID":[5,4,1489],
                "A_Name":"Dedougou",
                "Longlat":[-3.459,12.468],
                "A_Upop":[0,0,0,12350,25609,35527,43143,50090],
                "Metropole":"No"
                },
                  {
                 "ID":[5,4,1732],
                "A_Name":"Garango",
                "Longlat":[-0.554,11.805],
                "A_Upop":[0,0,0,0,24403,30516,38499,44086],
                "Metropole":"No"
                },
                  {
                 "ID":[5,4,2028],
                "A_Name":"Djibo",
                "Longlat":[-1.637,14.104],
                "A_Upop":[0,0,0,0,17629,22876,32509,38290],
                "Metropole":"No"
                },
                  {
                 "ID":[5,4,2142],
                "A_Name":"Leo",
                "Longlat":[-2.101,11.1],
                "A_Upop":[0,0,0,0,13758,21453,30214,35900],
                "Metropole":"No"
                },
                  {
                 "ID":[5,4,2164],
                "A_Name":"Reo",
                "Longlat":[-2.462,12.312],
                "A_Upop":[0,0,0,16227,20045,24553,31364,35616],
                "Metropole":"No"
                },
                  {
                 "ID":[5,4,2412],
                "A_Name":"Kongoussi",
                "Longlat":[-1.532,13.331],
                "A_Upop":[0,0,0,0,0,20198,27961,32490],
                "Metropole":"No"
                },
                  {
                 "ID":[5,4,2414],
                "A_Name":"Beguedo",
                "Longlat":[-0.725,11.797],
                "A_Upop":[0,0,0,0,0,20591,27956,32472],
                "Metropole":"No"
                },
                  {
                 "ID":[5,4,2443],
                "A_Name":"Gaoua",
                "Longlat":[-3.173,10.338],
                "A_Upop":[0,0,0,0,12745,19094,27769,32074],
                "Metropole":"No"
                },
                  {
                 "ID":[5,4,2463],
                "A_Name":"Niangoloko",
                "Longlat":[-4.916,10.282],
                "A_Upop":[0,0,0,0,0,15610,25813,31791],
                "Metropole":"No"
                },
                  {
                 "ID":[5,4,2466],
                "A_Name":"Gourcy",
                "Longlat":[-2.352,13.199],
                "A_Upop":[0,0,0,11966,15165,18881,27342,31768],
                "Metropole":"No"
                },
                  {
                 "ID":[5,4,2499],
                "A_Name":"Po",
                "Longlat":[-1.145,11.172],
                "A_Upop":[0,0,0,11052,15378,19411,27014,31387],
                "Metropole":"No"
                },
                  {
                 "ID":[5,4,2534],
                "A_Name":"Kaya",
                "Longlat":[-1.081,13.072],
                "A_Upop":[0,0,15526,22026,28914,40132,43184,31080],
                "Metropole":"No"
                },
                  {
                 "ID":[5,4,2558],
                "A_Name":"Orodara",
                "Longlat":[-4.906,10.977],
                "A_Upop":[0,0,0,10642,14400,18725,26162,30765],
                "Metropole":"No"
                },
                  {
                 "ID":[5,4,2677],
                "A_Name":"Bama",
                "Longlat":[-4.424,11.403],
                "A_Upop":[0,0,0,0,0,0,24491,29434],
                "Metropole":"No"
                },
                  {
                 "ID":[5,4,2742],
                "A_Name":"Kombissiri",
                "Longlat":[-1.334,12.073],
                "A_Upop":[0,0,0,0,14086,18930,25549,28860],
                "Metropole":"No"
                },
                  {
                 "ID":[5,4,2827],
                "A_Name":"Yako",
                "Longlat":[-2.26,12.957],
                "A_Upop":[0,0,0,12355,15803,19870,24760,28056],
                "Metropole":"No"
                },
                  {
                 "ID":[5,4,2871],
                "A_Name":"Nouna",
                "Longlat":[-3.849,12.732],
                "A_Upop":[0,0,0,13855,16709,20140,24240,27544],
                "Metropole":"No"
                },
                  {
                 "ID":[5,4,2928],
                "A_Name":"Dori",
                "Longlat":[-0.024,14.028],
                "A_Upop":[0,0,0,0,12814,17645,23384,27123],
                "Metropole":"No"
                },
                  {
                 "ID":[5,4,2972],
                "A_Name":"Bittou",
                "Longlat":[-0.307,11.259],
                "A_Upop":[0,0,0,0,0,13496,22617,26736],
                "Metropole":"No"
                },
                  {
                 "ID":[5,4,3103],
                "A_Name":"Manga",
                "Longlat":[-1.07,11.67],
                "A_Upop":[0,0,0,0,11670,15876,22032,25554],
                "Metropole":"No"
                },
                  {
                 "ID":[5,4,3113],
                "A_Name":"Zorgho",
                "Longlat":[-0.621,12.249],
                "A_Upop":[0,0,0,0,13044,18476,22398,25484],
                "Metropole":"No"
                },
                  {
                 "ID":[5,4,3140],
                "A_Name":"Kouka",
                "Longlat":[-4.342,11.902],
                "A_Upop":[0,0,0,0,0,11358,14178,25262],
                "Metropole":"No"
                },
                  {
                 "ID":[5,4,3283],
                "A_Name":"Titao",
                "Longlat":[-2.073,13.77],
                "A_Upop":[0,0,0,0,0,15624,21108,24292],
                "Metropole":"No"
                },
                  {
                 "ID":[5,4,3300],
                "A_Name":"Mogtedo",
                "Longlat":[-0.838,12.279],
                "A_Upop":[0,0,0,0,0,14694,20437,24185],
                "Metropole":"No"
                },
                  {
                 "ID":[5,4,3414],
                "A_Name":"Ziniare",
                "Longlat":[-1.296,12.599],
                "A_Upop":[0,0,0,0,0,13378,20478,23461],
                "Metropole":"No"
                },
                  {
                 "ID":[5,4,3463],
                "A_Name":"Seguenega",
                "Longlat":[-1.964,13.439],
                "A_Upop":[0,0,0,0,0,15801,20180,23179],
                "Metropole":"No"
                },
                  {
                 "ID":[5,4,3541],
                "A_Name":"Boulsa",
                "Longlat":[-0.568,12.658],
                "A_Upop":[0,0,0,0,10748,14045,19780,22768],
                "Metropole":"No"
                },
                  {
                 "ID":[5,4,3562],
                "A_Name":"Dirlakou",
                "Longlat":[-0.522,11.49],
                "A_Upop":[0,0,0,0,0,10151,18687,22558],
                "Metropole":"No"
                },
                  {
                 "ID":[5,4,3643],
                "A_Name":"Diebougou",
                "Longlat":[-3.237,10.973],
                "A_Upop":[0,0,0,0,0,13569,19564,22148],
                "Metropole":"No"
                },
                  {
                 "ID":[5,4,3710],
                "A_Name":"Dano",
                "Longlat":[-3.071,11.142],
                "A_Upop":[0,0,0,0,0,13008,18843,21704],
                "Metropole":"No"
                },
                  {
                 "ID":[5,4,3759],
                "A_Name":"Solenzo",
                "Longlat":[-4.081,12.183],
                "A_Upop":[0,0,0,0,0,11889,18581,21365],
                "Metropole":"No"
                },
                  {
                 "ID":[5,4,3848],
                "A_Name":"Tougan",
                "Longlat":[-3.069,13.07],
                "A_Upop":[0,0,0,11489,13616,15845,18551,20927],
                "Metropole":"No"
                },
                  {
                 "ID":[5,4,3962],
                "A_Name":"Korsimoro",
                "Longlat":[-1.066,12.826],
                "A_Upop":[0,0,0,0,0,13299,17645,20303],
                "Metropole":"No"
                },
                  {
                 "ID":[5,4,3969],
                "A_Name":"Bousse",
                "Longlat":[-1.898,12.662],
                "A_Upop":[0,0,0,0,0,12114,17555,20281],
                "Metropole":"No"
                },
                  {
                 "ID":[5,4,4141],
                "A_Name":"Bogande",
                "Longlat":[-0.151,12.97],
                "A_Upop":[0,0,0,0,0,10740,16687,19562],
                "Metropole":"No"
                },
                  {
                 "ID":[5,4,4171],
                "A_Name":"Natiaboani",
                "Longlat":[0.507,11.704],
                "A_Upop":[0,0,0,0,0,0,16260,19439],
                "Metropole":"No"
                },
                  {
                 "ID":[5,4,4217],
                "A_Name":"Kokologho",
                "Longlat":[-1.876,12.197],
                "A_Upop":[0,0,0,0,0,12712,17366,19255],
                "Metropole":"No"
                },
                  {
                 "ID":[5,4,4294],
                "A_Name":"Yalgo",
                "Longlat":[-0.262,13.59],
                "A_Upop":[0,0,0,0,10607,12723,16104,18881],
                "Metropole":"No"
                },
                  {
                 "ID":[5,4,4341],
                "A_Name":"Zabre",
                "Longlat":[-0.635,11.184],
                "A_Upop":[0,0,0,0,0,12841,16345,18674],
                "Metropole":"No"
                },
                  {
                 "ID":[5,4,4413],
                "A_Name":"Sapouy",
                "Longlat":[-1.767,11.552],
                "A_Upop":[0,0,0,0,0,0,14605,18372],
                "Metropole":"No"
                },
                  {
                 "ID":[5,4,4432],
                "A_Name":"Koupela",
                "Longlat":[-0.351,12.175],
                "A_Upop":[0,0,0,0,12355,20808,24193,18292],
                "Metropole":"No"
                },
                  {
                 "ID":[5,4,4545],
                "A_Name":"Boromo",
                "Longlat":[-2.933,11.756],
                "A_Upop":[0,0,0,0,0,12326,15790,17671],
                "Metropole":"No"
                },
                  {
                 "ID":[5,4,4727],
                "A_Name":"Cinkassi/Cinkansé [BFA]",
                "Longlat":[0,11.126],
                "A_Upop":[0,0,0,0,0,0,12268,16979],
                "Metropole":"No"
                },
                  {
                 "ID":[5,4,4768],
                "A_Name":"Namponkore",
                "Longlat":[1.791,11.745],
                "A_Upop":[0,0,0,0,0,0,14154,16820],
                "Metropole":"No"
                },
                  {
                 "ID":[5,4,4790],
                "A_Name":"Villy",
                "Longlat":[-2.203,12.283],
                "A_Upop":[0,0,0,0,0,10417,14633,16741],
                "Metropole":"No"
                },
                  {
                 "ID":[5,4,5057],
                "A_Name":"Toma",
                "Longlat":[-2.892,12.764],
                "A_Upop":[0,0,0,0,0,10105,13722,15856],
                "Metropole":"No"
                },
                  {
                 "ID":[5,4,5086],
                "A_Name":"Imasgho",
                "Longlat":[-2.329,12.43],
                "A_Upop":[0,0,0,0,0,10197,13454,15742],
                "Metropole":"No"
                },
                  {
                 "ID":[5,4,5122],
                "A_Name":"Niaogho",
                "Longlat":[-0.77,11.775],
                "A_Upop":[0,0,0,0,0,10516,13557,15614],
                "Metropole":"No"
                },
                  {
                 "ID":[5,4,5402],
                "A_Name":"Bena",
                "Longlat":[-4.194,12.072],
                "A_Upop":[0,0,0,0,10958,10257,12786,14702],
                "Metropole":"No"
                },
                  {
                 "ID":[5,4,5473],
                "A_Name":"Dande",
                "Longlat":[-4.556,11.581],
                "A_Upop":[0,0,0,0,0,0,12648,14495],
                "Metropole":"No"
                },
                  {
                 "ID":[5,4,5525],
                "A_Name":"Tanghin-Dassouri",
                "Longlat":[-1.715,12.272],
                "A_Upop":[0,0,0,0,0,0,12774,14338],
                "Metropole":"No"
                },
                  {
                 "ID":[5,4,5533],
                "A_Name":"Kindi",
                "Longlat":[-2.036,12.439],
                "A_Upop":[0,0,0,0,0,0,12456,14302],
                "Metropole":"No"
                },
                  {
                 "ID":[5,4,5730],
                "A_Name":"Didyr",
                "Longlat":[-2.622,12.561],
                "A_Upop":[0,0,0,0,0,0,0,13721],
                "Metropole":"No"
                },
                  {
                 "ID":[5,4,5784],
                "A_Name":"Pama",
                "Longlat":[0.709,11.244],
                "A_Upop":[0,0,0,0,0,0,10340,13586],
                "Metropole":"No"
                },
                  {
                 "ID":[5,4,5887],
                "A_Name":"Barsalogho",
                "Longlat":[-1.056,13.417],
                "A_Upop":[0,0,0,0,0,0,11321,13311],
                "Metropole":"No"
                },
                  {
                 "ID":[5,4,5896],
                "A_Name":"Ouargaye",
                "Longlat":[0.056,11.501],
                "A_Upop":[0,0,0,0,0,0,11311,13292],
                "Metropole":"No"
                },
                  {
                 "ID":[5,4,5914],
                "A_Name":"Batie",
                "Longlat":[-2.915,9.883],
                "A_Upop":[0,0,0,0,0,0,11295,13241],
                "Metropole":"No"
                },
                  {
                 "ID":[5,4,6049],
                "A_Name":"Gonboussou",
                "Longlat":[-0.774,11.431],
                "A_Upop":[0,0,0,0,0,0,11314,12914],
                "Metropole":"No"
                },
                  {
                 "ID":[5,4,6051],
                "A_Name":"Soubakaniedougo",
                "Longlat":[-5,10.476],
                "A_Upop":[0,0,0,0,0,0,10747,12913],
                "Metropole":"No"
                },
                  {
                 "ID":[5,4,6086],
                "A_Name":"Guiedougou",
                "Longlat":[-3.419,13.005],
                "A_Upop":[0,0,0,0,0,0,11211,12820],
                "Metropole":"No"
                },
                  {
                 "ID":[5,4,6124],
                "A_Name":"Arbinda",
                "Longlat":[-0.864,14.227],
                "A_Upop":[0,0,0,0,0,0,10905,12722],
                "Metropole":"No"
                },
                  {
                 "ID":[5,4,6169],
                "A_Name":"To",
                "Longlat":[-2.221,11.45],
                "A_Upop":[0,0,0,0,0,0,10918,12603],
                "Metropole":"No"
                },
                  {
                 "ID":[5,4,6191],
                "A_Name":"Boussouma",
                "Longlat":[-1.082,12.911],
                "A_Upop":[0,0,0,0,0,0,10996,12561],
                "Metropole":"No"
                },
                  {
                 "ID":[5,4,6255],
                "A_Name":"Kyon",
                "Longlat":[-2.58,12.284],
                "A_Upop":[0,0,0,0,0,0,10816,12441],
                "Metropole":"No"
                },
                  {
                 "ID":[5,4,6284],
                "A_Name":"Nianaba",
                "Longlat":[-4.621,10.838],
                "A_Upop":[0,0,0,0,0,0,10579,12356],
                "Metropole":"No"
                },
                  {
                 "ID":[5,4,6307],
                "A_Name":"Pissila",
                "Longlat":[-0.827,13.16],
                "A_Upop":[0,0,0,0,0,0,10616,12306],
                "Metropole":"No"
                },
                  {
                 "ID":[5,4,6388],
                "A_Name":"Gorom-Gorom",
                "Longlat":[-0.231,14.446],
                "A_Upop":[0,0,0,0,0,0,10102,12140],
                "Metropole":"No"
                },
                  {
                 "ID":[5,4,6489],
                "A_Name":"Kompienga",
                "Longlat":[0.721,11.082],
                "A_Upop":[0,0,0,0,0,0,10011,11950],
                "Metropole":"No"
                },
                  {
                 "ID":[5,4,6491],
                "A_Name":"Kourouma",
                "Longlat":[-4.793,11.617],
                "A_Upop":[0,0,0,0,0,0,10054,11941],
                "Metropole":"No"
                },
                  {
                 "ID":[5,4,6520],
                "A_Name":"Banzon",
                "Longlat":[-4.799,11.313],
                "A_Upop":[0,0,0,0,0,0,0,11895],
                "Metropole":"No"
                },
                  {
                 "ID":[5,4,6728],
                "A_Name":"Sabou",
                "Longlat":[-2.228,12.058],
                "A_Upop":[0,0,0,0,0,0,0,11431],
                "Metropole":"No"
                },
                  {
                 "ID":[5,4,6736],
                "A_Name":"Diapaga",
                "Longlat":[1.789,12.066],
                "A_Upop":[0,0,0,0,0,0,0,11406],
                "Metropole":"No"
                },
                  {
                 "ID":[5,4,6759],
                "A_Name":"Deregoue I",
                "Longlat":[-4.086,10.751],
                "A_Upop":[0,0,0,0,0,0,0,11368],
                "Metropole":"No"
                },
                  {
                 "ID":[5,4,6769],
                "A_Name":"Nagare",
                "Longlat":[0.445,11.794],
                "A_Upop":[0,0,0,0,0,0,0,11345],
                "Metropole":"No"
                },
                  {
                 "ID":[5,4,6811],
                "A_Name":"Piela",
                "Longlat":[-0.138,12.711],
                "A_Upop":[0,0,0,0,0,0,0,11283],
                "Metropole":"No"
                },
                  {
                 "ID":[5,4,6829],
                "A_Name":"Nadiagou",
                "Longlat":[0.84,11.161],
                "A_Upop":[0,0,0,0,0,0,0,11235],
                "Metropole":"No"
                },
                  {
                 "ID":[5,4,6840],
                "A_Name":"Falagountou",
                "Longlat":[0.187,14.361],
                "A_Upop":[0,0,0,0,0,0,0,11214],
                "Metropole":"No"
                },
                  {
                 "ID":[5,4,6864],
                "A_Name":"Ban",
                "Longlat":[-4.144,12.044],
                "A_Upop":[0,0,0,0,0,0,0,11170],
                "Metropole":"No"
                },
                  {
                 "ID":[5,4,6883],
                "A_Name":"Vohogdin",
                "Longlat":[0.136,11.695],
                "A_Upop":[0,0,0,0,0,0,0,11112],
                "Metropole":"No"
                },
                  {
                 "ID":[5,4,6977],
                "A_Name":"Zoula",
                "Longlat":[-2.446,12.25],
                "A_Upop":[0,0,0,0,0,0,0,10981],
                "Metropole":"No"
                },
                  {
                 "ID":[5,4,6983],
                "A_Name":"Rollo",
                "Longlat":[-1.705,13.6],
                "A_Upop":[0,0,0,0,0,0,0,10975],
                "Metropole":"No"
                },
                  {
                 "ID":[5,4,7105],
                "A_Name":"Samorogouan",
                "Longlat":[-4.94,11.396],
                "A_Upop":[0,0,0,0,0,0,0,10730],
                "Metropole":"No"
                },
                  {
                 "ID":[5,4,7144],
                "A_Name":"Deou",
                "Longlat":[-0.721,14.6],
                "A_Upop":[0,0,0,0,0,0,0,10673],
                "Metropole":"No"
                },
                  {
                 "ID":[5,4,7159],
                "A_Name":"Koumbia",
                "Longlat":[-3.696,11.232],
                "A_Upop":[0,0,0,0,0,0,0,10645],
                "Metropole":"No"
                },
                  {
                 "ID":[5,4,7257],
                "A_Name":"Damkarko",
                "Longlat":[-0.648,13.618],
                "A_Upop":[0,0,0,0,0,0,0,10495],
                "Metropole":"No"
                },
                  {
                 "ID":[5,4,7313],
                "A_Name":"Bokin",
                "Longlat":[-1.793,12.998],
                "A_Upop":[0,0,0,0,0,0,0,10412],
                "Metropole":"No"
                },
                  {
                 "ID":[5,4,7355],
                "A_Name":"Koumana",
                "Longlat":[-3.827,11.971],
                "A_Upop":[0,0,0,0,0,0,0,10347],
                "Metropole":"No"
                },
                  {
                 "ID":[5,4,7365],
                "A_Name":"Partiaga",
                "Longlat":[1.628,11.928],
                "A_Upop":[0,0,0,0,0,0,0,10329],
                "Metropole":"No"
                },
                  {
                 "ID":[5,4,7412],
                "A_Name":"Kompienbiga",
                "Longlat":[0.607,11.281],
                "A_Upop":[0,0,0,0,0,0,0,10279],
                "Metropole":"No"
                },
                  {
                 "ID":[5,4,7486],
                "A_Name":"Rouko",
                "Longlat":[-1.631,13.215],
                "A_Upop":[0,0,0,0,0,0,0,10172],
                "Metropole":"No"
                },
                  {
                 "ID":[5,4,7554],
                "A_Name":"Namissiguima",
                "Longlat":[-1.282,13.508],
                "A_Upop":[0,0,0,0,0,0,0,10088],
                "Metropole":"No"
                },
                  {
                "ID":[5,4,7574],
                "A_Name":"Safane",
                "Longlat":[-3.231,12.129],
                "A_Upop":[0,0,0,0,0,0,0,10050],
                "Metropole":"No"
                }]
}