{
    "EN_country":"Burundi",
    "FR_country":"Burundi",
    "ID":[1,2,0],
    "Upop":[18954,49218,95565,178588,297475,461928,1697648],
    "Urbanlevel":[0.01,0.02,0.03,0.04,0.06,0.07,0.2,0.21],
    "Numagglos":[1,1,1,2,5,6,27,33],
    "Mpop":[1,1,1,0.94,0.79,0.77,0.52,0.51],
    "ADBA":[0,0,0,64,44,48,17,15.1],
    "Agglomerations":[
    {
                 "ID":[1,2,69],
                "A_Name":"Bujumbura",
                "Longlat":[29.41,-3.472],
                "A_Upop":[18954,49218,95565,167903,235440,356636,881697,1043847],
                "Metropole":"Yes"
                },
                  {
                 "ID":[1,2,743],
                "A_Name":"Muramwiya",
                "Longlat":[29.677,-3.336],
                "A_Upop":[0,0,0,0,0,0,82495,95479],
                "Metropole":"No"
                },
                  {
                 "ID":[1,2,811],
                "A_Name":"Gitega",
                "Longlat":[29.919,-3.42],
                "A_Upop":[0,0,0,10684,20708,30650,75753,87678],
                "Metropole":"No"
                },
                  {
                 "ID":[1,2,1101],
                "A_Name":"Ngozi",
                "Longlat":[29.808,-2.908],
                "A_Upop":[0,0,0,0,14511,25447,57915,67033],
                "Metropole":"No"
                },
                  {
                 "ID":[1,2,1318],
                "A_Name":"Ruyange",
                "Longlat":[29.41,-3.19],
                "A_Upop":[0,0,0,0,0,0,48996,56710],
                "Metropole":"No"
                },
                  {
                 "ID":[1,2,1331],
                "A_Name":"Muyinga",
                "Longlat":[30.336,-2.844],
                "A_Upop":[0,0,0,0,0,0,48557,56202],
                "Metropole":"No"
                },
                  {
                 "ID":[1,2,1455],
                "A_Name":"Makamba",
                "Longlat":[29.808,-4.139],
                "A_Upop":[0,0,0,0,0,0,44412,51404],
                "Metropole":"No"
                },
                  {
                 "ID":[1,2,1651],
                "A_Name":"Rumonge",
                "Longlat":[29.443,-3.975],
                "A_Upop":[0,0,0,0,11000,21232,39692,45940],
                "Metropole":"No"
                },
                  {
                 "ID":[1,2,1691],
                "A_Name":"Muyange",
                "Longlat":[29.652,-4.318],
                "A_Upop":[0,0,0,0,0,0,38961,45094],
                "Metropole":"No"
                },
                  {
                 "ID":[1,2,1695],
                "A_Name":"Kayanza",
                "Longlat":[29.633,-2.934],
                "A_Upop":[0,0,0,0,0,13047,38924,45051],
                "Metropole":"No"
                },
                  {
                 "ID":[1,2,1762],
                "A_Name":"Kirundo",
                "Longlat":[30.089,-2.593],
                "A_Upop":[0,0,0,0,0,0,37541,43450],
                "Metropole":"No"
                },
                  {
                 "ID":[1,2,2089],
                "A_Name":"Cibitoke",
                "Longlat":[29.114,-2.88],
                "A_Upop":[0,0,0,0,0,14916,32016,37056],
                "Metropole":"No"
                },
                  {
                 "ID":[1,2,2413],
                "A_Name":"Muzinda",
                "Longlat":[29.419,-3.267],
                "A_Upop":[0,0,0,0,0,0,28066,32485],
                "Metropole":"No"
                },
                  {
                 "ID":[1,2,2441],
                "A_Name":"Gatumba",
                "Longlat":[29.257,-3.335],
                "A_Upop":[0,0,0,0,0,0,27715,32079],
                "Metropole":"No"
                },
                  {
                 "ID":[1,2,2727],
                "A_Name":"Magara",
                "Longlat":[29.347,-3.799],
                "A_Upop":[0,0,0,0,0,0,25076,29024],
                "Metropole":"No"
                },
                  {
                 "ID":[1,2,3063],
                "A_Name":"Gihanga",
                "Longlat":[29.307,-3.195],
                "A_Upop":[0,0,0,0,0,0,22428,25959],
                "Metropole":"No"
                },
                  {
                 "ID":[1,2,3246],
                "A_Name":"Rugombo",
                "Longlat":[29.08,-2.82],
                "A_Upop":[0,0,0,0,0,0,21238,24582],
                "Metropole":"No"
                },
                  {
                 "ID":[1,2,3377],
                "A_Name":"Ruange",
                "Longlat":[29.838,-3.028],
                "A_Upop":[0,0,0,0,0,0,20474,23697],
                "Metropole":"No"
                },
                  {
                 "ID":[1,2,3400],
                "A_Name":"Bubanza",
                "Longlat":[29.399,-3.081],
                "A_Upop":[0,0,0,0,0,0,20321,23520],
                "Metropole":"No"
                },
                  {
                 "ID":[1,2,3761],
                "A_Name":"Muhama",
                "Longlat":[29.98,-4.207],
                "A_Upop":[0,0,0,0,0,0,18455,21360],
                "Metropole":"No"
                },
                  {
                 "ID":[1,2,4077],
                "A_Name":"Gasenyi",
                "Longlat":[29.197,-2.966],
                "A_Upop":[0,0,0,0,0,0,17136,19834],
                "Metropole":"No"
                },
                  {
                 "ID":[1,2,5109],
                "A_Name":"Rugeregere",
                "Longlat":[29.119,-2.791],
                "A_Upop":[0,0,0,0,0,0,13529,15659],
                "Metropole":"No"
                },
                  {
                 "ID":[1,2,5126],
                "A_Name":"Kizuka",
                "Longlat":[29.396,-3.897],
                "A_Upop":[0,0,0,0,0,0,13483,15605],
                "Metropole":"No"
                },
                  {
                 "ID":[1,2,6089],
                "A_Name":"Ruyigi",
                "Longlat":[30.249,-3.469],
                "A_Upop":[0,0,0,0,0,0,11070,12813],
                "Metropole":"No"
                },
                  {
                 "ID":[1,2,6143],
                "A_Name":"Ndava",
                "Longlat":[29.256,-3.026],
                "A_Upop":[0,0,0,0,0,0,10956,12681],
                "Metropole":"No"
                },
                  {
                 "ID":[1,2,6269],
                "A_Name":"Rutana",
                "Longlat":[29.992,-3.924],
                "A_Upop":[0,0,0,0,0,0,10714,12401],
                "Metropole":"No"
                },
                  {
                 "ID":[1,2,6649],
                "A_Name":"Butare",
                "Longlat":[30.095,-2.821],
                "A_Upop":[0,0,0,0,0,0,0,11603],
                "Metropole":"No"
                },
                  {
                 "ID":[1,2,6709],
                "A_Name":"Karuzi",
                "Longlat":[30.163,-3.099],
                "A_Upop":[0,0,0,0,0,0,0,11494],
                "Metropole":"No"
                },
                  {
                 "ID":[1,2,6852],
                "A_Name":"Nyamitanga",
                "Longlat":[29.271,-3.065],
                "A_Upop":[0,0,0,0,0,0,0,11194],
                "Metropole":"No"
                },
                  {
                 "ID":[1,2,6885],
                "A_Name":"Bangwe",
                "Longlat":[29.597,-4.316],
                "A_Upop":[0,0,0,0,0,0,0,11103],
                "Metropole":"No"
                },
                  {
                 "ID":[1,2,6924],
                "A_Name":"Kaburantwa",
                "Longlat":[29.214,-2.993],
                "A_Upop":[0,0,0,0,0,0,0,11048],
                "Metropole":"No"
                },
                  {
                 "ID":[1,2,7229],
                "A_Name":"Gatabo",
                "Longlat":[30.112,-4.089],
                "A_Upop":[0,0,0,0,0,0,0,10521],
                "Metropole":"No"
                },
                  {
                "ID":[1,2,7306],
                "A_Name":"Kayogoro",
                "Longlat":[29.946,-4.113],
                "A_Upop":[0,0,0,0,0,0,0,10421],
                "Metropole":"No"
                }]
}