{
    "EN_country":"Cabo Verde",
    "FR_country":"Cabo Verde",
    "ID":[5,11,0],
    "Upop":[10084,31500,50291,77735,108753,169796,229588],
    "Urbanlevel":[0.07,0.16,0.19,0.26,0.31,0.39,0.47,0.5],
    "Numagglos":[1,2,2,2,2,3,4,4],
    "Mpop":[1,1,1,1,1,0.94,0.87,0.85],
    "ADBA":[0,270,270,270,270,216,118,117.7],
    "Agglomerations":[
    {
                 "ID":[5,11,474],
                "A_Name":"Praia",
                "Longlat":[-23.513,14.934],
                "A_Upop":[10084,13100,21494,38125,61644,96734,130271,148875],
                "Metropole":"Yes"
                },
                  {
                 "ID":[5,11,967],
                "A_Name":"Mindelo",
                "Longlat":[-24.982,16.883],
                "A_Upop":[0,18400,28797,39610,47109,62497,69904,74742],
                "Metropole":"Yes"
                },
                  {
                 "ID":[5,11,3634],
                "A_Name":"Espargos",
                "Longlat":[-22.944,16.746],
                "A_Upop":[0,0,0,0,0,10565,17081,22196],
                "Metropole":"No"
                },
                  {
                "ID":[5,11,4466],
                "A_Name":"Assomada",
                "Longlat":[-23.678,15.115],
                "A_Upop":[0,0,0,0,0,0,12332,18100],
                "Metropole":"No"
                }]
}