{
    "EN_country":"Cameroon",
    "FR_country":"Cameroun",
    "ID":[1,8,0],
    "Upop":[317200,497400,1142100,2248935,4067543,5947462,10250894],
    "Urbanlevel":[0.09,0.11,0.19,0.27,0.35,0.39,0.52,0.55],
    "Numagglos":[12,19,32,48,70,76,136,147],
    "Mpop":[0.48,0.4,0.42,0.43,0.44,0.49,0.44,0.51],
    "ADBA":[76,54,51,50,44,42,28,26.6],
    "Agglomerations":[
    {
                 "ID":[1,8,15],
                "A_Name":"Yaoundé",
                "Longlat":[11.541,3.93],
                "A_Upop":[37000,69800,192900,401225,831238,1388402,2327217,3901680],
                "Metropole":"Yes"
                },
                  {
                 "ID":[1,8,29],
                "A_Name":"Douala",
                "Longlat":[9.707,4.062],
                "A_Upop":[113700,127100,289100,570047,964865,1508285,2221007,2567572],
                "Metropole":"Yes"
                },
                  {
                 "ID":[1,8,62],
                "A_Name":"Bafoussam",
                "Longlat":[10.208,5.428],
                "A_Upop":[0,18200,42600,77202,128620,193242,1044825,1146230],
                "Metropole":"No"
                },
                  {
                 "ID":[1,8,209],
                "A_Name":"Garoua",
                "Longlat":[13.375,9.295],
                "A_Upop":[0,13800,37900,86051,155110,204248,273643,317294],
                "Metropole":"No"
                },
                  {
                 "ID":[1,8,214],
                "A_Name":"Bamenda",
                "Longlat":[10.186,5.986],
                "A_Upop":[14000,12100,30600,60356,128893,209080,303672,312337],
                "Metropole":"No"
                },
                  {
                 "ID":[1,8,280],
                "A_Name":"Maroua",
                "Longlat":[14.321,10.587],
                "A_Upop":[0,19400,41300,83715,134393,175201,220615,240888],
                "Metropole":"No"
                },
                  {
                 "ID":[1,8,367],
                "A_Name":"Ngaoundere",
                "Longlat":[13.579,7.323],
                "A_Upop":[14400,17600,25300,50440,87827,126224,171529,192683],
                "Metropole":"No"
                },
                  {
                 "ID":[1,8,386],
                "A_Name":"Kumba",
                "Longlat":[9.45,4.628],
                "A_Upop":[13400,24400,42200,59798,79588,117554,173012,181176],
                "Metropole":"No"
                },
                  {
                 "ID":[1,8,544],
                "A_Name":"Nkongsamba",
                "Longlat":[9.943,4.962],
                "A_Upop":[15300,29000,53400,78007,88432,98385,117701,131159],
                "Metropole":"No"
                },
                  {
                 "ID":[1,8,590],
                "A_Name":"Limbe",
                "Longlat":[9.217,4.012],
                "A_Upop":[21300,22000,26200,33977,49834,70303,113291,118637],
                "Metropole":"No"
                },
                  {
                 "ID":[1,8,608],
                "A_Name":"Buea",
                "Longlat":[9.287,4.163],
                "A_Upop":[0,0,18400,27334,39241,67673,109271,114428],
                "Metropole":"No"
                },
                  {
                 "ID":[1,8,657],
                "A_Name":"Ndjamena/Kousséri [CMR]",
                "Longlat":[15.02,12.085],
                "A_Upop":[0,0,0,22516,58644,76839,98248,107276],
                "Metropole":"No"
                },
                  {
                 "ID":[1,8,750],
                "A_Name":"Bertoua",
                "Longlat":[13.68,4.578],
                "A_Upop":[0,0,0,24172,49185,72277,94256,94539],
                "Metropole":"No"
                },
                  {
                 "ID":[1,8,816],
                "A_Name":"Foumban",
                "Longlat":[10.891,5.719],
                "A_Upop":[20000,24100,26800,43296,61196,75041,85094,86695],
                "Metropole":"No"
                },
                  {
                 "ID":[1,8,838],
                "A_Name":"Kumbo",
                "Longlat":[10.687,6.211],
                "A_Upop":[12400,0,0,17952,38912,62530,82501,84856],
                "Metropole":"No"
                },
                  {
                 "ID":[1,8,869],
                "A_Name":"Edea",
                "Longlat":[10.131,3.793],
                "A_Upop":[13200,16100,20500,32637,53107,61595,74194,82679],
                "Metropole":"No"
                },
                  {
                 "ID":[1,8,1012],
                "A_Name":"Guider",
                "Longlat":[13.944,9.927],
                "A_Upop":[0,0,11300,23706,35581,45814,61983,71871],
                "Metropole":"No"
                },
                  {
                 "ID":[1,8,1021],
                "A_Name":"Ebolowa I",
                "Longlat":[11.139,2.908],
                "A_Upop":[0,13600,20300,23111,38812,54435,68105,71342],
                "Metropole":"No"
                },
                  {
                 "ID":[1,8,1127],
                "A_Name":"Mbalmayo",
                "Longlat":[11.512,3.534],
                "A_Upop":[0,11100,17200,26227,37968,47139,58982,65876],
                "Metropole":"No"
                },
                  {
                 "ID":[1,8,1132],
                "A_Name":"Kribi",
                "Longlat":[9.907,2.937],
                "A_Upop":[0,0,0,14280,25749,44806,62777,65760],
                "Metropole":"No"
                },
                  {
                 "ID":[1,8,1143],
                "A_Name":"Tiko",
                "Longlat":[9.359,4.077],
                "A_Upop":[0,0,15600,27080,42239,52879,62307,65246],
                "Metropole":"No"
                },
                  {
                 "ID":[1,8,1210],
                "A_Name":"Melong",
                "Longlat":[9.952,5.122],
                "A_Upop":[0,0,0,12515,20226,36220,54804,61070],
                "Metropole":"No"
                },
                  {
                 "ID":[1,8,1254],
                "A_Name":"Bafia",
                "Longlat":[11.231,4.745],
                "A_Upop":[0,0,16100,22745,33049,41907,53020,59217],
                "Metropole":"No"
                },
                  {
                 "ID":[1,8,1329],
                "A_Name":"Sangmelima",
                "Longlat":[11.984,2.935],
                "A_Upop":[0,0,0,17445,26731,41005,53773,56329],
                "Metropole":"No"
                },
                  {
                 "ID":[1,8,1415],
                "A_Name":"Foumbot",
                "Longlat":[10.631,5.515],
                "A_Upop":[0,0,11000,13579,29546,42108,51670,52643],
                "Metropole":"No"
                },
                  {
                 "ID":[1,8,1566],
                "A_Name":"Obala",
                "Longlat":[11.534,4.165],
                "A_Upop":[0,0,0,0,15069,23176,43174,48220],
                "Metropole":"No"
                },
                  {
                 "ID":[1,8,1568],
                "A_Name":"Meiganga",
                "Longlat":[14.291,6.517],
                "A_Upop":[0,0,12500,21433,32846,36200,42794,48072],
                "Metropole":"No"
                },
                  {
                 "ID":[1,8,1583],
                "A_Name":"Mutengene",
                "Longlat":[9.321,4.09],
                "A_Upop":[0,0,0,0,12000,0,45485,47631],
                "Metropole":"No"
                },
                  {
                 "ID":[1,8,1591],
                "A_Name":"Bafang",
                "Longlat":[10.193,5.169],
                "A_Upop":[0,0,21600,29712,34526,25627,46510,47385],
                "Metropole":"No"
                },
                  {
                 "ID":[1,8,1603],
                "A_Name":"Loum",
                "Longlat":[9.734,4.712],
                "A_Upop":[25000,25000,25300,37157,51927,41974,42238,47067],
                "Metropole":"No"
                },
                  {
                 "ID":[1,8,1687],
                "A_Name":"Yagoua",
                "Longlat":[15.239,10.344],
                "A_Upop":[0,0,12900,18600,29884,34903,41347,45146],
                "Metropole":"No"
                },
                  {
                 "ID":[1,8,1929],
                "A_Name":"Mokolo",
                "Longlat":[13.805,10.737],
                "A_Upop":[0,0,0,0,21518,28672,36398,39743],
                "Metropole":"No"
                },
                  {
                 "ID":[1,8,1997],
                "A_Name":"Banyo",
                "Longlat":[11.809,6.75],
                "A_Upop":[0,0,0,14461,19693,26399,34586,38851],
                "Metropole":"No"
                },
                  {
                 "ID":[1,8,2048],
                "A_Name":"Mora",
                "Longlat":[14.144,11.045],
                "A_Upop":[0,0,0,0,18304,26308,34751,37944],
                "Metropole":"No"
                },
                  {
                 "ID":[1,8,2070],
                "A_Name":"Kaele",
                "Longlat":[14.444,10.098],
                "A_Upop":[0,12000,0,13054,16629,19416,34343,37499],
                "Metropole":"No"
                },
                  {
                 "ID":[1,8,2084],
                "A_Name":"Santa",
                "Longlat":[10.14,5.794],
                "A_Upop":[0,0,0,0,0,0,36213,37247],
                "Metropole":"No"
                },
                  {
                 "ID":[1,8,2108],
                "A_Name":"Muyuka",
                "Longlat":[9.402,4.285],
                "A_Upop":[0,0,0,11407,14853,22534,34966,36616],
                "Metropole":"No"
                },
                  {
                 "ID":[1,8,2111],
                "A_Name":"Balikumbat",
                "Longlat":[10.385,5.895],
                "A_Upop":[0,0,0,0,0,0,35556,36571],
                "Metropole":"No"
                },
                  {
                 "ID":[1,8,2201],
                "A_Name":"Mbanga",
                "Longlat":[9.564,4.493],
                "A_Upop":[0,0,18500,22694,25168,27184,31543,35150],
                "Metropole":"No"
                },
                  {
                 "ID":[1,8,2224],
                "A_Name":"Ndu",
                "Longlat":[10.769,6.446],
                "A_Upop":[0,0,0,0,10769,11894,33990,34961],
                "Metropole":"No"
                },
                  {
                 "ID":[1,8,2353],
                "A_Name":"Manjo",
                "Longlat":[9.819,4.843],
                "A_Upop":[0,0,13400,16946,20884,24569,29818,33227],
                "Metropole":"No"
                },
                  {
                 "ID":[1,8,2400],
                "A_Name":"Ngaoundal",
                "Longlat":[13.28,6.469],
                "A_Upop":[0,0,0,0,13145,20482,29041,32622],
                "Metropole":"No"
                },
                  {
                 "ID":[1,8,2410],
                "A_Name":"Batouri",
                "Longlat":[14.372,4.436],
                "A_Upop":[0,0,10300,18735,23244,28478,32416,32515],
                "Metropole":"No"
                },
                  {
                 "ID":[1,8,2597],
                "A_Name":"Tcheboa (town)",
                "Longlat":[13.099,9.003],
                "A_Upop":[0,0,0,0,0,0,26165,30339],
                "Metropole":"No"
                },
                  {
                 "ID":[1,8,2598],
                "A_Name":"Ngong",
                "Longlat":[13.512,9.023],
                "A_Upop":[0,0,0,0,0,0,26165,30338],
                "Metropole":"No"
                },
                  {
                 "ID":[1,8,2615],
                "A_Name":"Oku",
                "Longlat":[10.497,6.25],
                "A_Upop":[0,0,0,0,0,0,29304,30141],
                "Metropole":"No"
                },
                  {
                 "ID":[1,8,2733],
                "A_Name":"Pitoa",
                "Longlat":[13.511,9.395],
                "A_Upop":[0,0,0,0,12536,17881,24983,28968],
                "Metropole":"No"
                },
                  {
                 "ID":[1,8,2737],
                "A_Name":"Lagdo",
                "Longlat":[13.665,9.069],
                "A_Upop":[0,0,0,0,0,0,24949,28929],
                "Metropole":"No"
                },
                  {
                 "ID":[1,8,2743],
                "A_Name":"Tibati",
                "Longlat":[12.614,6.469],
                "A_Upop":[0,0,0,11433,16616,20487,25689,28858],
                "Metropole":"No"
                },
                  {
                 "ID":[1,8,2757],
                "A_Name":"Wum",
                "Longlat":[10.08,6.391],
                "A_Upop":[0,0,12500,19712,27441,27295,27995,28793],
                "Metropole":"No"
                },
                  {
                 "ID":[1,8,2873],
                "A_Name":"Pouss",
                "Longlat":[15.054,10.852],
                "A_Upop":[0,0,0,0,0,0,28068,27526],
                "Metropole":"No"
                },
                  {
                 "ID":[1,8,2909],
                "A_Name":"Bogo",
                "Longlat":[14.609,10.736],
                "A_Upop":[0,0,0,0,0,17147,24951,27244],
                "Metropole":"No"
                },
                  {
                 "ID":[1,8,2912],
                "A_Name":"Ndop",
                "Longlat":[10.442,5.993],
                "A_Upop":[0,0,0,0,15712,21717,26475,27230],
                "Metropole":"No"
                },
                  {
                 "ID":[1,8,2921],
                "A_Name":"Figuil",
                "Longlat":[13.954,9.757],
                "A_Upop":[0,0,0,0,0,15579,23452,27193],
                "Metropole":"No"
                },
                  {
                 "ID":[1,8,3182],
                "A_Name":"Touboro",
                "Longlat":[15.354,7.772],
                "A_Upop":[0,0,0,0,12574,16245,21547,24985],
                "Metropole":"No"
                },
                  {
                 "ID":[1,8,3321],
                "A_Name":"Akonolinga",
                "Longlat":[12.252,3.79],
                "A_Upop":[0,0,0,10069,14915,17651,21536,24053],
                "Metropole":"No"
                },
                  {
                 "ID":[1,8,3422],
                "A_Name":"Mbandjock",
                "Longlat":[11.903,4.451],
                "A_Upop":[0,0,0,0,12770,16439,20965,23416],
                "Metropole":"No"
                },
                  {
                 "ID":[1,8,3456],
                "A_Name":"Koza",
                "Longlat":[13.883,10.865],
                "A_Upop":[0,0,0,0,0,0,21253,23205],
                "Metropole":"No"
                },
                  {
                 "ID":[1,8,3532],
                "A_Name":"Nanga-Eboko",
                "Longlat":[12.371,4.669],
                "A_Upop":[0,0,0,0,13851,16616,20419,22806],
                "Metropole":"No"
                },
                  {
                 "ID":[1,8,3566],
                "A_Name":"Garoua-Boulaï",
                "Longlat":[14.55,5.895],
                "A_Upop":[0,0,0,11060,18000,20782,22477,22545],
                "Metropole":"No"
                },
                  {
                 "ID":[1,8,3578],
                "A_Name":"Kejom Ketinguh",
                "Longlat":[10.252,6.117],
                "A_Upop":[0,0,0,0,0,0,21886,22511],
                "Metropole":"No"
                },
                  {
                 "ID":[1,8,3609],
                "A_Name":"Eseka",
                "Longlat":[10.778,3.648],
                "A_Upop":[0,0,0,11547,14504,16652,19997,22334],
                "Metropole":"No"
                },
                  {
                 "ID":[1,8,3645],
                "A_Name":"Nkoteng",
                "Longlat":[12.12,4.503],
                "A_Upop":[0,0,0,0,12904,15901,19817,22133],
                "Metropole":"No"
                },
                  {
                 "ID":[1,8,3654],
                "A_Name":"Bambalang",
                "Longlat":[10.528,5.89],
                "A_Upop":[0,0,0,0,0,0,21458,22071],
                "Metropole":"No"
                },
                  {
                 "ID":[1,8,3673],
                "A_Name":"Yokadouma",
                "Longlat":[15.048,3.525],
                "A_Upop":[0,0,0,0,12549,17639,21866,21932],
                "Metropole":"No"
                },
                  {
                 "ID":[1,8,3723],
                "A_Name":"Njombe",
                "Longlat":[9.657,4.588],
                "A_Upop":[0,0,11400,14300,15901,16864,19381,21596],
                "Metropole":"No"
                },
                  {
                 "ID":[1,8,3807],
                "A_Name":"Maga",
                "Longlat":[14.948,10.845],
                "A_Upop":[0,0,0,0,10411,13630,19330,21106],
                "Metropole":"No"
                },
                  {
                 "ID":[1,8,3910],
                "A_Name":"Magba",
                "Longlat":[11.23,5.963],
                "A_Upop":[0,0,0,0,11160,16269,20202,20582],
                "Metropole":"No"
                },
                  {
                 "ID":[1,8,3932],
                "A_Name":"Blangoua",
                "Longlat":[14.555,12.775],
                "A_Upop":[0,0,0,0,0,14135,18730,20452],
                "Metropole":"No"
                },
                  {
                 "ID":[1,8,3996],
                "A_Name":"Batibo",
                "Longlat":[9.904,5.839],
                "A_Upop":[0,0,0,0,0,0,19578,20137],
                "Metropole":"No"
                },
                  {
                 "ID":[1,8,4060],
                "A_Name":"Souza",
                "Longlat":[9.613,4.229],
                "A_Upop":[0,0,0,0,0,0,20193,19895],
                "Metropole":"No"
                },
                  {
                 "ID":[1,8,4076],
                "A_Name":"Njinikom",
                "Longlat":[10.339,6.205],
                "A_Upop":[0,0,0,0,0,0,19292,19843],
                "Metropole":"No"
                },
                  {
                 "ID":[1,8,4079],
                "A_Name":"Mmen",
                "Longlat":[10.238,6.356],
                "A_Upop":[0,0,0,0,0,0,19273,19823],
                "Metropole":"No"
                },
                  {
                 "ID":[1,8,4180],
                "A_Name":"Ambam",
                "Longlat":[11.313,2.379],
                "A_Upop":[0,0,0,0,0,12289,18518,19398],
                "Metropole":"No"
                },
                  {
                 "ID":[1,8,4223],
                "A_Name":"Bafut",
                "Longlat":[10.103,6.063],
                "A_Upop":[17500,20000,25000,26952,22132,18174,18678,19211],
                "Metropole":"No"
                },
                  {
                 "ID":[1,8,4285],
                "A_Name":"Bafanji",
                "Longlat":[10.405,5.834],
                "A_Upop":[0,0,0,0,0,0,18401,18925],
                "Metropole":"No"
                },
                  {
                 "ID":[1,8,4302],
                "A_Name":"Koutaba",
                "Longlat":[10.759,5.638],
                "A_Upop":[0,0,0,0,0,0,18506,18854],
                "Metropole":"No"
                },
                  {
                 "ID":[1,8,4320],
                "A_Name":"Guidiguis",
                "Longlat":[14.71,10.135],
                "A_Upop":[0,0,0,0,0,13167,17188,18767],
                "Metropole":"No"
                },
                  {
                 "ID":[1,8,4350],
                "A_Name":"Bali",
                "Longlat":[10.022,5.89],
                "A_Upop":[0,0,0,10862,19794,18335,18115,18632],
                "Metropole":"No"
                },
                  {
                 "ID":[1,8,4414],
                "A_Name":"Mamfe",
                "Longlat":[9.316,5.749],
                "A_Upop":[0,0,10800,10600,13700,13268,17538,18366],
                "Metropole":"No"
                },
                  {
                 "ID":[1,8,4418],
                "A_Name":"Makenene",
                "Longlat":[10.799,4.884],
                "A_Upop":[0,0,0,0,0,12030,16422,18342],
                "Metropole":"No"
                },
                  {
                 "ID":[1,8,4453],
                "A_Name":"Nkambe",
                "Longlat":[10.69,6.582],
                "A_Upop":[0,0,0,0,21250,18492,17682,18187],
                "Metropole":"No"
                },
                  {
                 "ID":[1,8,4461],
                "A_Name":"Boukoula",
                "Longlat":[13.454,10.142],
                "A_Upop":[0,0,0,0,0,0,16590,18115],
                "Metropole":"No"
                },
                  {
                 "ID":[1,8,4464],
                "A_Name":"Tourou",
                "Longlat":[13.745,10.942],
                "A_Upop":[0,0,0,0,0,0,16586,18110],
                "Metropole":"No"
                },
                  {
                 "ID":[1,8,4488],
                "A_Name":"Kekem",
                "Longlat":[10.016,5.148],
                "A_Upop":[0,0,0,10555,10995,14819,17659,17991],
                "Metropole":"No"
                },
                  {
                 "ID":[1,8,4501],
                "A_Name":"Ombessa",
                "Longlat":[11.258,4.611],
                "A_Upop":[0,0,0,0,0,0,16039,17913],
                "Metropole":"No"
                },
                  {
                 "ID":[1,8,4559],
                "A_Name":"Mbengwi",
                "Longlat":[9.985,6.03],
                "A_Upop":[0,0,0,0,0,0,17119,17608],
                "Metropole":"No"
                },
                  {
                 "ID":[1,8,4677],
                "A_Name":"Tombel",
                "Longlat":[9.668,4.752],
                "A_Upop":[0,10000,0,0,10946,13827,16370,17142],
                "Metropole":"No"
                },
                  {
                 "ID":[1,8,4740],
                "A_Name":"Penja-Ville",
                "Longlat":[9.683,4.64],
                "A_Upop":[0,0,11000,12300,12014,13224,15231,16935],
                "Metropole":"No"
                },
                  {
                 "ID":[1,8,4758],
                "A_Name":"Ekondo-Titi",
                "Longlat":[9.039,4.605],
                "A_Upop":[0,0,0,0,0,11135,16095,16855],
                "Metropole":"No"
                },
                  {
                 "ID":[1,8,4818],
                "A_Name":"Dibombari",
                "Longlat":[9.673,4.179],
                "A_Upop":[0,0,0,0,0,0,14916,16621],
                "Metropole":"No"
                },
                  {
                 "ID":[1,8,4862],
                "A_Name":"Mbai Mboum",
                "Longlat":[15.446,7.546],
                "A_Upop":[0,0,0,0,0,0,14188,16451],
                "Metropole":"No"
                },
                  {
                 "ID":[1,8,4889],
                "A_Name":"Gobo",
                "Longlat":[15.419,10.002],
                "A_Upop":[0,0,0,0,0,0,15010,16390],
                "Metropole":"No"
                },
                  {
                 "ID":[1,8,4924],
                "A_Name":"Malantouen",
                "Longlat":[11.131,5.7],
                "A_Upop":[0,0,0,0,0,0,15957,16257],
                "Metropole":"No"
                },
                  {
                 "ID":[1,8,4948],
                "A_Name":"Ngaoui",
                "Longlat":[14.952,6.743],
                "A_Upop":[0,0,0,0,0,0,14413,16191],
                "Metropole":"No"
                },
                  {
                 "ID":[1,8,5028],
                "A_Name":"Fundong",
                "Longlat":[10.312,6.302],
                "A_Upop":[0,0,0,0,11157,0,15540,15984],
                "Metropole":"No"
                },
                  {
                 "ID":[1,8,5035],
                "A_Name":"Baba 1",
                "Longlat":[10.498,6.04],
                "A_Upop":[0,0,0,0,0,0,15517,15959],
                "Metropole":"No"
                },
                  {
                 "ID":[1,8,5081],
                "A_Name":"Abong-Mbang",
                "Longlat":[13.181,3.978],
                "A_Upop":[0,0,0,0,13061,14713,15710,15758],
                "Metropole":"No"
                },
                  {
                 "ID":[1,8,5090],
                "A_Name":"Belabo",
                "Longlat":[13.293,4.917],
                "A_Upop":[0,0,0,0,10676,13700,15663,15710],
                "Metropole":"No"
                },
                  {
                 "ID":[1,8,5139],
                "A_Name":"Din",
                "Longlat":[10.724,6.353],
                "A_Upop":[0,0,0,0,0,0,15138,15569],
                "Metropole":"No"
                },
                  {
                 "ID":[1,8,5143],
                "A_Name":"Tchouvouk",
                "Longlat":[13.949,10.641],
                "A_Upop":[0,0,0,0,0,0,14231,15539],
                "Metropole":"No"
                },
                  {
                 "ID":[1,8,5172],
                "A_Name":"Ekona Mbenge",
                "Longlat":[9.333,4.231],
                "A_Upop":[0,0,0,0,0,0,14765,15462],
                "Metropole":"No"
                },
                  {
                 "ID":[1,8,5263],
                "A_Name":"Bangourain",
                "Longlat":[10.663,5.869],
                "A_Upop":[0,0,0,0,0,0,14856,15136],
                "Metropole":"No"
                },
                  {
                 "ID":[1,8,5284],
                "A_Name":"Esu",
                "Longlat":[10.087,6.573],
                "A_Upop":[0,0,0,0,0,0,14646,15065],
                "Metropole":"No"
                },
                  {
                 "ID":[1,8,5285],
                "A_Name":"Ekombe Bonji",
                "Longlat":[9.357,4.607],
                "A_Upop":[0,0,0,0,0,0,14385,15064],
                "Metropole":"No"
                },
                  {
                 "ID":[1,8,5298],
                "A_Name":"Mindif",
                "Longlat":[14.439,10.402],
                "A_Upop":[0,0,0,0,0,0,13747,15010],
                "Metropole":"No"
                },
                  {
                 "ID":[1,8,5462],
                "A_Name":"Awing",
                "Longlat":[10.257,5.838],
                "A_Upop":[0,0,0,0,0,0,14102,14504],
                "Metropole":"No"
                },
                  {
                 "ID":[1,8,5521],
                "A_Name":"Bankim",
                "Longlat":[11.487,6.082],
                "A_Upop":[0,0,0,0,0,0,12774,14350],
                "Metropole":"No"
                },
                  {
                 "ID":[1,8,5614],
                "A_Name":"Tchollire",
                "Longlat":[14.174,8.4],
                "A_Upop":[0,0,0,0,0,0,12134,14070],
                "Metropole":"No"
                },
                  {
                 "ID":[1,8,5618],
                "A_Name":"Doukoula",
                "Longlat":[14.972,10.114],
                "A_Upop":[0,0,0,0,0,0,12871,14054],
                "Metropole":"No"
                },
                  {
                 "ID":[1,8,5619],
                "A_Name":"Fotokol",
                "Longlat":[14.224,12.38],
                "A_Upop":[0,0,0,0,0,0,12870,14053],
                "Metropole":"No"
                },
                  {
                 "ID":[1,8,5651],
                "A_Name":"Tignere",
                "Longlat":[12.655,7.367],
                "A_Upop":[0,0,0,0,0,0,12452,13988],
                "Metropole":"No"
                },
                  {
                 "ID":[1,8,5716],
                "A_Name":"Djottin",
                "Longlat":[10.559,6.288],
                "A_Upop":[0,0,0,0,0,0,13401,13783],
                "Metropole":"No"
                },
                  {
                 "ID":[1,8,5772],
                "A_Name":"Mfou",
                "Longlat":[11.646,3.721],
                "A_Upop":[0,0,0,0,0,0,12191,13616],
                "Metropole":"No"
                },
                  {
                 "ID":[1,8,5774],
                "A_Name":"Ndikinimeki",
                "Longlat":[10.829,4.761],
                "A_Upop":[0,0,0,0,0,0,12190,13614],
                "Metropole":"No"
                },
                  {
                 "ID":[1,8,5834],
                "A_Name":"Bamessing",
                "Longlat":[10.36,5.983],
                "A_Upop":[0,0,0,0,0,0,13089,13463],
                "Metropole":"No"
                },
                  {
                 "ID":[1,8,5894],
                "A_Name":"Babessi",
                "Longlat":[10.583,6.03],
                "A_Upop":[0,0,0,0,0,0,12925,13294],
                "Metropole":"No"
                },
                  {
                 "ID":[1,8,5959],
                "A_Name":"Gazawa",
                "Longlat":[14.139,10.537],
                "A_Upop":[0,0,0,0,0,0,12017,13122],
                "Metropole":"No"
                },
                  {
                 "ID":[1,8,5967],
                "A_Name":"Ntui",
                "Longlat":[11.628,4.443],
                "A_Upop":[0,0,0,0,0,0,11727,13098],
                "Metropole":"No"
                },
                  {
                 "ID":[1,8,6066],
                "A_Name":"Monatele",
                "Longlat":[11.206,4.254],
                "A_Upop":[0,0,0,0,0,0,11531,12879],
                "Metropole":"No"
                },
                  {
                 "ID":[1,8,6080],
                "A_Name":"Madingring",
                "Longlat":[15.005,8.454],
                "A_Upop":[0,0,0,0,0,0,11075,12841],
                "Metropole":"No"
                },
                  {
                 "ID":[1,8,6247],
                "A_Name":"Pété",
                "Longlat":[14.493,10.972],
                "A_Upop":[0,0,0,0,0,0,11402,12449],
                "Metropole":"No"
                },
                  {
                 "ID":[1,8,6290],
                "A_Name":"Sa'A",
                "Longlat":[11.436,4.374],
                "A_Upop":[0,0,0,0,0,0,11052,12343],
                "Metropole":"No"
                },
                  {
                 "ID":[1,8,6317],
                "A_Name":"Bibemi",
                "Longlat":[13.876,9.309],
                "A_Upop":[0,0,0,0,0,0,10598,12289],
                "Metropole":"No"
                },
                  {
                 "ID":[1,8,6453],
                "A_Name":"Babungo",
                "Longlat":[10.429,6.06],
                "A_Upop":[0,0,0,0,0,0,11668,12001],
                "Metropole":"No"
                },
                  {
                 "ID":[1,8,6485],
                "A_Name":"Gouzda",
                "Longlat":[13.827,10.864],
                "A_Upop":[0,0,0,0,0,0,10952,11958],
                "Metropole":"No"
                },
                  {
                 "ID":[1,8,6518],
                "A_Name":"Touroua",
                "Longlat":[12.975,9.078],
                "A_Upop":[0,0,0,0,0,0,10261,11897],
                "Metropole":"No"
                },
                  {
                 "ID":[1,8,6629],
                "A_Name":"Ebebiyin/Kye Ossi [CMR]",
                "Longlat":[11.339,2.188],
                "A_Upop":[0,0,0,0,0,0,11135,11664],
                "Metropole":"No"
                },
                  {
                 "ID":[1,8,6646],
                "A_Name":"Adoumri",
                "Longlat":[13.773,9.249],
                "A_Upop":[0,0,0,0,0,0,10016,11614],
                "Metropole":"No"
                },
                  {
                 "ID":[1,8,6686],
                "A_Name":"Bamunkumbit",
                "Longlat":[10.342,5.844],
                "A_Upop":[0,0,0,0,0,0,11207,11527],
                "Metropole":"No"
                },
                  {
                 "ID":[1,8,6720],
                "A_Name":"Jakiri",
                "Longlat":[10.637,6.086],
                "A_Upop":[0,0,0,0,0,0,11153,11472],
                "Metropole":"No"
                },
                  {
                 "ID":[1,8,6755],
                "A_Name":"Poli",
                "Longlat":[13.241,8.468],
                "A_Upop":[0,0,0,0,0,0,0,11377],
                "Metropole":"No"
                },
                  {
                 "ID":[1,8,6770],
                "A_Name":"Ayos",
                "Longlat":[12.522,3.906],
                "A_Upop":[0,0,0,0,0,0,10158,11345],
                "Metropole":"No"
                },
                  {
                 "ID":[1,8,6800],
                "A_Name":"Mayo Oulo",
                "Longlat":[13.617,9.967],
                "A_Upop":[0,0,0,0,0,0,0,11295],
                "Metropole":"No"
                },
                  {
                 "ID":[1,8,6839],
                "A_Name":"Tonga",
                "Longlat":[10.699,4.973],
                "A_Upop":[0,0,0,0,0,10419,11010,11217],
                "Metropole":"No"
                },
                  {
                 "ID":[1,8,6940],
                "A_Name":"Bourrha",
                "Longlat":[13.51,10.25],
                "A_Upop":[0,0,0,0,0,0,0,11015],
                "Metropole":"No"
                },
                  {
                 "ID":[1,8,6981],
                "A_Name":"Doreissou",
                "Longlat":[15.138,10.549],
                "A_Upop":[0,0,0,0,0,0,10052,10976],
                "Metropole":"No"
                },
                  {
                 "ID":[1,8,6989],
                "A_Name":"Doumo",
                "Longlat":[13.302,10.054],
                "A_Upop":[0,0,0,0,0,0,0,10968],
                "Metropole":"No"
                },
                  {
                 "ID":[1,8,6996],
                "A_Name":"Mayo-Moskota/Ashigashiya [CMR]",
                "Longlat":[13.877,11.128],
                "A_Upop":[0,0,0,0,0,0,16895,10959],
                "Metropole":"No"
                },
                  {
                 "ID":[1,8,7176],
                "A_Name":"Demsa",
                "Longlat":[13.363,9.432],
                "A_Upop":[0,0,0,0,0,0,0,10619],
                "Metropole":"No"
                },
                  {
                 "ID":[1,8,7184],
                "A_Name":"Bangolan",
                "Longlat":[10.626,5.938],
                "A_Upop":[0,0,0,0,0,0,10308,10602],
                "Metropole":"No"
                },
                  {
                 "ID":[1,8,7213],
                "A_Name":"Santchou",
                "Longlat":[9.97,5.285],
                "A_Upop":[0,0,0,0,0,0,10361,10557],
                "Metropole":"No"
                },
                  {
                 "ID":[1,8,7275],
                "A_Name":"Makak",
                "Longlat":[11.038,3.547],
                "A_Upop":[0,0,0,0,0,0,0,10468],
                "Metropole":"No"
                },
                  {
                 "ID":[1,8,7382],
                "A_Name":"Gueme",
                "Longlat":[15.201,10.497],
                "A_Upop":[0,0,0,0,0,0,0,10310],
                "Metropole":"No"
                },
                  {
                 "ID":[1,8,7442],
                "A_Name":"Binka",
                "Longlat":[10.777,6.537],
                "A_Upop":[0,0,0,0,0,0,0,10231],
                "Metropole":"No"
                },
                  {
                 "ID":[1,8,7563],
                "A_Name":"Muyenge",
                "Longlat":[9.275,4.404],
                "A_Upop":[0,0,0,0,0,0,0,10071],
                "Metropole":"No"
                },
                  {
                 "ID":[1,8,7588],
                "A_Name":"Mogode",
                "Longlat":[13.574,10.604],
                "A_Upop":[0,0,0,0,0,0,0,10040],
                "Metropole":"No"
                },
                  {
                 "ID":[1,8,7683],
                "A_Name":"Dschang",
                "Longlat":[10.0641,5.4476],
                "A_Upop":[0,0,18200,25242,39553,54135,0,0],
                "Metropole":"No"
                },
                  {
                 "ID":[1,8,7709],
                "A_Name":"Mbouda",
                "Longlat":[10.2588,5.6269],
                "A_Upop":[0,0,0,20692,37519,42927,0,0],
                "Metropole":"No"
                },
                  {
                 "ID":[1,8,8046],
                "A_Name":"Bandjoun",
                "Longlat":[10.407,5.3655],
                "A_Upop":[0,0,0,0,0,11989,0,0],
                "Metropole":"No"
                },
                  {
                 "ID":[1,8,8098],
                "A_Name":"Tubah",
                "Longlat":[10.240502,6.026399],
                "A_Upop":[0,0,0,0,0,10882,0,0],
                "Metropole":"No"
                },
                  {
                 "ID":[1,8,8148],
                "A_Name":"Menji",
                "Longlat":[9.877357,5.475292],
                "A_Upop":[0,0,0,0,12273,0,0,0],
                "Metropole":"No"
                },
                  {
                 "ID":[1,8,8152],
                "A_Name":"Bamendjou",
                "Longlat":[10.2424,5.2641],
                "A_Upop":[0,12100,0,0,0,0,0,0],
                "Metropole":"No"
                },
                  {
                "ID":[1,8,8160],
                "A_Name":"Bambili",
                "Longlat":[10.248,6.004],
                "A_Upop":[0,0,0,0,11183,0,0,0],
                "Metropole":"No"
                }]
}