{
    "EN_country":"Central African Republic",
    "FR_country":"République centrafricaine",
    "ID":[1,6,0],
    "Upop":[37614,140333,378203,658159,913519,1253775,1642969],
    "Urbanlevel":[0.03,0.12,0.22,0.29,0.33,0.35,0.36,0.37],
    "Numagglos":[1,5,11,16,22,28,31,31],
    "Mpop":[1,0.6,0.53,0.51,0.49,0.5,0.51,0.52],
    "ADBA":[0,228,105,90,79,81,82,81.9],
    "Agglomerations":[
    {
                 "ID":[1,6,76],
                "A_Name":"Bangui",
                "Longlat":[18.535,4.398],
                "A_Upop":[37614,84013,199139,338394,446970,625053,841092,945883],
                "Metropole":"Yes"
                },
                  {
                 "ID":[1,6,748],
                "A_Name":"Berbérati",
                "Longlat":[15.785,4.259],
                "A_Upop":[0,11997,23670,32819,44838,68872,87474,95164],
                "Metropole":"No"
                },
                  {
                 "ID":[1,6,1170],
                "A_Name":"Bangui 7ème Arr.",
                "Longlat":[18.618,4.376],
                "A_Upop":[0,0,0,29871,35372,41956,54834,63492],
                "Metropole":"No"
                },
                  {
                 "ID":[1,6,1237],
                "A_Name":"Carnot",
                "Longlat":[15.88,4.944],
                "A_Upop":[0,0,10726,22752,32654,42454,53839,60184],
                "Metropole":"No"
                },
                  {
                 "ID":[1,6,1427],
                "A_Name":"Bambari",
                "Longlat":[20.668,5.764],
                "A_Upop":[0,14815,27995,34261,38929,40847,47609,52210],
                "Metropole":"No"
                },
                  {
                 "ID":[1,6,1563],
                "A_Name":"Bouar",
                "Longlat":[15.603,5.937],
                "A_Upop":[0,16681,26747,33535,39751,40229,44978,48293],
                "Metropole":"No"
                },
                  {
                 "ID":[1,6,1636],
                "A_Name":"Bria",
                "Longlat":[21.985,6.539],
                "A_Upop":[0,0,0,17797,23875,32514,41577,46365],
                "Metropole":"No"
                },
                  {
                 "ID":[1,6,1682],
                "A_Name":"Bossangoa",
                "Longlat":[17.443,6.497],
                "A_Upop":[0,12829,22428,27712,32023,35518,41531,45216],
                "Metropole":"No"
                },
                  {
                 "ID":[1,6,2003],
                "A_Name":"Bangassou",
                "Longlat":[22.813,4.75],
                "A_Upop":[0,0,19903,22888,25158,30123,35711,38728],
                "Metropole":"No"
                },
                  {
                 "ID":[1,6,2107],
                "A_Name":"Nola",
                "Longlat":[16.04,3.52],
                "A_Upop":[0,0,0,0,15783,25731,33478,36630],
                "Metropole":"No"
                },
                  {
                 "ID":[1,6,2548],
                "A_Name":"Kaga-Bandoro",
                "Longlat":[19.177,7.006],
                "A_Upop":[0,0,11363,16152,24295,24586,28238,30858],
                "Metropole":"No"
                },
                  {
                 "ID":[1,6,2734],
                "A_Name":"Boda",
                "Longlat":[17.469,4.319],
                "A_Upop":[0,0,0,0,11771,11705,20218,28952],
                "Metropole":"No"
                },
                  {
                 "ID":[1,6,2773],
                "A_Name":"Sibut",
                "Longlat":[19.084,5.743],
                "A_Upop":[0,0,0,15495,18501,21555,25964,28586],
                "Metropole":"No"
                },
                  {
                 "ID":[1,6,3046],
                "A_Name":"Bozoum",
                "Longlat":[16.377,6.317],
                "A_Upop":[0,0,0,15074,17662,20011,23787,26084],
                "Metropole":"No"
                },
                  {
                 "ID":[1,6,3276],
                "A_Name":"M'baïki",
                "Longlat":[17.99,3.871],
                "A_Upop":[0,0,12307,14134,17422,21100,23454,24337],
                "Metropole":"No"
                },
                  {
                 "ID":[1,6,3658],
                "A_Name":"Batangafo",
                "Longlat":[18.296,7.305],
                "A_Upop":[0,0,13217,12782,13441,15761,19619,22045],
                "Metropole":"No"
                },
                  {
                 "ID":[1,6,3874],
                "A_Name":"Paoua",
                "Longlat":[16.432,7.251],
                "A_Upop":[0,0,0,0,14451,16728,19347,20762],
                "Metropole":"No"
                },
                  {
                 "ID":[1,6,4166],
                "A_Name":"Ippy",
                "Longlat":[21.196,6.258],
                "A_Upop":[0,0,0,12120,14207,14988,17650,19468],
                "Metropole":"No"
                },
                  {
                 "ID":[1,6,4186],
                "A_Name":"Bokaranga",
                "Longlat":[15.641,6.995],
                "A_Upop":[0,0,0,0,0,13932,17834,19351],
                "Metropole":"No"
                },
                  {
                 "ID":[1,6,4299],
                "A_Name":"Kabo",
                "Longlat":[18.623,7.692],
                "A_Upop":[0,0,0,0,12117,15324,17794,18862],
                "Metropole":"No"
                },
                  {
                 "ID":[1,6,4549],
                "A_Name":"Gamboula",
                "Longlat":[15.138,4.122],
                "A_Upop":[0,0,0,0,0,11326,15663,17655],
                "Metropole":"No"
                },
                  {
                 "ID":[1,6,4575],
                "A_Name":"Baoro",
                "Longlat":[15.952,5.696],
                "A_Upop":[0,0,0,0,0,11992,15621,17560],
                "Metropole":"No"
                },
                  {
                 "ID":[1,6,4629],
                "A_Name":"Alindao",
                "Longlat":[21.213,5.039],
                "A_Upop":[0,0,10708,12371,12674,14029,16109,17337],
                "Metropole":"No"
                },
                  {
                 "ID":[1,6,5034],
                "A_Name":"Yaloké",
                "Longlat":[17.094,5.32],
                "A_Upop":[0,0,0,0,0,12459,14987,15966],
                "Metropole":"No"
                },
                  {
                 "ID":[1,6,5141],
                "A_Name":"Dékoa",
                "Longlat":[19.078,6.323],
                "A_Upop":[0,0,0,0,10181,11945,14245,15561],
                "Metropole":"No"
                },
                  {
                 "ID":[1,6,5311],
                "A_Name":"Bouca",
                "Longlat":[18.275,6.509],
                "A_Upop":[0,0,0,0,11444,12104,13854,14993],
                "Metropole":"No"
                },
                  {
                 "ID":[1,6,5728],
                "A_Name":"Ndélé",
                "Longlat":[20.648,8.412],
                "A_Upop":[0,0,0,0,0,10327,12512,13737],
                "Metropole":"No"
                },
                  {
                 "ID":[1,6,5902],
                "A_Name":"Grimari",
                "Longlat":[20.054,5.743],
                "A_Upop":[0,0,0,0,0,10606,12242,13273],
                "Metropole":"No"
                },
                  {
                 "ID":[1,6,6320],
                "A_Name":"Zémio",
                "Longlat":[25.121,5.018],
                "A_Upop":[0,0,0,0,0,0,10062,12282],
                "Metropole":"No"
                },
                  {
                 "ID":[1,6,6580],
                "A_Name":"Bossembélé",
                "Longlat":[17.651,5.268],
                "A_Upop":[0,0,0,0,0,0,11343,11749],
                "Metropole":"No"
                },
                  {
                "ID":[1,6,6877],
                "A_Name":"Kembé",
                "Longlat":[21.879,4.612],
                "A_Upop":[0,0,0,0,0,0,10303,11123],
                "Metropole":"No"
                }]
}