{
    "EN_country":"Chad",
    "FR_country":"Tchad",
    "ID":[1,43,0],
    "Upop":[56500,136305,315060,582731,971607,1565260,3056445],
    "Urbanlevel":[0.03,0.05,0.09,0.13,0.17,0.19,0.26,0.29],
    "Numagglos":[3,4,9,14,25,37,77,93],
    "Mpop":[0.42,0.48,0.47,0.49,0.47,0.44,0.33,0.31],
    "ADBA":[312,380,160,95,82,81,46,45.7],
    "Agglomerations":[
    {
                 "ID":[1,43,59],
                "A_Name":"Ndjamena/Kousséri [TCD]",
                "Longlat":[15.059,12.147],
                "A_Upop":[23500,65643,148919,284685,459829,694435,1005570,1210048],
                "Metropole":"Yes"
                },
                  {
                 "ID":[1,43,445],
                "A_Name":"Moundou",
                "Longlat":[16.04,8.574],
                "A_Upop":[18000,25555,36203,55940,86446,115089,142643,158803],
                "Metropole":"No"
                },
                  {
                 "ID":[1,43,566],
                "A_Name":"Abeche",
                "Longlat":[20.825,13.822],
                "A_Upop":[0,18764,27285,37125,49969,71438,103428,124449],
                "Metropole":"No"
                },
                  {
                 "ID":[1,43,647],
                "A_Name":"Sarh",
                "Longlat":[18.378,9.144],
                "A_Upop":[15000,26344,36883,56051,70439,85061,100383,109050],
                "Metropole":"No"
                },
                  {
                 "ID":[1,43,863],
                "A_Name":"Am Timan",
                "Longlat":[20.279,11.057],
                "A_Upop":[0,0,0,0,12839,27194,57340,83262],
                "Metropole":"No"
                },
                  {
                 "ID":[1,43,980],
                "A_Name":"Kelo",
                "Longlat":[15.798,9.309],
                "A_Upop":[0,0,14974,21417,28705,41486,61077,74109],
                "Metropole":"No"
                },
                  {
                 "ID":[1,43,984],
                "A_Name":"Doba",
                "Longlat":[16.847,8.679],
                "A_Upop":[0,0,11804,15894,17846,29013,54062,73798],
                "Metropole":"No"
                },
                  {
                 "ID":[1,43,1144],
                "A_Name":"Bol",
                "Longlat":[14.71,13.47],
                "A_Upop":[0,0,0,0,0,15627,40494,65184],
                "Metropole":"No"
                },
                  {
                 "ID":[1,43,1162],
                "A_Name":"Pala",
                "Longlat":[14.903,9.367],
                "A_Upop":[0,0,11902,17494,23797,34950,52288,63956],
                "Metropole":"No"
                },
                  {
                 "ID":[1,43,1187],
                "A_Name":"Bongor",
                "Longlat":[15.377,10.279],
                "A_Upop":[0,0,12446,16575,18474,28097,47901,62545],
                "Metropole":"No"
                },
                  {
                 "ID":[1,43,1417],
                "A_Name":"Mao",
                "Longlat":[15.312,14.122],
                "A_Upop":[0,0,0,0,11496,20834,38605,52552],
                "Metropole":"No"
                },
                  {
                 "ID":[1,43,1492],
                "A_Name":"Mongo",
                "Longlat":[18.693,12.184],
                "A_Upop":[0,0,0,10986,16367,25534,39984,50034],
                "Metropole":"No"
                },
                  {
                 "ID":[1,43,1546],
                "A_Name":"Faya",
                "Longlat":[19.11,17.936],
                "A_Upop":[0,0,0,0,0,16610,34001,48647],
                "Metropole":"No"
                },
                  {
                 "ID":[1,43,1692],
                "A_Name":"Koumra",
                "Longlat":[17.538,8.918],
                "A_Upop":[0,0,14643,20365,23896,30354,39516,45087],
                "Metropole":"No"
                },
                  {
                 "ID":[1,43,1807],
                "A_Name":"Iriba",
                "Longlat":[22.251,15.128],
                "A_Upop":[0,0,0,0,0,0,35155,42424],
                "Metropole":"No"
                },
                  {
                 "ID":[1,43,1841],
                "A_Name":"Bredjing camp",
                "Longlat":[21.711,13.484],
                "A_Upop":[0,0,0,0,0,0,34465,41500],
                "Metropole":"No"
                },
                  {
                 "ID":[1,43,1917],
                "A_Name":"Massakory",
                "Longlat":[15.735,12.996],
                "A_Upop":[0,0,0,0,0,17094,30094,39930],
                "Metropole":"No"
                },
                  {
                 "ID":[1,43,1928],
                "A_Name":"Bitkine",
                "Longlat":[18.205,11.978],
                "A_Upop":[0,0,0,0,11743,19305,31245,39749],
                "Metropole":"No"
                },
                  {
                 "ID":[1,43,1931],
                "A_Name":"Arada",
                "Longlat":[20.655,15.015],
                "A_Upop":[0,0,0,0,0,0,21033,39711],
                "Metropole":"No"
                },
                  {
                 "ID":[1,43,1935],
                "A_Name":"Gore",
                "Longlat":[16.638,7.926],
                "A_Upop":[0,0,0,0,0,0,24563,39665],
                "Metropole":"No"
                },
                  {
                 "ID":[1,43,2069],
                "A_Name":"Oure Cassoni camp",
                "Longlat":[23.05,15.712],
                "A_Upop":[0,0,0,0,0,0,32206,37500],
                "Metropole":"No"
                },
                  {
                 "ID":[1,43,2092],
                "A_Name":"Goz Beida",
                "Longlat":[21.404,12.224],
                "A_Upop":[0,0,0,0,0,0,73000,37000],
                "Metropole":"No"
                },
                  {
                 "ID":[1,43,2162],
                "A_Name":"Biltine",
                "Longlat":[20.928,14.523],
                "A_Upop":[0,0,0,0,0,13125,25538,35624],
                "Metropole":"No"
                },
                  {
                 "ID":[1,43,2246],
                "A_Name":"Moussoro",
                "Longlat":[16.488,13.644],
                "A_Upop":[0,0,0,0,10149,15720,26639,34677],
                "Metropole":"No"
                },
                  {
                 "ID":[1,43,2284],
                "A_Name":"Oum Hadjer",
                "Longlat":[19.691,13.29],
                "A_Upop":[0,0,0,0,12361,18896,28052,34179],
                "Metropole":"No"
                },
                  {
                 "ID":[1,43,2377],
                "A_Name":"Goz Amer camp",
                "Longlat":[21.746,12.005],
                "A_Upop":[0,0,0,0,0,0,24608,32900],
                "Metropole":"No"
                },
                  {
                 "ID":[1,43,2416],
                "A_Name":"Lere",
                "Longlat":[14.223,9.657],
                "A_Upop":[0,0,0,0,10777,16815,24150,32442],
                "Metropole":"No"
                },
                  {
                 "ID":[1,43,2446],
                "A_Name":"Gounou-Gaya",
                "Longlat":[15.508,9.632],
                "A_Upop":[0,0,0,0,0,11481,22762,32050],
                "Metropole":"No"
                },
                  {
                 "ID":[1,43,2564],
                "A_Name":"Touloum camp",
                "Longlat":[22.267,15.002],
                "A_Upop":[0,0,0,0,0,0,24500,30700],
                "Metropole":"No"
                },
                  {
                 "ID":[1,43,2577],
                "A_Name":"Fianga",
                "Longlat":[15.14,9.918],
                "A_Upop":[0,0,0,10737,10046,14245,23707,30582],
                "Metropole":"No"
                },
                  {
                 "ID":[1,43,2728],
                "A_Name":"Farchana camp",
                "Longlat":[21.796,13.596],
                "A_Upop":[0,0,0,0,0,0,21983,29000],
                "Metropole":"No"
                },
                  {
                 "ID":[1,43,2729],
                "A_Name":"Belom Camp",
                "Longlat":[18.755,8.443],
                "A_Upop":[0,0,0,0,0,0,0,29000],
                "Metropole":"No"
                },
                  {
                 "ID":[1,43,2764],
                "A_Name":"Maro",
                "Longlat":[18.768,8.474],
                "A_Upop":[0,0,0,0,0,0,16917,28732],
                "Metropole":"No"
                },
                  {
                 "ID":[1,43,2877],
                "A_Name":"Dosseye Camp",
                "Longlat":[16.628,7.995],
                "A_Upop":[0,0,0,0,0,0,0,27500],
                "Metropole":"No"
                },
                  {
                 "ID":[1,43,3077],
                "A_Name":"Gaga camp",
                "Longlat":[21.45,13.765],
                "A_Upop":[0,0,0,0,0,0,19888,25800],
                "Metropole":"No"
                },
                  {
                 "ID":[1,43,3109],
                "A_Name":"Am Nabak camp",
                "Longlat":[22.336,14.795],
                "A_Upop":[0,0,0,0,0,0,18087,25500],
                "Metropole":"No"
                },
                  {
                 "ID":[1,43,3143],
                "A_Name":"Dourbali",
                "Longlat":[15.86,11.805],
                "A_Upop":[0,0,0,0,10643,16343,21833,25236],
                "Metropole":"No"
                },
                  {
                 "ID":[1,43,3145],
                "A_Name":"Koukou Angarana",
                "Longlat":[21.654,12.011],
                "A_Upop":[0,0,0,0,0,0,18671,25226],
                "Metropole":"No"
                },
                  {
                 "ID":[1,43,3255],
                "A_Name":"Fada",
                "Longlat":[21.581,17.193],
                "A_Upop":[0,0,0,0,0,0,14107,24532],
                "Metropole":"No"
                },
                  {
                 "ID":[1,43,3272],
                "A_Name":"Mandelia",
                "Longlat":[15.244,11.731],
                "A_Upop":[0,0,0,0,0,0,15284,24388],
                "Metropole":"No"
                },
                  {
                 "ID":[1,43,3343],
                "A_Name":"Iridimi camp",
                "Longlat":[22.129,15.118],
                "A_Upop":[0,0,0,0,0,0,18859,23900],
                "Metropole":"No"
                },
                  {
                 "ID":[1,43,3374],
                "A_Name":"Massaguet",
                "Longlat":[15.44,12.481],
                "A_Upop":[0,0,0,0,10065,15956,20776,23708],
                "Metropole":"No"
                },
                  {
                 "ID":[1,43,3497],
                "A_Name":"Kounoungou camp",
                "Longlat":[21.939,14.46],
                "A_Upop":[0,0,0,0,0,0,16927,23000],
                "Metropole":"No"
                },
                  {
                 "ID":[1,43,3516],
                "A_Name":"Ati",
                "Longlat":[18.342,13.22],
                "A_Upop":[0,0,0,10423,15671,19253,21603,22884],
                "Metropole":"No"
                },
                  {
                 "ID":[1,43,3519],
                "A_Name":"Bokoro",
                "Longlat":[17.056,12.379],
                "A_Upop":[0,0,0,0,10055,13746,19295,22860],
                "Metropole":"No"
                },
                  {
                 "ID":[1,43,3550],
                "A_Name":"Treguine camp",
                "Longlat":[21.697,13.472],
                "A_Upop":[0,0,0,0,0,0,17820,22700],
                "Metropole":"No"
                },
                  {
                 "ID":[1,43,3561],
                "A_Name":"Milé Camp",
                "Longlat":[21.928,14.592],
                "A_Upop":[0,0,0,0,0,0,17382,22600],
                "Metropole":"No"
                },
                  {
                 "ID":[1,43,3588],
                "A_Name":"Guelendeng",
                "Longlat":[15.546,10.918],
                "A_Upop":[0,0,0,0,0,10794,17600,22474],
                "Metropole":"No"
                },
                  {
                 "ID":[1,43,3755],
                "A_Name":"Lai",
                "Longlat":[16.301,9.404],
                "A_Upop":[0,0,0,12439,13823,16286,19546,21413],
                "Metropole":"No"
                },
                  {
                 "ID":[1,43,3832],
                "A_Name":"Abgadam Camp",
                "Longlat":[22.845,10.95],
                "A_Upop":[0,0,0,0,0,0,0,21000],
                "Metropole":"No"
                },
                  {
                 "ID":[1,43,4033],
                "A_Name":"Binder Urbain",
                "Longlat":[14.467,9.966],
                "A_Upop":[0,0,0,0,0,0,14135,19996],
                "Metropole":"No"
                },
                  {
                 "ID":[1,43,4119],
                "A_Name":"Adre",
                "Longlat":[22.194,13.462],
                "A_Upop":[0,0,0,0,0,11033,16224,19674],
                "Metropole":"No"
                },
                  {
                 "ID":[1,43,4188],
                "A_Name":"Goundi",
                "Longlat":[17.366,9.365],
                "A_Upop":[0,0,0,0,0,10547,16571,19350],
                "Metropole":"No"
                },
                  {
                 "ID":[1,43,4235],
                "A_Name":"Bere",
                "Longlat":[16.159,9.315],
                "A_Upop":[0,0,0,0,10569,13482,17032,19143],
                "Metropole":"No"
                },
                  {
                 "ID":[1,43,4389],
                "A_Name":"Ade",
                "Longlat":[21.883,12.684],
                "A_Upop":[0,0,0,0,0,0,13629,18453],
                "Metropole":"No"
                },
                  {
                 "ID":[1,43,4450],
                "A_Name":"Abdi II",
                "Longlat":[21.303,12.806],
                "A_Upop":[0,0,0,0,0,0,0,18193],
                "Metropole":"No"
                },
                  {
                 "ID":[1,43,4483],
                "A_Name":"Kyabe",
                "Longlat":[18.947,9.456],
                "A_Upop":[0,0,0,0,10476,13641,16437,18042],
                "Metropole":"No"
                },
                  {
                 "ID":[1,43,4610],
                "A_Name":"Kerfi",
                "Longlat":[21.302,11.892],
                "A_Upop":[0,0,0,0,0,0,0,17433],
                "Metropole":"No"
                },
                  {
                 "ID":[1,43,4671],
                "A_Name":"Ngama",
                "Longlat":[17.161,11.79],
                "A_Upop":[0,0,0,0,0,11238,14901,17158],
                "Metropole":"No"
                },
                  {
                 "ID":[1,43,4823],
                "A_Name":"Magrane",
                "Longlat":[20.254,12.834],
                "A_Upop":[0,0,0,0,0,0,0,16601],
                "Metropole":"No"
                },
                  {
                 "ID":[1,43,4963],
                "A_Name":"Tine Djangarba",
                "Longlat":[22.801,15.025],
                "A_Upop":[0,0,0,0,0,0,13394,16138],
                "Metropole":"No"
                },
                  {
                 "ID":[1,43,5023],
                "A_Name":"Bedjondo",
                "Longlat":[17.186,8.635],
                "A_Upop":[0,0,0,0,0,0,12001,15995],
                "Metropole":"No"
                },
                  {
                 "ID":[1,43,5066],
                "A_Name":"Mangalme",
                "Longlat":[19.616,12.365],
                "A_Upop":[0,0,0,0,0,0,11952,15814],
                "Metropole":"No"
                },
                  {
                 "ID":[1,43,5082],
                "A_Name":"Koundoul II / Sara",
                "Longlat":[15.082,12.064],
                "A_Upop":[0,0,0,0,0,0,13474,15751],
                "Metropole":"No"
                },
                  {
                 "ID":[1,43,5191],
                "A_Name":"Abougoudam",
                "Longlat":[20.751,13.658],
                "A_Upop":[0,0,0,0,0,0,11827,15411],
                "Metropole":"No"
                },
                  {
                 "ID":[1,43,5198],
                "A_Name":"Salal",
                "Longlat":[17.217,14.847],
                "A_Upop":[0,0,0,0,0,0,0,15381],
                "Metropole":"No"
                },
                  {
                 "ID":[1,43,5389],
                "A_Name":"Peni I",
                "Longlat":[17.299,8.787],
                "A_Upop":[0,0,0,0,0,0,12444,14724],
                "Metropole":"No"
                },
                  {
                 "ID":[1,43,5433],
                "A_Name":"Moissala",
                "Longlat":[17.761,8.344],
                "A_Upop":[0,0,0,0,0,0,12651,14592],
                "Metropole":"No"
                },
                  {
                 "ID":[1,43,5477],
                "A_Name":"Bahay",
                "Longlat":[22.915,15.544],
                "A_Upop":[0,0,0,0,0,0,11151,14487],
                "Metropole":"No"
                },
                  {
                 "ID":[1,43,5865],
                "A_Name":"Kalait",
                "Longlat":[20.901,15.837],
                "A_Upop":[0,0,0,0,0,0,10491,13382],
                "Metropole":"No"
                },
                  {
                 "ID":[1,43,5910],
                "A_Name":"Bebalem",
                "Longlat":[16.428,8.997],
                "A_Upop":[0,0,0,0,0,10977,12442,13246],
                "Metropole":"No"
                },
                  {
                 "ID":[1,43,5929],
                "A_Name":"Yaroungou camp",
                "Longlat":[16.685,8.495],
                "A_Upop":[0,0,0,0,0,0,10544,13200],
                "Metropole":"No"
                },
                  {
                 "ID":[1,43,5943],
                "A_Name":"Ngouri",
                "Longlat":[15.366,13.637],
                "A_Upop":[0,0,0,0,0,0,0,13163],
                "Metropole":"No"
                },
                  {
                 "ID":[1,43,6000],
                "A_Name":"Mogororo I Haraze",
                "Longlat":[22.472,12.017],
                "A_Upop":[0,0,0,0,0,0,0,13028],
                "Metropole":"No"
                },
                  {
                 "ID":[1,43,6056],
                "A_Name":"Gondjé camp",
                "Longlat":[16.549,7.949],
                "A_Upop":[0,0,0,0,0,0,0,12900],
                "Metropole":"No"
                },
                  {
                 "ID":[1,43,6094],
                "A_Name":"Amboko Camp",
                "Longlat":[16.587,7.94],
                "A_Upop":[0,0,0,0,0,0,11111,12800],
                "Metropole":"No"
                },
                  {
                 "ID":[1,43,6163],
                "A_Name":"Bousso",
                "Longlat":[16.711,10.487],
                "A_Upop":[0,0,0,0,0,10774,11972,12621],
                "Metropole":"No"
                },
                  {
                 "ID":[1,43,6296],
                "A_Name":"Alaroro",
                "Longlat":[19.072,9.704],
                "A_Upop":[0,0,0,0,0,0,10456,12328],
                "Metropole":"No"
                },
                  {
                 "ID":[1,43,6436],
                "A_Name":"Ndam",
                "Longlat":[17.182,9.769],
                "A_Upop":[0,0,0,0,0,0,0,12050],
                "Metropole":"No"
                },
                  {
                 "ID":[1,43,6481],
                "A_Name":"Bedaya",
                "Longlat":[17.093,8.643],
                "A_Upop":[0,0,0,0,0,0,0,11973],
                "Metropole":"No"
                },
                  {
                 "ID":[1,43,6617],
                "A_Name":"Baibokoum",
                "Longlat":[15.692,7.741],
                "A_Upop":[0,0,0,0,0,0,0,11693],
                "Metropole":"No"
                },
                  {
                 "ID":[1,43,6637],
                "A_Name":"Melfi",
                "Longlat":[17.937,11.07],
                "A_Upop":[0,0,0,0,0,0,0,11633],
                "Metropole":"No"
                },
                  {
                 "ID":[1,43,6663],
                "A_Name":"Bessao",
                "Longlat":[15.964,7.88],
                "A_Upop":[0,0,0,0,0,0,0,11587],
                "Metropole":"No"
                },
                  {
                 "ID":[1,43,6823],
                "A_Name":"Mbalkabra",
                "Longlat":[16.098,8.831],
                "A_Upop":[0,0,0,0,0,0,0,11247],
                "Metropole":"No"
                },
                  {
                 "ID":[1,43,6913],
                "A_Name":"Beinamar",
                "Longlat":[15.379,8.667],
                "A_Upop":[0,0,0,0,0,0,0,11061],
                "Metropole":"No"
                },
                  {
                 "ID":[1,43,6937],
                "A_Name":"Ba-Illi",
                "Longlat":[16.446,10.511],
                "A_Upop":[0,0,0,0,0,0,0,11027],
                "Metropole":"No"
                },
                  {
                 "ID":[1,43,6955],
                "A_Name":"Dodjoré Camp",
                "Longlat":[22.297,12.064],
                "A_Upop":[0,0,0,0,0,0,19500,11000],
                "Metropole":"No"
                },
                  {
                 "ID":[1,43,7002],
                "A_Name":"Benoye",
                "Longlat":[16.325,8.991],
                "A_Upop":[0,0,0,12600,15127,14128,11921,10950],
                "Metropole":"No"
                },
                  {
                 "ID":[1,43,7050],
                "A_Name":"Karal",
                "Longlat":[14.766,12.842],
                "A_Upop":[0,0,0,0,0,0,0,10879],
                "Metropole":"No"
                },
                  {
                 "ID":[1,43,7196],
                "A_Name":"Am Dam Zeribe",
                "Longlat":[20.466,12.763],
                "A_Upop":[0,0,0,0,0,0,0,10592],
                "Metropole":"No"
                },
                  {
                 "ID":[1,43,7216],
                "A_Name":"Krim Krim",
                "Longlat":[15.795,8.979],
                "A_Upop":[0,0,0,0,0,0,0,10556],
                "Metropole":"No"
                },
                  {
                 "ID":[1,43,7359],
                "A_Name":"Baga Sola",
                "Longlat":[14.314,13.543],
                "A_Upop":[0,0,0,0,0,0,0,10339],
                "Metropole":"No"
                },
                  {
                 "ID":[1,43,7458],
                "A_Name":"Donia",
                "Longlat":[16.41,8.411],
                "A_Upop":[0,0,0,0,0,0,0,10202],
                "Metropole":"No"
                },
                  {
                "ID":[1,43,9031],
                "A_Name":"Djabal Camp",
                "Longlat":[21.387,12.226],
                "A_Upop":[0,0,0,0,0,0,0,0],
                "Metropole":"No"
                }]
}