{
    "EN_country":"Cote d`Ivoire",
    "FR_country":"Côte d’Ivoire",
    "ID":[5,7,0],
    "Upop":[106761,392824,1233376,2757711,4704260,7146113,9877346],
    "Urbanlevel":[0.04,0.12,0.23,0.34,0.41,0.46,0.48,0.49],
    "Numagglos":[3,9,29,54,76,128,186,220],
    "Mpop":[0.6,0.57,0.47,0.45,0.45,0.43,0.42,0.41],
    "ADBA":[211,98,57,43,40,30,23,20.2],
    "Agglomerations":[
    {
                 "ID":[5,7,12],
                "A_Name":"Abidjan",
                "Longlat":[-3.997,5.368],
                "A_Upop":[63811,224605,580844,1251272,2107460,3044942,4108908,4717347],
                "Metropole":"Yes"
                },
                  {
                 "ID":[5,7,126],
                "A_Name":"Bouake",
                "Longlat":[-5.04,7.698],
                "A_Upop":[27710,59321,122386,222411,357309,472921,518652,552444],
                "Metropole":"No"
                },
                  {
                 "ID":[5,7,253],
                "A_Name":"Daloa",
                "Longlat":[-6.443,6.876],
                "A_Upop":[0,17058,47137,81371,132354,181575,226568,260984],
                "Metropole":"No"
                },
                  {
                 "ID":[5,7,267],
                "A_Name":"Korhogo",
                "Longlat":[-5.628,9.462],
                "A_Upop":[0,18589,34679,67165,115951,147261,212756,250310],
                "Metropole":"No"
                },
                  {
                 "ID":[5,7,313],
                "A_Name":"Yamoussoukro",
                "Longlat":[-5.27,6.807],
                "A_Upop":[0,0,17819,56638,118460,165535,199746,220423],
                "Metropole":"No"
                },
                  {
                 "ID":[5,7,417],
                "A_Name":"San-Pedro",
                "Longlat":[-6.639,4.735],
                "A_Upop":[0,0,0,40646,80779,143795,156006,169513],
                "Metropole":"No"
                },
                  {
                 "ID":[5,7,429],
                "A_Name":"Gagnoa",
                "Longlat":[-5.951,6.133],
                "A_Upop":[15240,17748,30602,56456,89427,110621,145380,164910],
                "Metropole":"No"
                },
                  {
                 "ID":[5,7,456],
                "A_Name":"Man",
                "Longlat":[-7.543,7.403],
                "A_Upop":[0,18021,39594,63426,93763,121281,141578,154617],
                "Metropole":"No"
                },
                  {
                 "ID":[5,7,649],
                "A_Name":"Divo",
                "Longlat":[-5.363,5.833],
                "A_Upop":[0,0,27182,49498,75318,88711,100298,108316],
                "Metropole":"No"
                },
                  {
                 "ID":[5,7,650],
                "A_Name":"Abengourou",
                "Longlat":[-3.496,6.74],
                "A_Upop":[0,0,23564,40582,61469,75862,96058,108296],
                "Metropole":"No"
                },
                  {
                 "ID":[5,7,677],
                "A_Name":"Soubre",
                "Longlat":[-6.59,5.784],
                "A_Upop":[0,0,0,12361,37432,62873,89864,103999],
                "Metropole":"No"
                },
                  {
                 "ID":[5,7,749],
                "A_Name":"Bonon",
                "Longlat":[-6.049,6.925],
                "A_Upop":[0,0,0,13917,21053,29631,68578,95086],
                "Metropole":"No"
                },
                  {
                 "ID":[5,7,769],
                "A_Name":"Duekoue",
                "Longlat":[-7.351,6.737],
                "A_Upop":[0,0,10645,20819,28759,39158,72310,92775],
                "Metropole":"No"
                },
                  {
                 "ID":[5,7,782],
                "A_Name":"Bondoukou",
                "Longlat":[-2.802,8.039],
                "A_Upop":[0,0,11999,23947,35213,46190,74550,91242],
                "Metropole":"No"
                },
                  {
                 "ID":[5,7,858],
                "A_Name":"Bouafle",
                "Longlat":[-5.742,6.988],
                "A_Upop":[0,0,0,21904,37090,50181,71828,83736],
                "Metropole":"No"
                },
                  {
                 "ID":[5,7,868],
                "A_Name":"Sinfra",
                "Longlat":[-5.913,6.618],
                "A_Upop":[0,0,10291,22134,36813,51926,73185,82892],
                "Metropole":"No"
                },
                  {
                 "ID":[5,7,937],
                "A_Name":"Grand-Bassam",
                "Longlat":[-3.756,5.215],
                "A_Upop":[0,13052,20976,31484,44056,55037,68571,76739],
                "Metropole":"No"
                },
                  {
                 "ID":[5,7,1062],
                "A_Name":"Vavoua",
                "Longlat":[-6.48,7.378],
                "A_Upop":[0,0,0,12014,19281,27699,52971,68955],
                "Metropole":"No"
                },
                  {
                 "ID":[5,7,1114],
                "A_Name":"Dabou",
                "Longlat":[-4.372,5.32],
                "A_Upop":[0,0,16670,29370,42189,55973,59778,66692],
                "Metropole":"No"
                },
                  {
                 "ID":[5,7,1155],
                "A_Name":"Meagui",
                "Longlat":[-6.559,5.41],
                "A_Upop":[0,0,0,0,0,20390,43390,64488],
                "Metropole":"No"
                },
                  {
                 "ID":[5,7,1160],
                "A_Name":"Danane",
                "Longlat":[-8.147,7.259],
                "A_Upop":[0,0,16612,23708,34499,58423,63851,64011],
                "Metropole":"No"
                },
                  {
                 "ID":[5,7,1232],
                "A_Name":"Adzope",
                "Longlat":[-3.86,6.109],
                "A_Upop":[0,10313,24549,27620,36809,45202,54553,60349],
                "Metropole":"No"
                },
                  {
                 "ID":[5,7,1265],
                "A_Name":"Ferkessedougou",
                "Longlat":[-5.2,9.593],
                "A_Upop":[0,0,17559,28975,36474,42703,53246,58850],
                "Metropole":"No"
                },
                  {
                 "ID":[5,7,1272],
                "A_Name":"Agboville",
                "Longlat":[-8.411,11.83],
                "A_Upop":[0,14117,25811,33872,47878,54965,51602,58548],
                "Metropole":"No"
                },
                  {
                 "ID":[5,7,1364],
                "A_Name":"Issia",
                "Longlat":[-6.582,6.49],
                "A_Upop":[0,0,0,16409,30854,43178,51017,54850],
                "Metropole":"No"
                },
                  {
                 "ID":[5,7,1392],
                "A_Name":"Guiglo",
                "Longlat":[-7.494,6.539],
                "A_Upop":[0,0,0,14241,24621,38451,49000,53999],
                "Metropole":"No"
                },
                  {
                 "ID":[5,7,1484],
                "A_Name":"Zagne",
                "Longlat":[-7.489,6.213],
                "A_Upop":[0,0,0,0,10076,19639,37876,50217],
                "Metropole":"No"
                },
                  {
                 "ID":[5,7,1486],
                "A_Name":"Dimbokro",
                "Longlat":[-4.711,6.653],
                "A_Upop":[0,0,22139,33769,39880,48040,49364,50213],
                "Metropole":"No"
                },
                  {
                 "ID":[5,7,1495],
                "A_Name":"Agnibilekrou",
                "Longlat":[-3.204,7.136],
                "A_Upop":[0,0,0,17580,26058,34449,44106,49958],
                "Metropole":"No"
                },
                  {
                 "ID":[5,7,1587],
                "A_Name":"Seguela",
                "Longlat":[-6.681,7.963],
                "A_Upop":[0,0,10775,17750,31579,45461,48601,47468],
                "Metropole":"No"
                },
                  {
                 "ID":[5,7,1608],
                "A_Name":"Aboisso",
                "Longlat":[-3.201,5.469],
                "A_Upop":[0,0,11526,16846,22497,28156,40105,46954],
                "Metropole":"No"
                },
                  {
                 "ID":[5,7,1627],
                "A_Name":"Oume",
                "Longlat":[-5.41,6.384],
                "A_Upop":[0,0,0,21206,29564,29751,41351,46462],
                "Metropole":"No"
                },
                  {
                 "ID":[5,7,1667],
                "A_Name":"Daoukro",
                "Longlat":[-3.972,7.058],
                "A_Upop":[0,0,14148,21419,25203,38878,42198,45570],
                "Metropole":"No"
                },
                  {
                 "ID":[5,7,1719],
                "A_Name":"Toumodi",
                "Longlat":[-5.019,6.556],
                "A_Upop":[0,0,0,16166,23870,33107,42120,44385],
                "Metropole":"No"
                },
                  {
                 "ID":[5,7,1772],
                "A_Name":"Odienne",
                "Longlat":[-7.564,9.503],
                "A_Upop":[0,0,10745,18590,30964,45751,43481,43341],
                "Metropole":"No"
                },
                  {
                 "ID":[5,7,1845],
                "A_Name":"Tengrela",
                "Longlat":[-6.408,10.485],
                "A_Upop":[0,0,0,12959,22281,22335,35749,41440],
                "Metropole":"No"
                },
                  {
                 "ID":[5,7,1847],
                "A_Name":"Katiola",
                "Longlat":[-5.102,8.137],
                "A_Upop":[0,0,15783,25948,34776,39221,40645,41436],
                "Metropole":"No"
                },
                  {
                 "ID":[5,7,1862],
                "A_Name":"Boundiali",
                "Longlat":[-6.48,9.524],
                "A_Upop":[0,0,0,13739,23197,28865,37052,41069],
                "Metropole":"No"
                },
                  {
                 "ID":[5,7,1970],
                "A_Name":"Bonoua",
                "Longlat":[-3.598,5.275],
                "A_Upop":[0,0,13814,18484,23110,33752,36453,39191],
                "Metropole":"No"
                },
                  {
                 "ID":[5,7,1980],
                "A_Name":"Ouangolodougou",
                "Longlat":[-5.15,9.974],
                "A_Upop":[0,0,0,0,13249,19027,32369,39043],
                "Metropole":"No"
                },
                  {
                 "ID":[5,7,2169],
                "A_Name":"Sikensi",
                "Longlat":[-4.575,5.659],
                "A_Upop":[0,0,0,0,0,12415,22561,35551],
                "Metropole":"No"
                },
                  {
                 "ID":[5,7,2225],
                "A_Name":"Zuenoufla",
                "Longlat":[-6.053,7.426],
                "A_Upop":[0,0,0,12641,20407,24669,31150,34960],
                "Metropole":"No"
                },
                  {
                 "ID":[5,7,2259],
                "A_Name":"Diegonefla",
                "Longlat":[-5.574,6.29],
                "A_Upop":[0,0,0,0,11443,16777,36791,34452],
                "Metropole":"No"
                },
                  {
                 "ID":[5,7,2357],
                "A_Name":"Blolequin",
                "Longlat":[-8,6.57],
                "A_Upop":[0,0,0,0,0,28893,31413,33156],
                "Metropole":"No"
                },
                  {
                 "ID":[5,7,2382],
                "A_Name":"Hire",
                "Longlat":[-5.299,6.188],
                "A_Upop":[0,0,0,11718,15224,18473,27844,32845],
                "Metropole":"No"
                },
                  {
                 "ID":[5,7,2494],
                "A_Name":"Djapadji",
                "Longlat":[-6.822,5.291],
                "A_Upop":[0,0,0,0,0,22901,26876,31453],
                "Metropole":"No"
                },
                  {
                 "ID":[5,7,2672],
                "A_Name":"Fengolo",
                "Longlat":[-7.395,6.795],
                "A_Upop":[0,0,0,0,0,15240,23101,29464],
                "Metropole":"No"
                },
                  {
                 "ID":[5,7,2697],
                "A_Name":"Grand-Lahou",
                "Longlat":[-4.998,5.249],
                "A_Upop":[0,0,0,0,0,30242,27475,29259],
                "Metropole":"No"
                },
                  {
                 "ID":[5,7,2745],
                "A_Name":"Bongouanou",
                "Longlat":[-4.2,6.651],
                "A_Upop":[0,0,11301,18314,19999,22254,26366,28841],
                "Metropole":"No"
                },
                  {
                 "ID":[5,7,2761],
                "A_Name":"Kononfla",
                "Longlat":[-5.607,6.656],
                "A_Upop":[0,0,0,0,12513,15824,20958,28774],
                "Metropole":"No"
                },
                  {
                 "ID":[5,7,2790],
                "A_Name":"Tanda",
                "Longlat":[-3.166,7.802],
                "A_Upop":[0,0,0,0,12315,16949,24410,28425],
                "Metropole":"No"
                },
                  {
                 "ID":[5,7,2847],
                "A_Name":"N'Douci",
                "Longlat":[-4.761,5.865],
                "A_Upop":[0,0,0,10241,15252,20663,30003,27863],
                "Metropole":"No"
                },
                  {
                 "ID":[5,7,2849],
                "A_Name":"Dabouyo",
                "Longlat":[-12.08,11.096],
                "A_Upop":[0,0,0,0,0,0,13241,27839],
                "Metropole":"No"
                },
                  {
                 "ID":[5,7,2867],
                "A_Name":"Saioua",
                "Longlat":[-6.277,6.488],
                "A_Upop":[0,0,0,12512,21492,15035,27847,27637],
                "Metropole":"No"
                },
                  {
                 "ID":[5,7,2882],
                "A_Name":"Akoupe",
                "Longlat":[-3.888,6.382],
                "A_Upop":[0,0,0,14628,20705,22097,25373,27407],
                "Metropole":"No"
                },
                  {
                 "ID":[5,7,2887],
                "A_Name":"Guinglo-Tahouake",
                "Longlat":[-7.165,7.038],
                "A_Upop":[0,0,0,0,0,0,11688,27395],
                "Metropole":"No"
                },
                  {
                 "ID":[5,7,2895],
                "A_Name":"Sassandra",
                "Longlat":[-6.091,4.952],
                "A_Upop":[0,0,0,10811,13751,16408,24087,27345],
                "Metropole":"No"
                },
                  {
                 "ID":[5,7,2991],
                "A_Name":"Dianra",
                "Longlat":[-6.254,8.953],
                "A_Upop":[0,0,0,0,0,0,18574,26597],
                "Metropole":"No"
                },
                  {
                 "ID":[5,7,3028],
                "A_Name":"Beoumi",
                "Longlat":[-5.577,7.676],
                "A_Upop":[0,0,0,12040,14549,23027,24442,26233],
                "Metropole":"No"
                },
                  {
                 "ID":[5,7,3040],
                "A_Name":"Kahin-Zarabaon",
                "Longlat":[-7.637,6.918],
                "A_Upop":[0,0,0,0,0,0,15633,26155],
                "Metropole":"No"
                },
                  {
                 "ID":[5,7,3051],
                "A_Name":"Buyo",
                "Longlat":[-7.006,6.252],
                "A_Upop":[0,0,0,0,0,14031,22359,26041],
                "Metropole":"No"
                },
                  {
                 "ID":[5,7,3093],
                "A_Name":"Lakota",
                "Longlat":[-5.679,5.855],
                "A_Upop":[0,0,0,15809,23173,31468,26695,25668],
                "Metropole":"No"
                },
                  {
                 "ID":[5,7,3204],
                "A_Name":"Grand-Zattry",
                "Longlat":[-6.54,6.117],
                "A_Upop":[0,0,0,0,0,19485,23027,24835],
                "Metropole":"No"
                },
                  {
                 "ID":[5,7,3214],
                "A_Name":"Arrah",
                "Longlat":[-3.975,6.674],
                "A_Upop":[0,0,11689,19677,21620,23411,23869,24790],
                "Metropole":"No"
                },
                  {
                 "ID":[5,7,3217],
                "A_Name":"Ancien - Prozi",
                "Longlat":[-6.788,7.487],
                "A_Upop":[0,0,0,0,0,12941,20297,24771],
                "Metropole":"No"
                },
                  {
                 "ID":[5,7,3311],
                "A_Name":"Bonoufla",
                "Longlat":[-6.472,7.131],
                "A_Upop":[0,0,0,0,0,14675,20488,24117],
                "Metropole":"No"
                },
                  {
                 "ID":[5,7,3405],
                "A_Name":"Zouan-Hounien",
                "Longlat":[-8.213,6.919],
                "A_Upop":[0,0,0,0,0,14344,20375,23506],
                "Metropole":"No"
                },
                  {
                 "ID":[5,7,3431],
                "A_Name":"Tabou",
                "Longlat":[-7.358,4.426],
                "A_Upop":[0,0,0,0,11644,25295,24925,23363],
                "Metropole":"No"
                },
                  {
                 "ID":[5,7,3502],
                "A_Name":"Touba",
                "Longlat":[-7.681,8.287],
                "A_Upop":[0,0,0,0,16719,22534,24227,22980],
                "Metropole":"No"
                },
                  {
                 "ID":[5,7,3522],
                "A_Name":"M'Bengue",
                "Longlat":[-5.9,10.003],
                "A_Upop":[0,0,0,0,0,0,16555,22858],
                "Metropole":"No"
                },
                  {
                 "ID":[5,7,3528],
                "A_Name":"Gbapleu",
                "Longlat":[-7.159,6.479],
                "A_Upop":[0,0,0,0,0,13533,21925,22834],
                "Metropole":"No"
                },
                  {
                 "ID":[5,7,3604],
                "A_Name":"Affery",
                "Longlat":[-3.955,6.319],
                "A_Upop":[0,0,0,15448,17682,21154,21472,22380],
                "Metropole":"No"
                },
                  {
                 "ID":[5,7,3676],
                "A_Name":"Dagadji",
                "Longlat":[-6.814,5.126],
                "A_Upop":[0,0,0,0,0,19994,22606,21924],
                "Metropole":"No"
                },
                  {
                 "ID":[5,7,3746],
                "A_Name":"Zaliohouan",
                "Longlat":[-6.238,6.795],
                "A_Upop":[0,0,0,0,10072,14036,22011,21445],
                "Metropole":"No"
                },
                  {
                 "ID":[5,7,3766],
                "A_Name":"Watte",
                "Longlat":[-6.776,4.935],
                "A_Upop":[0,0,0,0,0,0,0,21344],
                "Metropole":"No"
                },
                  {
                 "ID":[5,7,3873],
                "A_Name":"Diawala",
                "Longlat":[-5.474,10.111],
                "A_Upop":[0,0,0,0,0,0,17174,20776],
                "Metropole":"No"
                },
                  {
                 "ID":[5,7,3883],
                "A_Name":"Kaouara",
                "Longlat":[-5.193,10.094],
                "A_Upop":[0,0,0,0,0,0,12544,20726],
                "Metropole":"No"
                },
                  {
                 "ID":[5,7,3888],
                "A_Name":"Guepahouo",
                "Longlat":[-5.707,6.472],
                "A_Upop":[0,0,0,0,0,12980,17546,20701],
                "Metropole":"No"
                },
                  {
                 "ID":[5,7,3898],
                "A_Name":"Yabayo",
                "Longlat":[-6.599,5.951],
                "A_Upop":[0,0,0,0,0,10525,17287,20642],
                "Metropole":"No"
                },
                  {
                 "ID":[5,7,3900],
                "A_Name":"Tiassale",
                "Longlat":[-4.828,5.897],
                "A_Upop":[0,0,0,15767,19601,18396,20056,20613],
                "Metropole":"No"
                },
                  {
                 "ID":[5,7,3931],
                "A_Name":"Adiapoto 2",
                "Longlat":[-4.192,5.325],
                "A_Upop":[0,0,0,0,0,0,0,20453],
                "Metropole":"No"
                },
                  {
                 "ID":[5,7,3984],
                "A_Name":"Luenoufla",
                "Longlat":[-6.241,7.071],
                "A_Upop":[0,0,0,0,11528,14655,21606,20187],
                "Metropole":"No"
                },
                  {
                 "ID":[5,7,4037],
                "A_Name":"Zou",
                "Longlat":[-7.8,6.976],
                "A_Upop":[0,0,0,0,0,0,21911,19987],
                "Metropole":"No"
                },
                  {
                 "ID":[5,7,4113],
                "A_Name":"Gonate",
                "Longlat":[-6.24,6.901],
                "A_Upop":[0,0,0,0,13021,13568,17540,19692],
                "Metropole":"No"
                },
                  {
                 "ID":[5,7,4124],
                "A_Name":"Nielle",
                "Longlat":[-5.624,10.198],
                "A_Upop":[0,0,0,0,0,0,17339,19646],
                "Metropole":"No"
                },
                  {
                 "ID":[5,7,4137],
                "A_Name":"Adiake",
                "Longlat":[-3.304,5.285],
                "A_Upop":[0,0,0,0,10229,14881,17652,19583],
                "Metropole":"No"
                },
                  {
                 "ID":[5,7,4185],
                "A_Name":"Tiebissou",
                "Longlat":[-5.224,7.157],
                "A_Upop":[0,0,0,0,10979,16482,19434,19354],
                "Metropole":"No"
                },
                  {
                 "ID":[5,7,4211],
                "A_Name":"Bouna",
                "Longlat":[-2.998,9.268],
                "A_Upop":[0,0,0,0,13910,16517,18963,19275],
                "Metropole":"No"
                },
                  {
                 "ID":[5,7,4291],
                "A_Name":"Oupoyo",
                "Longlat":[-6.589,5.573],
                "A_Upop":[0,0,0,0,0,0,15145,18895],
                "Metropole":"No"
                },
                  {
                 "ID":[5,7,4308],
                "A_Name":"M'Batto",
                "Longlat":[-4.36,6.473],
                "A_Upop":[0,0,0,11393,16036,17024,17929,18807],
                "Metropole":"No"
                },
                  {
                 "ID":[5,7,4330],
                "A_Name":"Belle-Ville",
                "Longlat":[-6.847,6.875],
                "A_Upop":[0,0,0,0,11377,16919,17603,18706],
                "Metropole":"No"
                },
                  {
                 "ID":[5,7,4373],
                "A_Name":"Guiberoua",
                "Longlat":[-6.171,6.239],
                "A_Upop":[0,0,0,0,0,12227,17195,18528],
                "Metropole":"No"
                },
                  {
                 "ID":[5,7,4399],
                "A_Name":"Biankouma",
                "Longlat":[-7.616,7.741],
                "A_Upop":[0,0,0,0,13757,17734,17703,18418],
                "Metropole":"No"
                },
                  {
                 "ID":[5,7,4475],
                "A_Name":"Para",
                "Longlat":[-7.329,5.516],
                "A_Upop":[0,0,0,0,0,0,15299,18081],
                "Metropole":"No"
                },
                  {
                 "ID":[5,7,4496],
                "A_Name":"Songon-Agban",
                "Longlat":[-4.252,5.322],
                "A_Upop":[0,0,0,0,0,13725,15856,17936],
                "Metropole":"No"
                },
                  {
                 "ID":[5,7,4497],
                "A_Name":"Gabiadji",
                "Longlat":[-6.556,5.021],
                "A_Upop":[0,0,0,0,0,18131,20946,17932],
                "Metropole":"No"
                },
                  {
                 "ID":[5,7,4530],
                "A_Name":"Bediala",
                "Longlat":[-6.306,7.163],
                "A_Upop":[0,0,0,0,0,0,11831,17774],
                "Metropole":"No"
                },
                  {
                 "ID":[5,7,4546],
                "A_Name":"Tafire",
                "Longlat":[-5.164,9.071],
                "A_Upop":[0,0,0,0,0,14378,18081,17667],
                "Metropole":"No"
                },
                  {
                 "ID":[5,7,4558],
                "A_Name":"Diangobo",
                "Longlat":[-3.635,6.156],
                "A_Upop":[0,0,0,0,0,0,0,17608],
                "Metropole":"No"
                },
                  {
                 "ID":[5,7,4631],
                "A_Name":"Bangolo",
                "Longlat":[-7.485,7.009],
                "A_Upop":[0,0,0,0,10555,13063,15687,17331],
                "Metropole":"No"
                },
                  {
                 "ID":[5,7,4639],
                "A_Name":"Gohouo-Zagna",
                "Longlat":[-7.387,7.051],
                "A_Upop":[0,0,0,0,0,0,12260,17302],
                "Metropole":"No"
                },
                  {
                 "ID":[5,7,4649],
                "A_Name":"Niakaramadougou",
                "Longlat":[-5.289,8.659],
                "A_Upop":[0,0,0,0,0,0,14057,17278],
                "Metropole":"No"
                },
                  {
                 "ID":[5,7,4672],
                "A_Name":"Mankono",
                "Longlat":[-6.188,8.056],
                "A_Upop":[0,0,0,0,11600,15589,17159,17157],
                "Metropole":"No"
                },
                  {
                 "ID":[5,7,4681],
                "A_Name":"Fronan",
                "Longlat":[-5.12,8.225],
                "A_Upop":[0,0,0,0,0,0,15842,17108],
                "Metropole":"No"
                },
                  {
                 "ID":[5,7,4682],
                "A_Name":"Bieby",
                "Longlat":[-3.638,6.08],
                "A_Upop":[0,0,0,0,0,0,13658,17107],
                "Metropole":"No"
                },
                  {
                 "ID":[5,7,4762],
                "A_Name":"Galebre",
                "Longlat":[-6.293,6.008],
                "A_Upop":[0,0,0,0,0,0,13766,16843],
                "Metropole":"No"
                },
                  {
                 "ID":[5,7,4778],
                "A_Name":"Moussadougou",
                "Longlat":[-6.348,4.909],
                "A_Upop":[0,0,0,0,0,0,12000,16797],
                "Metropole":"No"
                },
                  {
                 "ID":[5,7,4782],
                "A_Name":"Zoukougbeu",
                "Longlat":[-6.861,6.764],
                "A_Upop":[0,0,0,0,0,17299,16523,16767],
                "Metropole":"No"
                },
                  {
                 "ID":[5,7,4845],
                "A_Name":"Sahoua",
                "Longlat":[-6.264,5.067],
                "A_Upop":[0,0,0,0,0,0,12833,16520],
                "Metropole":"No"
                },
                  {
                 "ID":[5,7,4865],
                "A_Name":"Tortiya",
                "Longlat":[-5.69,8.771],
                "A_Upop":[0,0,0,0,20959,23479,17865,16441],
                "Metropole":"No"
                },
                  {
                 "ID":[5,7,4870],
                "A_Name":"Bagohouo",
                "Longlat":[-7.188,6.894],
                "A_Upop":[0,0,0,0,0,0,0,16428],
                "Metropole":"No"
                },
                  {
                 "ID":[5,7,4880],
                "A_Name":"Touih",
                "Longlat":[-6.532,5.258],
                "A_Upop":[0,0,0,0,0,22024,16870,16400],
                "Metropole":"No"
                },
                  {
                 "ID":[5,7,4894],
                "A_Name":"Aboisso-Comoe",
                "Longlat":[-3.403,5.735],
                "A_Upop":[0,0,0,0,11197,15645,15663,16378],
                "Metropole":"No"
                },
                  {
                 "ID":[5,7,4949],
                "A_Name":"Niable",
                "Longlat":[-3.272,6.663],
                "A_Upop":[0,0,0,0,11532,13088,15480,16190],
                "Metropole":"No"
                },
                  {
                 "ID":[5,7,4978],
                "A_Name":"Becedi-Brignan",
                "Longlat":[-4.012,5.909],
                "A_Upop":[0,0,0,0,0,0,13284,16081],
                "Metropole":"No"
                },
                  {
                 "ID":[5,7,5043],
                "A_Name":"Guezon",
                "Longlat":[-7.116,6.738],
                "A_Upop":[0,0,0,0,0,10404,13503,15902],
                "Metropole":"No"
                },
                  {
                 "ID":[5,7,5123],
                "A_Name":"Blenimeouin",
                "Longlat":[-7.18,7.135],
                "A_Upop":[0,0,0,0,0,0,15710,15610],
                "Metropole":"No"
                },
                  {
                 "ID":[5,7,5142],
                "A_Name":"Bayota",
                "Longlat":[-5.957,6.468],
                "A_Upop":[0,0,0,0,0,0,10873,15547],
                "Metropole":"No"
                },
                  {
                 "ID":[5,7,5145],
                "A_Name":"Grabo",
                "Longlat":[-7.496,4.924],
                "A_Upop":[0,0,0,0,0,0,0,15538],
                "Metropole":"No"
                },
                  {
                 "ID":[5,7,5208],
                "A_Name":"Ahigbe-Koffikro",
                "Longlat":[-3.383,5.408],
                "A_Upop":[0,0,0,0,0,0,12290,15342],
                "Metropole":"No"
                },
                  {
                 "ID":[5,7,5210],
                "A_Name":"Mahapleu",
                "Longlat":[-7.935,7.223],
                "A_Upop":[0,0,0,0,0,10059,14522,15334],
                "Metropole":"No"
                },
                  {
                 "ID":[5,7,5220],
                "A_Name":"M'Bahiakro",
                "Longlat":[-4.341,7.458],
                "A_Upop":[0,0,0,10483,10751,10621,14200,15307],
                "Metropole":"No"
                },
                  {
                 "ID":[5,7,5227],
                "A_Name":"Doukouya",
                "Longlat":[-5.56,6.426],
                "A_Upop":[0,0,0,0,0,0,15102,15293],
                "Metropole":"No"
                },
                  {
                 "ID":[5,7,5251],
                "A_Name":"Ogoudou",
                "Longlat":[-5.158,5.896],
                "A_Upop":[0,0,0,0,0,0,12596,15188],
                "Metropole":"No"
                },
                  {
                 "ID":[5,7,5375],
                "A_Name":"Doropo",
                "Longlat":[-3.347,9.813],
                "A_Upop":[0,0,0,0,0,0,12175,14787],
                "Metropole":"No"
                },
                  {
                 "ID":[5,7,5408],
                "A_Name":"Ebilassokro",
                "Longlat":[-3.351,6.379],
                "A_Upop":[0,0,0,0,0,13497,15748,14691],
                "Metropole":"No"
                },
                  {
                 "ID":[5,7,5424],
                "A_Name":"Yakasse-Attobrou",
                "Longlat":[-3.648,6.185],
                "A_Upop":[0,0,0,0,0,0,10817,14626],
                "Metropole":"No"
                },
                  {
                 "ID":[5,7,5425],
                "A_Name":"Hermankono-Garo",
                "Longlat":[-5.017,5.927],
                "A_Upop":[0,0,0,0,0,10422,13022,14610],
                "Metropole":"No"
                },
                  {
                 "ID":[5,7,5447],
                "A_Name":"Niapidou",
                "Longlat":[-6.062,5.34],
                "A_Upop":[0,0,0,0,0,0,10713,14537],
                "Metropole":"No"
                },
                  {
                 "ID":[5,7,5449],
                "A_Name":"Dabakala",
                "Longlat":[-4.434,8.365],
                "A_Upop":[0,0,0,0,0,10257,13642,14526],
                "Metropole":"No"
                },
                  {
                 "ID":[5,7,5476],
                "A_Name":"Pelezi",
                "Longlat":[-6.813,7.284],
                "A_Upop":[0,0,0,0,0,14037,14274,14491],
                "Metropole":"No"
                },
                  {
                 "ID":[5,7,5495],
                "A_Name":"Rubino",
                "Longlat":[-4.307,6.071],
                "A_Upop":[0,0,0,0,0,12055,13462,14413],
                "Metropole":"No"
                },
                  {
                 "ID":[5,7,5524],
                "A_Name":"Dikodougou",
                "Longlat":[-5.772,9.068],
                "A_Upop":[0,0,0,0,0,0,13221,14339],
                "Metropole":"No"
                },
                  {
                 "ID":[5,7,5544],
                "A_Name":"Azaguie",
                "Longlat":[-4.081,5.631],
                "A_Upop":[0,0,0,12106,14715,17053,14533,14260],
                "Metropole":"No"
                },
                  {
                 "ID":[5,7,5553],
                "A_Name":"Guessabo",
                "Longlat":[-6.953,6.735],
                "A_Upop":[0,0,0,0,0,0,13294,14226],
                "Metropole":"No"
                },
                  {
                 "ID":[5,7,5573],
                "A_Name":"Essuikro",
                "Longlat":[-4.305,6.635],
                "A_Upop":[0,0,0,0,0,0,0,14177],
                "Metropole":"No"
                },
                  {
                 "ID":[5,7,5620],
                "A_Name":"Baoulifla",
                "Longlat":[-6.474,7.235],
                "A_Upop":[0,0,0,0,0,0,12041,14042],
                "Metropole":"No"
                },
                  {
                 "ID":[5,7,5624],
                "A_Name":"Gbagbam",
                "Longlat":[-5.592,5.472],
                "A_Upop":[0,0,0,0,0,0,12082,14032],
                "Metropole":"No"
                },
                  {
                 "ID":[5,7,5670],
                "A_Name":"Bianouan",
                "Longlat":[-3.19,6.012],
                "A_Upop":[0,0,0,0,0,11445,12744,13922],
                "Metropole":"No"
                },
                  {
                 "ID":[5,7,5680],
                "A_Name":"Doba",
                "Longlat":[-6.832,5.201],
                "A_Upop":[0,0,0,0,0,12072,12572,13891],
                "Metropole":"No"
                },
                  {
                 "ID":[5,7,5709],
                "A_Name":"Zaïbo",
                "Longlat":[-6.666,6.986],
                "A_Upop":[0,0,0,0,0,16398,13795,13800],
                "Metropole":"No"
                },
                  {
                 "ID":[5,7,5786],
                "A_Name":"Grihiri",
                "Longlat":[-6.348,5.432],
                "A_Upop":[0,0,0,0,0,0,0,13584],
                "Metropole":"No"
                },
                  {
                 "ID":[5,7,5795],
                "A_Name":"Sakassou",
                "Longlat":[-5.299,7.455],
                "A_Upop":[0,0,0,0,0,12604,12882,13551],
                "Metropole":"No"
                },
                  {
                 "ID":[5,7,5827],
                "A_Name":"Mafere",
                "Longlat":[-3.032,5.418],
                "A_Upop":[0,0,0,0,0,0,14204,13484],
                "Metropole":"No"
                },
                  {
                 "ID":[5,7,5848],
                "A_Name":"Okromodou",
                "Longlat":[-5.682,5.354],
                "A_Upop":[0,0,0,0,0,13466,12869,13416],
                "Metropole":"No"
                },
                  {
                 "ID":[5,7,5916],
                "A_Name":"Ouattaradougou",
                "Longlat":[-7.195,6.592],
                "A_Upop":[0,0,0,0,0,0,10791,13237],
                "Metropole":"No"
                },
                  {
                 "ID":[5,7,5920],
                "A_Name":"Nambingue",
                "Longlat":[-5.324,10.053],
                "A_Upop":[0,0,0,0,0,0,11212,13221],
                "Metropole":"No"
                },
                  {
                 "ID":[5,7,5924],
                "A_Name":"Diourouzon",
                "Longlat":[-7.516,6.889],
                "A_Upop":[0,0,0,0,0,0,0,13213],
                "Metropole":"No"
                },
                  {
                 "ID":[5,7,5940],
                "A_Name":"Gadouan",
                "Longlat":[-6.151,6.677],
                "A_Upop":[0,0,0,0,10945,11941,12738,13176],
                "Metropole":"No"
                },
                  {
                 "ID":[5,7,5941],
                "A_Name":"Krazandougou",
                "Longlat":[-7.202,6.481],
                "A_Upop":[0,0,0,0,0,13675,12787,13172],
                "Metropole":"No"
                },
                  {
                 "ID":[5,7,5948],
                "A_Name":"Gnato",
                "Longlat":[-7.459,5.049],
                "A_Upop":[0,0,0,0,0,0,29766,13158],
                "Metropole":"No"
                },
                  {
                 "ID":[5,7,5951],
                "A_Name":"Fresco",
                "Longlat":[-5.584,5.11],
                "A_Upop":[0,0,0,0,0,0,0,13147],
                "Metropole":"No"
                },
                  {
                 "ID":[5,7,5961],
                "A_Name":"Fouédougou",
                "Longlat":[-7.255,6.513],
                "A_Upop":[0,0,0,0,0,0,10500,13113],
                "Metropole":"No"
                },
                  {
                 "ID":[5,7,6033],
                "A_Name":"Ande",
                "Longlat":[-4.086,6.784],
                "A_Upop":[0,0,0,0,0,0,11103,12955],
                "Metropole":"No"
                },
                  {
                 "ID":[5,7,6035],
                "A_Name":"N'Zianouan",
                "Longlat":[-4.823,6.013],
                "A_Upop":[0,0,0,0,0,0,17740,12952],
                "Metropole":"No"
                },
                  {
                 "ID":[5,7,6038],
                "A_Name":"Gbolouville",
                "Longlat":[-4.659,5.797],
                "A_Upop":[0,0,0,0,0,0,10500,12940],
                "Metropole":"No"
                },
                  {
                 "ID":[5,7,6106],
                "A_Name":"Logouale",
                "Longlat":[-7.553,7.109],
                "A_Upop":[0,0,0,0,0,0,13155,12769],
                "Metropole":"No"
                },
                  {
                 "ID":[5,7,6138],
                "A_Name":"Baibly",
                "Longlat":[-7.297,7.176],
                "A_Upop":[0,0,0,0,0,0,0,12699],
                "Metropole":"No"
                },
                  {
                 "ID":[5,7,6142],
                "A_Name":"Loboville",
                "Longlat":[-6.827,6.134],
                "A_Upop":[0,0,0,0,0,12718,14783,12690],
                "Metropole":"No"
                },
                  {
                 "ID":[5,7,6165],
                "A_Name":"Gagny",
                "Longlat":[-6.745,5.049],
                "A_Upop":[0,0,0,0,0,0,10550,12614],
                "Metropole":"No"
                },
                  {
                 "ID":[5,7,6180],
                "A_Name":"Zeaglo",
                "Longlat":[-7.836,6.553],
                "A_Upop":[0,0,0,0,0,18159,13183,12584],
                "Metropole":"No"
                },
                  {
                 "ID":[5,7,6188],
                "A_Name":"Okrouyo",
                "Longlat":[-6.406,5.767],
                "A_Upop":[0,0,0,0,0,0,11122,12568],
                "Metropole":"No"
                },
                  {
                 "ID":[5,7,6194],
                "A_Name":"Sietinfla",
                "Longlat":[-5.73,6.827],
                "A_Upop":[0,0,0,0,0,0,0,12556],
                "Metropole":"No"
                },
                  {
                 "ID":[5,7,6196],
                "A_Name":"Garango",
                "Longlat":[-5.807,6.966],
                "A_Upop":[0,0,0,0,0,0,0,12551],
                "Metropole":"No"
                },
                  {
                 "ID":[5,7,6203],
                "A_Name":"Flakiedougou",
                "Longlat":[-3.126,8.487],
                "A_Upop":[0,0,0,0,0,14450,12516,12538],
                "Metropole":"No"
                },
                  {
                 "ID":[5,7,6204],
                "A_Name":"Gaoussoukro",
                "Longlat":[-2.973,5.255],
                "A_Upop":[0,0,0,0,0,0,0,12534],
                "Metropole":"No"
                },
                  {
                 "ID":[5,7,6239],
                "A_Name":"Kolia",
                "Longlat":[-6.462,9.765],
                "A_Upop":[0,0,0,0,0,0,11372,12460],
                "Metropole":"No"
                },
                  {
                 "ID":[5,7,6262],
                "A_Name":"Gohitafla",
                "Longlat":[-5.879,7.489],
                "A_Upop":[0,0,0,0,0,10101,10370,12420],
                "Metropole":"No"
                },
                  {
                 "ID":[5,7,6265],
                "A_Name":"Bandiahi",
                "Longlat":[-6.184,7.204],
                "A_Upop":[0,0,0,0,0,0,0,12417],
                "Metropole":"No"
                },
                  {
                 "ID":[5,7,6276],
                "A_Name":"Dignago",
                "Longlat":[-6.282,6.291],
                "A_Upop":[0,0,0,0,0,0,13007,12385],
                "Metropole":"No"
                },
                  {
                 "ID":[5,7,6289],
                "A_Name":"Bahe-Sebon",
                "Longlat":[-7.397,6.954],
                "A_Upop":[0,0,0,0,0,0,0,12344],
                "Metropole":"No"
                },
                  {
                 "ID":[5,7,6374],
                "A_Name":"Kouibly",
                "Longlat":[-7.235,7.257],
                "A_Upop":[0,0,0,0,0,0,11093,12158],
                "Metropole":"No"
                },
                  {
                 "ID":[5,7,6398],
                "A_Name":"Borotou-Koro",
                "Longlat":[-7.191,8.473],
                "A_Upop":[0,0,0,0,10249,10678,12630,12125],
                "Metropole":"No"
                },
                  {
                 "ID":[5,7,6399],
                "A_Name":"Nizahon 1",
                "Longlat":[-7.398,6.373],
                "A_Upop":[0,0,0,0,0,0,0,12122],
                "Metropole":"No"
                },
                  {
                 "ID":[5,7,6404],
                "A_Name":"Bognonzra",
                "Longlat":[-6.094,6.991],
                "A_Upop":[0,0,0,0,0,0,10050,12116],
                "Metropole":"No"
                },
                  {
                 "ID":[5,7,6411],
                "A_Name":"Kong",
                "Longlat":[-4.611,9.151],
                "A_Upop":[0,0,0,0,0,0,0,12100],
                "Metropole":"No"
                },
                  {
                 "ID":[5,7,6488],
                "A_Name":"Gueyo",
                "Longlat":[-6.074,5.687],
                "A_Upop":[0,0,0,0,0,10215,12043,11955],
                "Metropole":"No"
                },
                  {
                 "ID":[5,7,6574],
                "A_Name":"Guitry",
                "Longlat":[-5.241,5.522],
                "A_Upop":[0,0,0,0,0,0,11467,11762],
                "Metropole":"No"
                },
                  {
                 "ID":[5,7,6575],
                "A_Name":"Amelekia",
                "Longlat":[-3.575,6.831],
                "A_Upop":[0,0,0,0,0,0,10356,11759],
                "Metropole":"No"
                },
                  {
                 "ID":[5,7,6576],
                "A_Name":"Aboude-Kouassikro",
                "Longlat":[-4.563,5.897],
                "A_Upop":[0,0,0,0,0,0,10620,11756],
                "Metropole":"No"
                },
                  {
                 "ID":[5,7,6578],
                "A_Name":"Dakpadou",
                "Longlat":[-6.068,5.238],
                "A_Upop":[0,0,0,0,0,0,0,11754],
                "Metropole":"No"
                },
                  {
                 "ID":[5,7,6597],
                "A_Name":"Bazre",
                "Longlat":[-5.487,6.723],
                "A_Upop":[0,0,0,0,0,0,0,11708],
                "Metropole":"No"
                },
                  {
                 "ID":[5,7,6628],
                "A_Name":"Dokpodon",
                "Longlat":[-5.451,5.188],
                "A_Upop":[0,0,0,0,0,0,0,11667],
                "Metropole":"No"
                },
                  {
                 "ID":[5,7,6675],
                "A_Name":"Ouragahio",
                "Longlat":[-5.931,6.31],
                "A_Upop":[0,0,0,0,0,0,12072,11565],
                "Metropole":"No"
                },
                  {
                 "ID":[5,7,6738],
                "A_Name":"Jacqueville",
                "Longlat":[-4.414,5.206],
                "A_Upop":[0,0,0,0,0,13008,18355,11403],
                "Metropole":"No"
                },
                  {
                 "ID":[5,7,6803],
                "A_Name":"Kouto",
                "Longlat":[-6.408,9.895],
                "A_Upop":[0,0,0,0,0,0,11021,11293],
                "Metropole":"No"
                },
                  {
                 "ID":[5,7,6808],
                "A_Name":"Petit Tieme",
                "Longlat":[-6.722,5.813],
                "A_Upop":[0,0,0,0,0,0,0,11289],
                "Metropole":"No"
                },
                  {
                 "ID":[5,7,6821],
                "A_Name":"Kouamefla",
                "Longlat":[-5.422,6.59],
                "A_Upop":[0,0,0,0,0,0,14566,11253],
                "Metropole":"No"
                },
                  {
                 "ID":[5,7,6878],
                "A_Name":"Dianra-Village",
                "Longlat":[-6.244,8.766],
                "A_Upop":[0,0,0,0,0,0,14167,11122],
                "Metropole":"No"
                },
                  {
                 "ID":[5,7,6916],
                "A_Name":"Dapeoua",
                "Longlat":[-6.861,6.151],
                "A_Upop":[0,0,0,0,0,0,0,11056],
                "Metropole":"No"
                },
                  {
                 "ID":[5,7,6979],
                "A_Name":"Bocanda",
                "Longlat":[-4.497,7.065],
                "A_Upop":[0,0,0,0,0,0,11598,10980],
                "Metropole":"No"
                },
                  {
                 "ID":[5,7,7019],
                "A_Name":"Semien",
                "Longlat":[-7.131,7.612],
                "A_Upop":[0,0,0,0,0,0,0,10911],
                "Metropole":"No"
                },
                  {
                 "ID":[5,7,7056],
                "A_Name":"Doka",
                "Longlat":[-5.333,6.333],
                "A_Upop":[0,0,0,0,0,0,0,10858],
                "Metropole":"No"
                },
                  {
                 "ID":[5,7,7057],
                "A_Name":"Scierie Jacob",
                "Longlat":[-5.524,6.326],
                "A_Upop":[0,0,0,0,0,0,0,10857],
                "Metropole":"No"
                },
                  {
                 "ID":[5,7,7063],
                "A_Name":"Tobly-Bangolo",
                "Longlat":[-7.188,6.742],
                "A_Upop":[0,0,0,0,0,0,0,10844],
                "Metropole":"No"
                },
                  {
                 "ID":[5,7,7066],
                "A_Name":"Bouandougou",
                "Longlat":[-5.67,8.215],
                "A_Upop":[0,0,0,0,0,0,11915,10834],
                "Metropole":"No"
                },
                  {
                 "ID":[5,7,7072],
                "A_Name":"Adjamene",
                "Longlat":[-6.845,4.765],
                "A_Upop":[0,0,0,0,0,0,0,10812],
                "Metropole":"No"
                },
                  {
                 "ID":[5,7,7128],
                "A_Name":"Abongoua",
                "Longlat":[-4.104,6.657],
                "A_Upop":[0,0,0,0,0,0,0,10696],
                "Metropole":"No"
                },
                  {
                 "ID":[5,7,7134],
                "A_Name":"Gbliglo",
                "Longlat":[-7.073,6.18],
                "A_Upop":[0,0,0,0,0,10128,0,10691],
                "Metropole":"No"
                },
                  {
                 "ID":[5,7,7200],
                "A_Name":"Konedougou",
                "Longlat":[-6.663,6.035],
                "A_Upop":[0,0,0,0,0,0,0,10587],
                "Metropole":"No"
                },
                  {
                 "ID":[5,7,7208],
                "A_Name":"Cechi",
                "Longlat":[-4.417,6.247],
                "A_Upop":[0,0,0,0,0,10185,12344,10568],
                "Metropole":"No"
                },
                  {
                 "ID":[5,7,7263],
                "A_Name":"Manzanouan",
                "Longlat":[-3.285,6.841],
                "A_Upop":[0,0,0,0,0,0,0,10485],
                "Metropole":"No"
                },
                  {
                 "ID":[5,7,7282],
                "A_Name":"Sinematiali",
                "Longlat":[-5.389,9.581],
                "A_Upop":[0,0,0,0,0,0,0,10445],
                "Metropole":"No"
                },
                  {
                 "ID":[5,7,7314],
                "A_Name":"Gomeneberi",
                "Longlat":[-5.517,5.378],
                "A_Upop":[0,0,0,0,0,0,0,10412],
                "Metropole":"No"
                },
                  {
                 "ID":[5,7,7317],
                "A_Name":"Kanakono",
                "Longlat":[-6.237,10.356],
                "A_Upop":[0,0,0,0,0,0,0,10408],
                "Metropole":"No"
                },
                  {
                 "ID":[5,7,7334],
                "A_Name":"Monoko-Zohi",
                "Longlat":[-6.845,7.07],
                "A_Upop":[0,0,0,0,0,16006,11093,10395],
                "Metropole":"No"
                },
                  {
                 "ID":[5,7,7349],
                "A_Name":"Bacon",
                "Longlat":[-3.91,6.357],
                "A_Upop":[0,0,0,0,0,0,0,10359],
                "Metropole":"No"
                },
                  {
                 "ID":[5,7,7357],
                "A_Name":"Tchefrodouo",
                "Longlat":[-3.12,8.555],
                "A_Upop":[0,0,0,0,0,0,10560,10344],
                "Metropole":"No"
                },
                  {
                 "ID":[5,7,7406],
                "A_Name":"Ananguie",
                "Longlat":[-3.773,6.222],
                "A_Upop":[0,0,0,0,0,0,0,10290],
                "Metropole":"No"
                },
                  {
                 "ID":[5,7,7411],
                "A_Name":"Botro",
                "Longlat":[-5.308,7.844],
                "A_Upop":[0,0,0,0,0,0,13346,10283],
                "Metropole":"No"
                },
                  {
                 "ID":[5,7,7416],
                "A_Name":"Songan",
                "Longlat":[-3.208,6.108],
                "A_Upop":[0,0,0,0,0,10667,0,10265],
                "Metropole":"No"
                },
                  {
                 "ID":[5,7,7446],
                "A_Name":"Koreahinou",
                "Longlat":[-7.12,6.479],
                "A_Upop":[0,0,0,0,0,0,0,10224],
                "Metropole":"No"
                },
                  {
                 "ID":[5,7,7456],
                "A_Name":"Zouan",
                "Longlat":[-7.599,6.543],
                "A_Upop":[0,0,0,0,0,0,21911,10206],
                "Metropole":"No"
                },
                  {
                 "ID":[5,7,7520],
                "A_Name":"Gomon I",
                "Longlat":[-4.442,5.724],
                "A_Upop":[0,0,0,0,0,0,11259,10116],
                "Metropole":"No"
                },
                  {
                 "ID":[5,7,7527],
                "A_Name":"Dairo",
                "Longlat":[-5.473,5.659],
                "A_Upop":[0,0,0,0,0,0,0,10103],
                "Metropole":"No"
                },
                  {
                 "ID":[5,7,7547],
                "A_Name":"Yakasse-Me",
                "Longlat":[-3.95,5.812],
                "A_Upop":[0,0,0,0,0,0,14416,10095],
                "Metropole":"No"
                },
                  {
                 "ID":[5,7,7562],
                "A_Name":"Zagoreta",
                "Longlat":[-6.165,6.679],
                "A_Upop":[0,0,0,0,0,0,10681,10072],
                "Metropole":"No"
                },
                  {
                 "ID":[5,7,7568],
                "A_Name":"Zaguieta",
                "Longlat":[-6.062,6.788],
                "A_Upop":[0,0,0,0,0,0,10122,10061],
                "Metropole":"No"
                },
                  {
                 "ID":[5,7,7599],
                "A_Name":"Assuefry",
                "Longlat":[-2.977,7.699],
                "A_Upop":[0,0,0,0,0,0,0,10029],
                "Metropole":"No"
                },
                  {
                 "ID":[5,7,7608],
                "A_Name":"Sankadiokro",
                "Longlat":[-3.482,6.86],
                "A_Upop":[0,0,0,0,0,0,10669,10006],
                "Metropole":"No"
                },
                  {
                 "ID":[5,7,7725],
                "A_Name":"Bingerville",
                "Longlat":[-3.889,5.352],
                "A_Upop":[0,0,15300,21980,30162,37083,0,0],
                "Metropole":"No"
                },
                  {
                "ID":[5,7,8159],
                "A_Name":"Anyama",
                "Longlat":[-4.051,5.489],
                "A_Upop":[0,0,17235,35447,60983,0,0,0],
                "Metropole":"No"
                }]
}