{
    "EN_country":"Djibouti",
    "FR_country":"Djibouti",
    "ID":[2,12,0],
    "Upop":[31900,37400,88600,183954,273557,390883,593127],
    "Urbanlevel":[0.64,0.48,0.61,0.75,0.8,0.82,0.71,0.72],
    "Numagglos":[1,1,1,1,1,1,6,7],
    "Mpop":[1,1,1,1,1,1,0.82,0.81],
    "ADBA":[0,0,0,0,0,0,35,30.8],
    "Agglomerations":[
    {
                 "ID":[2,12,124],
                "A_Name":"Djibouti",
                "Longlat":[43.107,11.568],
                "A_Upop":[31900,37400,88600,183954,273557,390883,487818,555403],
                "Metropole":"Yes"
                },
                  {
                 "ID":[2,12,1721],
                "A_Name":"Ali Sabieh",
                "Longlat":[42.711,11.153],
                "A_Upop":[0,0,0,0,0,0,38936,44331],
                "Metropole":"No"
                },
                  {
                 "ID":[2,12,2721],
                "A_Name":"Dikhil",
                "Longlat":[42.367,11.105],
                "A_Upop":[0,0,0,0,0,0,25540,29079],
                "Metropole":"No"
                },
                  {
                 "ID":[2,12,4633],
                "A_Name":"Tadjourah",
                "Longlat":[42.878,11.788],
                "A_Upop":[0,0,0,0,0,0,15210,17317],
                "Metropole":"No"
                },
                  {
                 "ID":[2,12,5166],
                "A_Name":"Arta",
                "Longlat":[42.85,11.522],
                "A_Upop":[0,0,0,0,0,0,13609,15494],
                "Metropole":"No"
                },
                  {
                 "ID":[2,12,5750],
                "A_Name":"Obock",
                "Longlat":[43.288,11.965],
                "A_Upop":[0,0,0,0,0,0,12014,13678],
                "Metropole":"No"
                },
                  {
                "ID":[2,12,5815],
                "A_Name":"Ali Adde",
                "Longlat":[42.889,11.129],
                "A_Upop":[0,0,0,0,0,0,0,13500],
                "Metropole":"No"
                }]
}