{
    "EN_country":"Equatorial Guinea",
    "FR_country":"Guinée équatoriale",
    "ID":[1,22,0],
    "Upop":[49300,58300,64400,73000,91728,379063,531991],
    "Urbanlevel":[0.25,0.24,0.25,0.25,0.26,0.43,0.47,0.62],
    "Numagglos":[2,2,2,2,2,3,8,13],
    "Mpop":[1,1,1,1,1,0.93,0.81,0.75],
    "ADBA":[240,240,240,240,240,193,53,34.1],
    "Agglomerations":[
    {
                 "ID":[1,22,215],
                "A_Name":"Bata",
                "Longlat":[9.801,1.85],
                "A_Upop":[20400,21100,27200,32000,38524,179213,229288,311300],
                "Metropole":"Yes"
                },
                  {
                 "ID":[1,22,260],
                "A_Name":"Malabo",
                "Longlat":[8.758,3.735],
                "A_Upop":[28900,37200,37200,41000,53204,173797,202869,257100],
                "Metropole":"Yes"
                },
                  {
                 "ID":[1,22,1925],
                "A_Name":"Ebebiyin/Kye Ossi [GNQ]",
                "Longlat":[11.296,2.16],
                "A_Upop":[0,0,0,0,0,26052,30856,39800],
                "Metropole":"No"
                },
                  {
                 "ID":[1,22,3386],
                "A_Name":"Aconibe",
                "Longlat":[10.946,1.298],
                "A_Upop":[0,0,0,0,0,0,16589,23600],
                "Metropole":"No"
                },
                  {
                 "ID":[1,22,3534],
                "A_Name":"Evinayong",
                "Longlat":[10.558,1.438],
                "A_Upop":[0,0,0,0,0,0,15683,22800],
                "Metropole":"No"
                },
                  {
                 "ID":[1,22,3964],
                "A_Name":"Anisoc",
                "Longlat":[10.718,1.829],
                "A_Upop":[0,0,0,0,0,0,14283,20300],
                "Metropole":"No"
                },
                  {
                 "ID":[1,22,5158],
                "A_Name":"Mongomo",
                "Longlat":[11.294,1.616],
                "A_Upop":[0,0,0,0,0,0,10905,15500],
                "Metropole":"No"
                },
                  {
                 "ID":[1,22,5563],
                "A_Name":"Mengomeyen",
                "Longlat":[11.031,1.699],
                "A_Upop":[0,0,0,0,0,0,0,14200],
                "Metropole":"No"
                },
                  {
                 "ID":[1,22,5927],
                "A_Name":"Luba",
                "Longlat":[8.553,3.46],
                "A_Upop":[0,0,0,0,0,0,11518,13200],
                "Metropole":"No"
                },
                  {
                 "ID":[1,22,6353],
                "A_Name":"Niefang",
                "Longlat":[10.253,1.849],
                "A_Upop":[0,0,0,0,0,0,0,12200],
                "Metropole":"No"
                },
                  {
                 "ID":[1,22,7026],
                "A_Name":"Micomeseng",
                "Longlat":[10.611,2.145],
                "A_Upop":[0,0,0,0,0,0,0,10900],
                "Metropole":"No"
                },
                  {
                 "ID":[1,22,7187],
                "A_Name":"Rebola",
                "Longlat":[8.835,3.727],
                "A_Upop":[0,0,0,0,0,0,0,10600],
                "Metropole":"No"
                },
                  {
                "ID":[1,22,7242],
                "A_Name":"Bidya Bidyan",
                "Longlat":[11.261,1.898],
                "A_Upop":[0,0,0,0,0,0,0,10500],
                "Metropole":"No"
                }]
}