{
    "EN_country":"Eritrea",
    "FR_country":"Érythrée",
    "ID":[2,15,0],
    "Upop":[136286,174418,317670,384325,495800,747681,942952],
    "Urbanlevel":[0.12,0.12,0.18,0.16,0.15,0.26,0.23,0.24],
    "Numagglos":[4,5,6,6,7,17,19,26],
    "Mpop":[0.73,0.71,0.69,0.75,0.73,0.54,0.47,0.39],
    "ADBA":[50,144,126,126,119,56,52,42.5],
    "Agglomerations":[
    {
                 "ID":[2,15,147],
                "A_Name":"Asmara",
                "Longlat":[38.917,15.331],
                "A_Upop":[99329,123500,218360,286738,359900,406875,444986,465360],
                "Metropole":"Yes"
                },
                  {
                 "ID":[2,15,720],
                "A_Name":"Tessenei",
                "Longlat":[36.655,15.109],
                "A_Upop":[0,0,0,0,0,19575,57403,98300],
                "Metropole":"No"
                },
                  {
                 "ID":[2,15,1002],
                "A_Name":"Keren",
                "Longlat":[38.454,15.784],
                "A_Upop":[11000,15000,30000,27329,33700,56289,66604,72450],
                "Metropole":"No"
                },
                  {
                 "ID":[2,15,1172],
                "A_Name":"Barentu",
                "Longlat":[37.591,15.112],
                "A_Upop":[0,0,0,0,14000,14081,38385,63375],
                "Metropole":"No"
                },
                  {
                 "ID":[2,15,1302],
                "A_Name":"Dekemehari",
                "Longlat":[39.043,15.068],
                "A_Upop":[10858,0,0,0,0,20821,40917,57360],
                "Metropole":"No"
                },
                  {
                 "ID":[2,15,1510],
                "A_Name":"Goluj",
                "Longlat":[36.726,14.743],
                "A_Upop":[0,0,0,0,0,10159,29194,49490],
                "Metropole":"No"
                },
                  {
                 "ID":[2,15,1696],
                "A_Name":"Af Abeb",
                "Longlat":[38.689,16.189],
                "A_Upop":[0,0,0,0,0,38981,42897,45000],
                "Metropole":"No"
                },
                  {
                 "ID":[2,15,2116],
                "A_Name":"Assab",
                "Longlat":[42.737,13.01],
                "A_Upop":[0,10400,14900,26184,41800,35187,36037,36470],
                "Metropole":"No"
                },
                  {
                 "ID":[2,15,2725],
                "A_Name":"Massawa",
                "Longlat":[39.437,15.615],
                "A_Upop":[15099,15200,18490,19193,20500,26067,28013,29040],
                "Metropole":"No"
                },
                  {
                 "ID":[2,15,3066],
                "A_Name":"Akordat",
                "Longlat":[37.884,15.544],
                "A_Upop":[0,10318,24000,10708,0,23620,25129,25920],
                "Metropole":"No"
                },
                  {
                 "ID":[2,15,3448],
                "A_Name":"Ali Ghdir",
                "Longlat":[36.57,15.085],
                "A_Upop":[0,0,0,0,0,0,0,23265],
                "Metropole":"No"
                },
                  {
                 "ID":[2,15,3651],
                "A_Name":"Mendefera",
                "Longlat":[38.813,14.889],
                "A_Upop":[0,0,11920,14172,15500,22578,22258,22100],
                "Metropole":"No"
                },
                  {
                 "ID":[2,15,4170],
                "A_Name":"Hegaz",
                "Longlat":[38.267,15.706],
                "A_Upop":[0,0,0,0,0,12961,16983,19440],
                "Metropole":"No"
                },
                  {
                 "ID":[2,15,4288],
                "A_Name":"Om Hajer",
                "Longlat":[36.658,14.326],
                "A_Upop":[0,0,0,0,0,10097,15336,18900],
                "Metropole":"No"
                },
                  {
                 "ID":[2,15,4374],
                "A_Name":"Haykota",
                "Longlat":[37.079,15.184],
                "A_Upop":[0,0,0,0,0,0,15000,18520],
                "Metropole":"No"
                },
                  {
                 "ID":[2,15,4553],
                "A_Name":"Ginda",
                "Longlat":[39.095,15.443],
                "A_Upop":[0,0,0,0,0,11150,15139,17640],
                "Metropole":"No"
                },
                  {
                 "ID":[2,15,5302],
                "A_Name":"Adhi Bdo (Arcugi)",
                "Longlat":[36.864,14.962],
                "A_Upop":[0,0,0,0,0,0,12000,15000],
                "Metropole":"No"
                },
                  {
                 "ID":[2,15,5452],
                "A_Name":"Gergef",
                "Longlat":[36.66,14.616],
                "A_Upop":[0,0,0,0,0,0,0,14520],
                "Metropole":"No"
                },
                  {
                 "ID":[2,15,6228],
                "A_Name":"Debarwa",
                "Longlat":[38.832,15.089],
                "A_Upop":[0,0,0,0,0,0,0,12480],
                "Metropole":"No"
                },
                  {
                 "ID":[2,15,6263],
                "A_Name":"Adi Keyih",
                "Longlat":[39.373,14.846],
                "A_Upop":[0,0,0,0,10400,15313,13318,12420],
                "Metropole":"No"
                },
                  {
                 "ID":[2,15,6426],
                "A_Name":"Adi Tekelezan",
                "Longlat":[38.774,15.573],
                "A_Upop":[0,0,0,0,0,10508,11528,12075],
                "Metropole":"No"
                },
                  {
                 "ID":[2,15,6670],
                "A_Name":"Segheneyti",
                "Longlat":[39.187,15.056],
                "A_Upop":[0,0,0,0,0,0,0,11580],
                "Metropole":"No"
                },
                  {
                 "ID":[2,15,6723],
                "A_Name":"Himbirti",
                "Longlat":[38.735,15.262],
                "A_Upop":[0,0,0,0,0,0,0,11460],
                "Metropole":"No"
                },
                  {
                 "ID":[2,15,6847],
                "A_Name":"Nacfa",
                "Longlat":[38.476,16.669],
                "A_Upop":[0,0,0,0,0,0,0,11200],
                "Metropole":"No"
                },
                  {
                 "ID":[2,15,6886],
                "A_Name":"Senafe",
                "Longlat":[39.422,14.698],
                "A_Upop":[0,0,0,0,0,13421,11825,11100],
                "Metropole":"No"
                },
                  {
                "ID":[2,15,7175],
                "A_Name":"Adiquala",
                "Longlat":[38.832,14.633],
                "A_Upop":[0,0,0,0,0,0,0,10620],
                "Metropole":"No"
                }]
}