{
    "EN_country":"Gabon",
    "FR_country":"Gabon",
    "ID":[1,17,0],
    "Upop":[10400,45900,102300,233802,511360,867770,1245104],
    "Urbanlevel":[0.03,0.1,0.2,0.3,0.55,0.65,0.73,0.81],
    "Numagglos":[1,2,2,5,7,12,13,14],
    "Mpop":[1,0.6,0.7,0.64,0.69,0.61,0.58,0.59],
    "ADBA":[0,150,150,127,138,88,79,95.4],
    "Agglomerations":[
    {
                 "ID":[1,17,80],
                "A_Name":"Libreville",
                "Longlat":[9.565,0.42],
                "A_Upop":[10400,27400,71400,150075,353754,529811,727158,885670],
                "Metropole":"Yes"
                },
                  {
                 "ID":[1,17,490],
                "A_Name":"Port-Gentil",
                "Longlat":[8.77,-0.744],
                "A_Upop":[0,18500,30900,46739,70696,96522,125220,143682],
                "Metropole":"No"
                },
                  {
                 "ID":[1,17,625],
                "A_Name":"Franceville",
                "Longlat":[13.619,-1.622],
                "A_Upop":[0,0,0,15833,25970,70075,108255,111979],
                "Metropole":"No"
                },
                  {
                 "ID":[1,17,1089],
                "A_Name":"Oyem",
                "Longlat":[11.581,1.59],
                "A_Upop":[0,0,0,0,15330,30367,50536,67724],
                "Metropole":"No"
                },
                  {
                 "ID":[1,17,1177],
                "A_Name":"Moanda",
                "Longlat":[13.215,-1.547],
                "A_Upop":[0,0,0,11018,18707,34319,53006,63177],
                "Metropole":"No"
                },
                  {
                 "ID":[1,17,1809],
                "A_Name":"Lambaréné",
                "Longlat":[10.239,-0.701],
                "A_Upop":[0,0,0,0,13077,21114,33395,42408],
                "Metropole":"No"
                },
                  {
                 "ID":[1,17,1904],
                "A_Name":"Mouila",
                "Longlat":[11.05,-1.864],
                "A_Upop":[0,0,0,10137,13827,19379,30094,40192],
                "Metropole":"No"
                },
                  {
                 "ID":[1,17,2380],
                "A_Name":"Tchibanga",
                "Longlat":[10.993,-2.925],
                "A_Upop":[0,0,0,0,0,17341,25840,32883],
                "Metropole":"No"
                },
                  {
                 "ID":[1,17,2396],
                "A_Name":"Bitam",
                "Longlat":[11.493,2.083],
                "A_Upop":[0,0,0,0,0,10773,21511,32651],
                "Metropole":"No"
                },
                  {
                 "ID":[1,17,2818],
                "A_Name":"Koulamoutou",
                "Longlat":[12.465,-1.135],
                "A_Upop":[0,0,0,0,0,14637,22005,28121],
                "Metropole":"No"
                },
                  {
                 "ID":[1,17,3686],
                "A_Name":"Makokou",
                "Longlat":[12.843,0.558],
                "A_Upop":[0,0,0,0,0,13369,18754,21883],
                "Metropole":"No"
                },
                  {
                 "ID":[1,17,6072],
                "A_Name":"Lastoursville",
                "Longlat":[12.733,-0.812],
                "A_Upop":[0,0,0,0,0,0,10657,12868],
                "Metropole":"No"
                },
                  {
                 "ID":[1,17,6439],
                "A_Name":"Okondja",
                "Longlat":[13.678,-0.652],
                "A_Upop":[0,0,0,0,0,0,0,12038],
                "Metropole":"No"
                },
                  {
                 "ID":[1,17,7048],
                "A_Name":"Gamba",
                "Longlat":[10.023,-2.727],
                "A_Upop":[0,0,0,0,0,0,0,10880],
                "Metropole":"No"
                },
                  {
                "ID":[1,17,8804],
                "A_Name":"N'toum",
                "Longlat":[9.7495,0.3892],
                "A_Upop":[0,0,0,0,0,10062,18672,0],
                "Metropole":"No"
                }]
}