{
    "EN_country":"Ghana",
    "FR_country":"Ghana",
    "ID":[5,18,0],
    "Upop":[420893,1137746,2107328,2912607,4306565,7157645,11948351],
    "Urbanlevel":[0.08,0.17,0.25,0.26,0.3,0.39,0.49,0.52],
    "Numagglos":[11,35,52,63,87,142,183,209],
    "Mpop":[0.6,0.46,0.46,0.45,0.43,0.47,0.52,0.51],
    "ADBA":[72,41,28,29,25,19,19,17.4],
    "Agglomerations":[
    {
                 "ID":[5,18,13],
                "A_Name":"Accra",
                "Longlat":[-0.178,5.657],
                "A_Upop":[158196,337800,624091,854659,1185614,2167932,3882529,4452483],
                "Metropole":"Yes"
                },
                  {
                 "ID":[5,18,26],
                "A_Name":"Kumasi",
                "Longlat":[-1.643,6.683],
                "A_Upop":[93413,180642,346336,448030,684899,1207199,2376694,2802344],
                "Metropole":"Yes"
                },
                  {
                 "ID":[5,18,103],
                "A_Name":"Takoradi",
                "Longlat":[-1.776,4.932],
                "A_Upop":[20064,40900,80309,105707,136914,289595,550839,679797],
                "Metropole":"No"
                },
                  {
                 "ID":[5,18,213],
                "A_Name":"Tamale",
                "Longlat":[-0.841,9.425],
                "A_Upop":[18768,40400,83653,118339,157808,202317,274022,312881],
                "Metropole":"No"
                },
                  {
                 "ID":[5,18,321],
                "A_Name":"Cape Coast",
                "Longlat":[-1.211,5.139],
                "A_Upop":[25546,41300,56601,63004,71531,82291,178492,217377],
                "Metropole":"No"
                },
                  {
                 "ID":[5,18,352],
                "A_Name":"Koforidua",
                "Longlat":[-0.25,6.086],
                "A_Upop":[19914,34900,46235,54851,68148,97378,165633,201417],
                "Metropole":"No"
                },
                  {
                 "ID":[5,18,411],
                "A_Name":"Obuasi",
                "Longlat":[-1.589,6.211],
                "A_Upop":[16729,22800,31005,50050,77211,115564,154049,173463],
                "Metropole":"No"
                },
                  {
                 "ID":[5,18,462],
                "A_Name":"Sunyani",
                "Longlat":[-2.313,7.333],
                "A_Upop":[0,12200,23780,33756,46279,77013,132530,152389],
                "Metropole":"No"
                },
                  {
                 "ID":[5,18,522],
                "A_Name":"Ho",
                "Longlat":[0.478,6.607],
                "A_Upop":[0,14500,24199,33263,45396,61658,104532,135349],
                "Metropole":"No"
                },
                  {
                 "ID":[5,18,553],
                "A_Name":"Techiman",
                "Longlat":[-1.945,7.593],
                "A_Upop":[0,0,12068,20456,34094,56187,99964,127596],
                "Metropole":"No"
                },
                  {
                 "ID":[5,18,626],
                "A_Name":"Somanya",
                "Longlat":[-0.002,6.124],
                "A_Upop":[0,0,0,11963,14064,15600,87303,111948],
                "Metropole":"No"
                },
                  {
                 "ID":[5,18,628],
                "A_Name":"Berekum",
                "Longlat":[-2.586,7.448],
                "A_Upop":[0,11100,14296,19617,27643,39649,87008,111449],
                "Metropole":"No"
                },
                  {
                 "ID":[5,18,638],
                "A_Name":"Mankesim",
                "Longlat":[-1.032,5.234],
                "A_Upop":[0,0,0,0,12722,25481,96101,110072],
                "Metropole":"No"
                },
                  {
                 "ID":[5,18,661],
                "A_Name":"Hohoe",
                "Longlat":[0.479,7.159],
                "A_Upop":[0,0,14775,18989,25505,35277,85913,106138],
                "Metropole":"No"
                },
                  {
                 "ID":[5,18,699],
                "A_Name":"Agona Swedru",
                "Longlat":[-0.698,5.531],
                "A_Upop":[11895,18300,21522,28076,35994,45614,56080,101476],
                "Metropole":"No"
                },
                  {
                 "ID":[5,18,841],
                "A_Name":"Lomé/Aflao [GHA]",
                "Longlat":[1.153,6.099],
                "A_Upop":[0,0,11397,17578,26393,38927,73389,84649],
                "Metropole":"No"
                },
                  {
                 "ID":[5,18,890],
                "A_Name":"Winneba",
                "Longlat":[-0.632,5.372],
                "A_Upop":[16476,25400,30778,28107,31369,40017,69548,80974],
                "Metropole":"No"
                },
                  {
                 "ID":[5,18,962],
                "A_Name":"Wa",
                "Longlat":[-2.513,10.059],
                "A_Upop":[0,14300,21400,31070,45405,66644,71340,74868],
                "Metropole":"No"
                },
                  {
                 "ID":[5,18,974],
                "A_Name":"Bolgatanga",
                "Longlat":[-0.864,10.788],
                "A_Upop":[0,0,10896,23781,37953,49162,65549,74497],
                "Metropole":"No"
                },
                  {
                 "ID":[5,18,1025],
                "A_Name":"Anloga",
                "Longlat":[0.981,5.855],
                "A_Upop":[0,11308,14032,17419,0,0,0,71183],
                "Metropole":"No"
                },
                  {
                 "ID":[5,18,1116],
                "A_Name":"Bawku",
                "Longlat":[-0.238,11.059],
                "A_Upop":[0,12700,20567,29497,39747,51379,60755,66354],
                "Metropole":"No"
                },
                  {
                 "ID":[5,18,1176],
                "A_Name":"New Tafo",
                "Longlat":[-0.362,6.21],
                "A_Upop":[0,10600,11114,12362,14808,29008,53443,63216],
                "Metropole":"No"
                },
                  {
                 "ID":[5,18,1215],
                "A_Name":"Nkawkaw",
                "Longlat":[-0.774,6.56],
                "A_Upop":[0,15600,23219,29057,35816,43703,54747,60869],
                "Metropole":"No"
                },
                  {
                 "ID":[5,18,1223],
                "A_Name":"Yendi",
                "Longlat":[-0.009,9.448],
                "A_Upop":[0,16100,22072,28542,34652,40336,53947,60583],
                "Metropole":"No"
                },
                  {
                 "ID":[5,18,1287],
                "A_Name":"Akim Oda",
                "Longlat":[-0.98,5.921],
                "A_Upop":[0,19700,20957,23519,29189,38741,51231,58080],
                "Metropole":"No"
                },
                  {
                 "ID":[5,18,1366],
                "A_Name":"Akropong",
                "Longlat":[-0.09,5.963],
                "A_Upop":[0,0,0,0,0,0,12822,54782],
                "Metropole":"No"
                },
                  {
                 "ID":[5,18,1388],
                "A_Name":"Tarkwa",
                "Longlat":[-1.99,5.296],
                "A_Upop":[0,13500,14702,19675,24983,43284,46974,54039],
                "Metropole":"No"
                },
                  {
                 "ID":[5,18,1422],
                "A_Name":"Effiduase",
                "Longlat":[-1.385,6.841],
                "A_Upop":[0,0,0,0,11747,33347,38842,52395],
                "Metropole":"No"
                },
                  {
                 "ID":[5,18,1428],
                "A_Name":"Asamankese",
                "Longlat":[-0.665,5.859],
                "A_Upop":[0,16700,16905,21114,26936,34855,46061,52208],
                "Metropole":"No"
                },
                  {
                 "ID":[5,18,1434],
                "A_Name":"Kintampo",
                "Longlat":[-1.726,8.043],
                "A_Upop":[0,0,0,11520,18176,28276,44232,52017],
                "Metropole":"No"
                },
                  {
                 "ID":[5,18,1503],
                "A_Name":"Assin Foso",
                "Longlat":[-1.281,5.696],
                "A_Upop":[0,0,0,0,13989,22837,41768,49701],
                "Metropole":"No"
                },
                  {
                 "ID":[5,18,1523],
                "A_Name":"Dormaa Ahenkro",
                "Longlat":[-2.877,7.277],
                "A_Upop":[0,0,0,10892,15116,22913,41284,49172],
                "Metropole":"No"
                },
                  {
                 "ID":[5,18,1618],
                "A_Name":"Konongo",
                "Longlat":[-1.213,6.627],
                "A_Upop":[0,10800,10881,12812,17585,37317,43286,46643],
                "Metropole":"No"
                },
                  {
                 "ID":[5,18,1673],
                "A_Name":"Atebubu",
                "Longlat":[-0.988,7.749],
                "A_Upop":[0,0,0,0,12831,20022,36997,45424],
                "Metropole":"No"
                },
                  {
                 "ID":[5,18,1794],
                "A_Name":"Mampong",
                "Longlat":[-1.402,7.061],
                "A_Upop":[0,0,13895,18170,23951,31740,40846,42782],
                "Metropole":"No"
                },
                  {
                 "ID":[5,18,1814],
                "A_Name":"Yegyi",
                "Longlat":[-0.657,8.222],
                "A_Upop":[0,0,0,0,13502,18593,36124,42221],
                "Metropole":"No"
                },
                  {
                 "ID":[5,18,1903],
                "A_Name":"Wenchi",
                "Longlat":[-2.108,7.748],
                "A_Upop":[0,10700,13836,17081,21712,28141,36802,40193],
                "Metropole":"No"
                },
                  {
                 "ID":[5,18,1911],
                "A_Name":"Suhum",
                "Longlat":[-0.448,6.035],
                "A_Upop":[0,10200,12421,17015,23064,31044,37649,40036],
                "Metropole":"No"
                },
                  {
                 "ID":[5,18,1915],
                "A_Name":"Akatsi",
                "Longlat":[0.803,6.123],
                "A_Upop":[0,0,0,0,0,19617,33375,39931],
                "Metropole":"No"
                },
                  {
                 "ID":[5,18,1944],
                "A_Name":"Navrongo",
                "Longlat":[-1.084,10.882],
                "A_Upop":[0,0,11031,16686,18209,15983,32275,39498],
                "Metropole":"No"
                },
                  {
                 "ID":[5,18,1952],
                "A_Name":"Agogo",
                "Longlat":[-1.087,6.795],
                "A_Upop":[0,10400,14710,17580,21965,28271,36230,39427],
                "Metropole":"No"
                },
                  {
                 "ID":[5,18,1963],
                "A_Name":"Nkoranza",
                "Longlat":[-1.71,7.559],
                "A_Upop":[0,0,0,12196,17279,21715,34610,39273],
                "Metropole":"No"
                },
                  {
                 "ID":[5,18,2040],
                "A_Name":"Bimbilla",
                "Longlat":[0.052,8.856],
                "A_Upop":[0,0,0,0,13843,21016,32535,38099],
                "Metropole":"No"
                },
                  {
                 "ID":[5,18,2065],
                "A_Name":"Offinso",
                "Longlat":[-1.673,6.938],
                "A_Upop":[0,0,0,0,0,12327,29269,37559],
                "Metropole":"No"
                },
                  {
                 "ID":[5,18,2073],
                "A_Name":"Ejura",
                "Longlat":[-1.361,7.385],
                "A_Upop":[0,0,10664,15973,22236,29478,34414,37408],
                "Metropole":"No"
                },
                  {
                 "ID":[5,18,2112],
                "A_Name":"Drobo",
                "Longlat":[-2.784,7.588],
                "A_Upop":[0,0,0,0,0,0,30992,36563],
                "Metropole":"No"
                },
                  {
                 "ID":[5,18,2115],
                "A_Name":"Dunkwa-on-Offin",
                "Longlat":[-1.784,5.966],
                "A_Upop":[0,12700,15437,16472,19928,26215,33147,36479],
                "Metropole":"No"
                },
                  {
                 "ID":[5,18,2168],
                "A_Name":"Akwatia",
                "Longlat":[-0.803,6.045],
                "A_Upop":[0,12600,12177,14137,16938,20723,33225,35561],
                "Metropole":"No"
                },
                  {
                 "ID":[5,18,2171],
                "A_Name":"Savelugu",
                "Longlat":[-0.825,9.619],
                "A_Upop":[0,0,0,14543,19601,24937,31704,35501],
                "Metropole":"No"
                },
                  {
                 "ID":[5,18,2193],
                "A_Name":"Prestea",
                "Longlat":[-2.142,5.439],
                "A_Upop":[0,13200,15143,16393,18622,26021,31856,35223],
                "Metropole":"No"
                },
                  {
                 "ID":[5,18,2269],
                "A_Name":"Dambai",
                "Longlat":[0.184,8.061],
                "A_Upop":[0,0,0,0,0,13768,26873,34389],
                "Metropole":"No"
                },
                  {
                 "ID":[5,18,2306],
                "A_Name":"Kade",
                "Longlat":[-0.84,6.108],
                "A_Upop":[0,0,0,0,12760,18545,29986,33941],
                "Metropole":"No"
                },
                  {
                 "ID":[5,18,2387],
                "A_Name":"Salaga",
                "Longlat":[-0.516,8.547],
                "A_Upop":[0,0,0,0,12972,16196,27743,32742],
                "Metropole":"No"
                },
                  {
                 "ID":[5,18,2425],
                "A_Name":"Akim Achiase",
                "Longlat":[-0.997,5.833],
                "A_Upop":[0,0,0,0,11533,14236,26326,32327],
                "Metropole":"No"
                },
                  {
                 "ID":[5,18,2459],
                "A_Name":"Elmina",
                "Longlat":[-1.349,5.099],
                "A_Upop":[0,0,11401,15147,18415,21103,23013,31884],
                "Metropole":"No"
                },
                  {
                 "ID":[5,18,2469],
                "A_Name":"Kpandu",
                "Longlat":[0.303,6.993],
                "A_Upop":[0,0,12842,14835,16428,17684,24477,31749],
                "Metropole":"No"
                },
                  {
                 "ID":[5,18,2476],
                "A_Name":"Dzodze",
                "Longlat":[0.998,6.233],
                "A_Upop":[0,0,10390,12970,15807,18957,28940,31659],
                "Metropole":"No"
                },
                  {
                 "ID":[5,18,2522],
                "A_Name":"Nkwatia",
                "Longlat":[-0.712,6.607],
                "A_Upop":[0,0,0,0,0,0,27555,31188],
                "Metropole":"No"
                },
                  {
                 "ID":[5,18,2628],
                "A_Name":"Akim Swedru",
                "Longlat":[-1.015,5.885],
                "A_Upop":[0,0,0,0,0,0,24963,29998],
                "Metropole":"No"
                },
                  {
                 "ID":[5,18,2676],
                "A_Name":"Nkwanta",
                "Longlat":[0.52,8.255],
                "A_Upop":[0,0,0,0,0,11367,23513,29435],
                "Metropole":"No"
                },
                  {
                 "ID":[5,18,2701],
                "A_Name":"Sefwi Wiawso",
                "Longlat":[-2.482,6.213],
                "A_Upop":[0,0,0,0,0,12472,18446,29233],
                "Metropole":"No"
                },
                  {
                 "ID":[5,18,2776],
                "A_Name":"Mmem",
                "Longlat":[-2.554,6.905],
                "A_Upop":[0,0,0,11999,15970,22212,26181,28560],
                "Metropole":"No"
                },
                  {
                 "ID":[5,18,2794],
                "A_Name":"Anlo Afiadenyigba",
                "Longlat":[1.04,6.065],
                "A_Upop":[0,0,0,0,0,0,22050,28397],
                "Metropole":"No"
                },
                  {
                 "ID":[5,18,2894],
                "A_Name":"Apam",
                "Longlat":[-0.741,5.297],
                "A_Upop":[0,0,0,11937,14501,16494,23588,27347],
                "Metropole":"No"
                },
                  {
                 "ID":[5,18,2950],
                "A_Name":"Bibiani",
                "Longlat":[-2.312,6.45],
                "A_Upop":[0,12900,0,10039,13590,23287,23499,26939],
                "Metropole":"No"
                },
                  {
                 "ID":[5,18,3068],
                "A_Name":"Begoro",
                "Longlat":[-0.374,6.382],
                "A_Upop":[0,0,11043,14959,16528,15941,22421,25876],
                "Metropole":"No"
                },
                  {
                 "ID":[5,18,3106],
                "A_Name":"Mepe",
                "Longlat":[0.404,6.067],
                "A_Upop":[0,0,0,0,0,0,19271,25528],
                "Metropole":"No"
                },
                  {
                 "ID":[5,18,3127],
                "A_Name":"Bekwai",
                "Longlat":[-1.584,6.457],
                "A_Upop":[0,0,11287,11910,14573,19679,22406,25379],
                "Metropole":"No"
                },
                  {
                 "ID":[5,18,3162],
                "A_Name":"Goaso",
                "Longlat":[-2.522,6.796],
                "A_Upop":[0,0,0,0,0,13371,21146,25139],
                "Metropole":"No"
                },
                  {
                 "ID":[5,18,3175],
                "A_Name":"Walewale",
                "Longlat":[-0.798,10.352],
                "A_Upop":[0,0,0,0,0,13558,21888,25011],
                "Metropole":"No"
                },
                  {
                 "ID":[5,18,3184],
                "A_Name":"Zabzugu",
                "Longlat":[0.368,9.293],
                "A_Upop":[0,0,0,0,0,11269,20420,24979],
                "Metropole":"No"
                },
                  {
                 "ID":[5,18,3213],
                "A_Name":"Atimpoku",
                "Longlat":[0.09,6.23],
                "A_Upop":[0,0,0,0,0,0,21863,24796],
                "Metropole":"No"
                },
                  {
                 "ID":[5,18,3235],
                "A_Name":"Kibi",
                "Longlat":[-0.552,6.172],
                "A_Upop":[0,0,0,0,0,0,21025,24643],
                "Metropole":"No"
                },
                  {
                 "ID":[5,18,3320],
                "A_Name":"Damongo",
                "Longlat":[-1.816,9.083],
                "A_Upop":[0,0,0,10922,13210,14442,20735,24065],
                "Metropole":"No"
                },
                  {
                 "ID":[5,18,3337],
                "A_Name":"Asankragwa",
                "Longlat":[-2.438,5.803],
                "A_Upop":[0,0,0,0,0,11106,19657,23937],
                "Metropole":"No"
                },
                  {
                 "ID":[5,18,3341],
                "A_Name":"Gushiegu",
                "Longlat":[-0.22,9.921],
                "A_Upop":[0,0,0,0,10494,13693,20413,23923],
                "Metropole":"No"
                },
                  {
                 "ID":[5,18,3449],
                "A_Name":"Axim",
                "Longlat":[-2.24,4.868],
                "A_Upop":[0,0,0,11427,15855,21768,20655,23255],
                "Metropole":"No"
                },
                  {
                 "ID":[5,18,3460],
                "A_Name":"Half Assini",
                "Longlat":[-2.88,5.053],
                "A_Upop":[0,0,0,0,0,11734,19821,23185],
                "Metropole":"No"
                },
                  {
                 "ID":[5,18,3790],
                "A_Name":"Adoagyiri",
                "Longlat":[-0.363,5.819],
                "A_Upop":[0,0,0,0,12081,13058,19472,21205],
                "Metropole":"No"
                },
                  {
                 "ID":[5,18,3823],
                "A_Name":"Mumford",
                "Longlat":[-0.764,5.266],
                "A_Upop":[0,0,0,0,0,0,17374,21045],
                "Metropole":"No"
                },
                  {
                 "ID":[5,18,3843],
                "A_Name":"Elubo",
                "Longlat":[-2.755,5.288],
                "A_Upop":[0,0,0,0,0,10428,17410,20948],
                "Metropole":"No"
                },
                  {
                 "ID":[5,18,3867],
                "A_Name":"Senya Bereku",
                "Longlat":[-0.496,5.395],
                "A_Upop":[0,0,0,12042,14030,15908,18982,20800],
                "Metropole":"No"
                },
                  {
                 "ID":[5,18,3918],
                "A_Name":"Agona Nyakrom",
                "Longlat":[-0.787,5.609],
                "A_Upop":[0,13500,11252,11527,13037,15750,18745,20521],
                "Metropole":"No"
                },
                  {
                 "ID":[5,18,3937],
                "A_Name":"Aburi",
                "Longlat":[-0.177,5.841],
                "A_Upop":[0,0,0,0,0,10071,18043,20406],
                "Metropole":"No"
                },
                  {
                 "ID":[5,18,3960],
                "A_Name":"Wamfie",
                "Longlat":[-2.7,7.306],
                "A_Upop":[0,0,0,0,0,11121,18242,20309],
                "Metropole":"No"
                },
                  {
                 "ID":[5,18,3987],
                "A_Name":"Abuesi",
                "Longlat":[-1.648,4.979],
                "A_Upop":[0,0,0,0,0,0,19330,20175],
                "Metropole":"No"
                },
                  {
                 "ID":[5,18,4000],
                "A_Name":"Akomadan",
                "Longlat":[-1.962,7.411],
                "A_Upop":[0,0,0,0,11515,14016,17872,20122],
                "Metropole":"No"
                },
                  {
                 "ID":[5,18,4034],
                "A_Name":"Adeiso",
                "Longlat":[-0.488,5.793],
                "A_Upop":[0,0,0,0,0,0,16533,19994],
                "Metropole":"No"
                },
                  {
                 "ID":[5,18,4044],
                "A_Name":"Tepa",
                "Longlat":[-2.145,7.011],
                "A_Upop":[0,0,0,0,0,13826,17758,19950],
                "Metropole":"No"
                },
                  {
                 "ID":[5,18,4046],
                "A_Name":"Juapong",
                "Longlat":[0.139,6.252],
                "A_Upop":[0,0,0,0,0,13103,16552,19942],
                "Metropole":"No"
                },
                  {
                 "ID":[5,18,4052],
                "A_Name":"Tatale",
                "Longlat":[0.528,9.36],
                "A_Upop":[0,0,0,0,0,0,15059,19923],
                "Metropole":"No"
                },
                  {
                 "ID":[5,18,4053],
                "A_Name":"Duayaw Nkwanta",
                "Longlat":[-2.098,7.179],
                "A_Upop":[0,0,0,0,10092,12921,17762,19921],
                "Metropole":"No"
                },
                  {
                 "ID":[5,18,4062],
                "A_Name":"Bawjiase",
                "Longlat":[-0.551,5.679],
                "A_Upop":[0,0,0,0,10912,13958,18333,19889],
                "Metropole":"No"
                },
                  {
                 "ID":[5,18,4082],
                "A_Name":"Bechem",
                "Longlat":[-2.017,7.077],
                "A_Upop":[0,0,0,0,10030,12591,17565,19807],
                "Metropole":"No"
                },
                  {
                 "ID":[5,18,4094],
                "A_Name":"Kenyasi 2",
                "Longlat":[-2.39,6.982],
                "A_Upop":[0,0,0,0,0,0,16791,19772],
                "Metropole":"No"
                },
                  {
                 "ID":[5,18,4115],
                "A_Name":"Akim Asene",
                "Longlat":[-0.937,5.925],
                "A_Upop":[0,0,0,0,0,0,10340,19684],
                "Metropole":"No"
                },
                  {
                 "ID":[5,18,4148],
                "A_Name":"Akosombo",
                "Longlat":[0.056,6.265],
                "A_Upop":[0,0,0,0,11344,14429,18429,19534],
                "Metropole":"No"
                },
                  {
                 "ID":[5,18,4163],
                "A_Name":"Nkwatanum-Essiam",
                "Longlat":[-0.978,5.402],
                "A_Upop":[0,0,0,0,0,0,16410,19482],
                "Metropole":"No"
                },
                  {
                 "ID":[5,18,4261],
                "A_Name":"Afosu",
                "Longlat":[-0.997,6.354],
                "A_Upop":[0,0,0,0,0,0,16913,19042],
                "Metropole":"No"
                },
                  {
                 "ID":[5,18,4342],
                "A_Name":"Komenda",
                "Longlat":[-1.493,5.053],
                "A_Upop":[0,0,0,0,0,12278,14754,18670],
                "Metropole":"No"
                },
                  {
                 "ID":[5,18,4346],
                "A_Name":"Kpassa",
                "Longlat":[0.307,8.496],
                "A_Upop":[0,0,0,0,10550,17693,18127,18646],
                "Metropole":"No"
                },
                  {
                 "ID":[5,18,4376],
                "A_Name":"Sogakope",
                "Longlat":[0.601,6.006],
                "A_Upop":[0,0,0,0,0,0,15384,18502],
                "Metropole":"No"
                },
                  {
                 "ID":[5,18,4433],
                "A_Name":"Besease",
                "Longlat":[-0.975,5.456],
                "A_Upop":[0,0,0,0,0,10502,15616,18290],
                "Metropole":"No"
                },
                  {
                 "ID":[5,18,4439],
                "A_Name":"Kwame Danso",
                "Longlat":[-0.676,7.732],
                "A_Upop":[0,0,0,0,0,0,14012,18255],
                "Metropole":"No"
                },
                  {
                 "ID":[5,18,4441],
                "A_Name":"Brenan Asikuma",
                "Longlat":[-0.999,5.581],
                "A_Upop":[0,0,0,0,0,12391,16159,18241],
                "Metropole":"No"
                },
                  {
                 "ID":[5,18,4455],
                "A_Name":"Kasseh",
                "Longlat":[0.522,5.901],
                "A_Upop":[0,0,0,0,0,0,15456,18168],
                "Metropole":"No"
                },
                  {
                 "ID":[5,18,4523],
                "A_Name":"Donkorkrom",
                "Longlat":[-0.087,7.047],
                "A_Upop":[0,0,0,0,0,0,14239,17803],
                "Metropole":"No"
                },
                  {
                 "ID":[5,18,4578],
                "A_Name":"Twifo Praso",
                "Longlat":[-1.544,5.606],
                "A_Upop":[0,0,0,0,0,0,14651,17527],
                "Metropole":"No"
                },
                  {
                 "ID":[5,18,4605],
                "A_Name":"Nsuatre",
                "Longlat":[-2.453,7.399],
                "A_Upop":[0,0,0,0,12523,18931,15500,17451],
                "Metropole":"No"
                },
                  {
                 "ID":[5,18,4606],
                "A_Name":"Anyiman",
                "Longlat":[-0.545,6.372],
                "A_Upop":[0,0,0,0,0,0,15277,17448],
                "Metropole":"No"
                },
                  {
                 "ID":[5,18,4653],
                "A_Name":"Asanwinso",
                "Longlat":[-2.705,6.426],
                "A_Upop":[0,0,0,0,0,13116,15720,17253],
                "Metropole":"No"
                },
                  {
                 "ID":[5,18,4659],
                "A_Name":"Chiraa",
                "Longlat":[-2.188,7.396],
                "A_Upop":[0,0,0,0,11378,15183,16348,17200],
                "Metropole":"No"
                },
                  {
                 "ID":[5,18,4661],
                "A_Name":"Karaga",
                "Longlat":[-0.428,9.927],
                "A_Upop":[0,0,0,0,0,12800,15581,17194],
                "Metropole":"No"
                },
                  {
                 "ID":[5,18,4663],
                "A_Name":"Nalerigu",
                "Longlat":[-0.375,10.524],
                "A_Upop":[0,0,0,0,0,10698,14927,17189],
                "Metropole":"No"
                },
                  {
                 "ID":[5,18,4665],
                "A_Name":"Sampa",
                "Longlat":[-2.686,7.954],
                "A_Upop":[0,0,0,0,0,11348,15119,17179],
                "Metropole":"No"
                },
                  {
                 "ID":[5,18,4767],
                "A_Name":"Akim Akroso",
                "Longlat":[-0.765,5.773],
                "A_Upop":[0,0,0,0,0,10664,14671,16827],
                "Metropole":"No"
                },
                  {
                 "ID":[5,18,4886],
                "A_Name":"Techimantia",
                "Longlat":[-2.026,7.191],
                "A_Upop":[0,0,0,0,10547,12261,14874,16394],
                "Metropole":"No"
                },
                  {
                 "ID":[5,18,4898],
                "A_Name":"Sokode-Gbogame",
                "Longlat":[0.413,6.571],
                "A_Upop":[0,0,0,0,0,0,11988,16366],
                "Metropole":"No"
                },
                  {
                 "ID":[5,18,4921],
                "A_Name":"Agona nkwanta",
                "Longlat":[-1.963,4.883],
                "A_Upop":[0,0,0,0,0,10031,14104,16276],
                "Metropole":"No"
                },
                  {
                 "ID":[5,18,4943],
                "A_Name":"Badu",
                "Longlat":[-2.233,7.695],
                "A_Upop":[0,0,0,0,0,0,14304,16200],
                "Metropole":"No"
                },
                  {
                 "ID":[5,18,4961],
                "A_Name":"Aboso",
                "Longlat":[-1.951,5.359],
                "A_Upop":[0,0,0,0,0,11015,14318,16143],
                "Metropole":"No"
                },
                  {
                 "ID":[5,18,4994],
                "A_Name":"Aiyinase",
                "Longlat":[-2.449,5.032],
                "A_Upop":[0,0,0,0,0,0,15143,16050],
                "Metropole":"No"
                },
                  {
                 "ID":[5,18,5007],
                "A_Name":"Dodowa",
                "Longlat":[-0.09,5.889],
                "A_Upop":[0,0,0,0,0,0,13433,16019],
                "Metropole":"No"
                },
                  {
                 "ID":[5,18,5245],
                "A_Name":"Diare",
                "Longlat":[-0.875,9.869],
                "A_Upop":[0,0,0,0,0,0,12666,15203],
                "Metropole":"No"
                },
                  {
                 "ID":[5,18,5272],
                "A_Name":"Samreboi",
                "Longlat":[-2.554,5.617],
                "A_Upop":[0,0,0,0,0,0,12968,15113],
                "Metropole":"No"
                },
                  {
                 "ID":[5,18,5295],
                "A_Name":"Kumawu",
                "Longlat":[-1.277,6.909],
                "A_Upop":[0,0,0,0,10611,15634,13345,15025],
                "Metropole":"No"
                },
                  {
                 "ID":[5,18,5310],
                "A_Name":"Bole",
                "Longlat":[-2.489,9.04],
                "A_Upop":[0,0,0,0,0,0,12921,14997],
                "Metropole":"No"
                },
                  {
                 "ID":[5,18,5341],
                "A_Name":"Peki-Tsame",
                "Longlat":[0.233,6.528],
                "A_Upop":[0,0,0,0,0,12415,12756,14900],
                "Metropole":"No"
                },
                  {
                 "ID":[5,18,5435],
                "A_Name":"Wiamoase",
                "Longlat":[-1.518,7.052],
                "A_Upop":[0,0,0,0,10906,12677,13800,14588],
                "Metropole":"No"
                },
                  {
                 "ID":[5,18,5442],
                "A_Name":"Buipe",
                "Longlat":[-1.469,8.79],
                "A_Upop":[0,0,0,0,0,0,11653,14564],
                "Metropole":"No"
                },
                  {
                 "ID":[5,18,5455],
                "A_Name":"Jirapa",
                "Longlat":[-2.695,10.528],
                "A_Upop":[0,0,0,0,0,0,12313,14518],
                "Metropole":"No"
                },
                  {
                 "ID":[5,18,5551],
                "A_Name":"Asuom",
                "Longlat":[-0.874,6.265],
                "A_Upop":[0,0,0,0,0,13071,13697,14238],
                "Metropole":"No"
                },
                  {
                 "ID":[5,18,5554],
                "A_Name":"Mafi Kumase",
                "Longlat":[0.583,6.273],
                "A_Upop":[0,0,0,0,0,0,12077,14222],
                "Metropole":"No"
                },
                  {
                 "ID":[5,18,5555],
                "A_Name":"Duadaso No.2",
                "Longlat":[-2.627,7.904],
                "A_Upop":[0,0,0,0,0,0,13010,14221],
                "Metropole":"No"
                },
                  {
                 "ID":[5,18,5570],
                "A_Name":"Bonyere",
                "Longlat":[-2.725,5.021],
                "A_Upop":[0,0,0,0,0,0,12537,14185],
                "Metropole":"No"
                },
                  {
                 "ID":[5,18,5625],
                "A_Name":"Apedwa",
                "Longlat":[-0.493,6.127],
                "A_Upop":[0,0,0,0,0,0,12705,14031],
                "Metropole":"No"
                },
                  {
                 "ID":[5,18,5653],
                "A_Name":"Agona",
                "Longlat":[-1.485,6.928],
                "A_Upop":[0,0,0,0,0,0,10955,13984],
                "Metropole":"No"
                },
                  {
                 "ID":[5,18,5663],
                "A_Name":"Chamba",
                "Longlat":[-0.133,8.698],
                "A_Upop":[0,0,0,0,0,0,10671,13948],
                "Metropole":"No"
                },
                  {
                 "ID":[5,18,5690],
                "A_Name":"Jasikan",
                "Longlat":[0.47,7.407],
                "A_Upop":[0,0,0,0,0,0,15592,13849],
                "Metropole":"No"
                },
                  {
                 "ID":[5,18,5741],
                "A_Name":"Anyamam",
                "Longlat":[0.373,5.791],
                "A_Upop":[0,0,0,0,0,0,11565,13698],
                "Metropole":"No"
                },
                  {
                 "ID":[5,18,5808],
                "A_Name":"Amanten",
                "Longlat":[-1.2,7.544],
                "A_Upop":[0,0,0,0,0,0,11697,13522],
                "Metropole":"No"
                },
                  {
                 "ID":[5,18,5836],
                "A_Name":"Bunkpurugu",
                "Longlat":[0.097,10.518],
                "A_Upop":[0,0,0,0,0,0,11106,13451],
                "Metropole":"No"
                },
                  {
                 "ID":[5,18,5837],
                "A_Name":"Ada Foah",
                "Longlat":[0.626,5.78],
                "A_Upop":[0,0,0,0,0,0,12468,13448],
                "Metropole":"No"
                },
                  {
                 "ID":[5,18,5856],
                "A_Name":"New Ebiduase",
                "Longlat":[-1.393,6.061],
                "A_Upop":[0,0,0,0,0,0,12046,13401],
                "Metropole":"No"
                },
                  {
                 "ID":[5,18,5915],
                "A_Name":"Shama",
                "Longlat":[-1.632,5.009],
                "A_Upop":[0,0,0,10121,10716,0,12114,13238],
                "Metropole":"No"
                },
                  {
                 "ID":[5,18,5919],
                "A_Name":"Inchaban (Ntwaaban)",
                "Longlat":[-1.685,4.983],
                "A_Upop":[0,0,0,0,0,0,0,13223],
                "Metropole":"No"
                },
                  {
                 "ID":[5,18,5957],
                "A_Name":"Enchi",
                "Longlat":[-2.825,5.817],
                "A_Upop":[0,0,0,0,0,0,11737,13125],
                "Metropole":"No"
                },
                  {
                 "ID":[5,18,5976],
                "A_Name":"Nkrankwanta",
                "Longlat":[-3.046,7.024],
                "A_Upop":[0,0,0,0,0,0,10824,13076],
                "Metropole":"No"
                },
                  {
                 "ID":[5,18,6025],
                "A_Name":"Jamasi",
                "Longlat":[-1.477,6.974],
                "A_Upop":[0,0,0,0,0,0,11766,12968],
                "Metropole":"No"
                },
                  {
                 "ID":[5,18,6063],
                "A_Name":"Esiama",
                "Longlat":[-2.337,4.931],
                "A_Upop":[0,0,0,0,0,0,11616,12885],
                "Metropole":"No"
                },
                  {
                 "ID":[5,18,6076],
                "A_Name":"Bogoso",
                "Longlat":[-2.011,5.567],
                "A_Upop":[0,0,0,0,0,11439,11141,12860],
                "Metropole":"No"
                },
                  {
                 "ID":[5,18,6131],
                "A_Name":"Have Etoe",
                "Longlat":[0.354,6.745],
                "A_Upop":[0,0,0,0,0,0,0,12702],
                "Metropole":"No"
                },
                  {
                 "ID":[5,18,6144],
                "A_Name":"Bodomase",
                "Longlat":[-1.238,6.898],
                "A_Upop":[0,0,0,0,0,0,11341,12680],
                "Metropole":"No"
                },
                  {
                 "ID":[5,18,6190],
                "A_Name":"Yamfo",
                "Longlat":[-2.24,7.22],
                "A_Upop":[0,0,0,0,0,0,11062,12565],
                "Metropole":"No"
                },
                  {
                 "ID":[5,18,6201],
                "A_Name":"Zuarungu Daboro",
                "Longlat":[-0.783,10.777],
                "A_Upop":[0,0,0,0,0,0,11141,12544],
                "Metropole":"No"
                },
                  {
                 "ID":[5,18,6205],
                "A_Name":"Abura Dunkwa",
                "Longlat":[-1.169,5.342],
                "A_Upop":[0,0,0,0,0,0,11077,12529],
                "Metropole":"No"
                },
                  {
                 "ID":[5,18,6225],
                "A_Name":"Kpandai",
                "Longlat":[-0.01,8.467],
                "A_Upop":[0,0,0,0,0,0,10824,12484],
                "Metropole":"No"
                },
                  {
                 "ID":[5,18,6243],
                "A_Name":"Dompoase",
                "Longlat":[-1.523,6.297],
                "A_Upop":[0,0,0,0,0,0,11328,12456],
                "Metropole":"No"
                },
                  {
                 "ID":[5,18,6287],
                "A_Name":"Tumu",
                "Longlat":[-1.982,10.874],
                "A_Upop":[0,0,0,0,0,0,11086,12350],
                "Metropole":"No"
                },
                  {
                 "ID":[5,18,6291],
                "A_Name":"Dzemeni",
                "Longlat":[0.17,6.6],
                "A_Upop":[0,0,0,0,0,0,0,12342],
                "Metropole":"No"
                },
                  {
                 "ID":[5,18,6293],
                "A_Name":"Wulensi",
                "Longlat":[0.002,8.655],
                "A_Upop":[0,0,0,0,0,0,10696,12339],
                "Metropole":"No"
                },
                  {
                 "ID":[5,18,6318],
                "A_Name":"Jacobu",
                "Longlat":[-1.669,6.353],
                "A_Upop":[0,0,0,0,0,0,10725,12288],
                "Metropole":"No"
                },
                  {
                 "ID":[5,18,6322],
                "A_Name":"Nsuta",
                "Longlat":[-1.39,7.023],
                "A_Upop":[0,0,0,0,0,0,0,12281],
                "Metropole":"No"
                },
                  {
                 "ID":[5,18,6337],
                "A_Name":"Agona Kwanyako",
                "Longlat":[-0.636,5.597],
                "A_Upop":[0,0,0,0,0,0,10976,12241],
                "Metropole":"No"
                },
                  {
                 "ID":[5,18,6366],
                "A_Name":"Maame Krobo",
                "Longlat":[-0.439,6.956],
                "A_Upop":[0,0,0,0,0,0,10818,12180],
                "Metropole":"No"
                },
                  {
                 "ID":[5,18,6373],
                "A_Name":"Gomoa Afransi",
                "Longlat":[-0.744,5.507],
                "A_Upop":[0,0,0,0,0,0,10816,12162],
                "Metropole":"No"
                },
                  {
                 "ID":[5,18,6408],
                "A_Name":"Adina",
                "Longlat":[1.055,6.018],
                "A_Upop":[0,0,0,0,0,0,10755,12108],
                "Metropole":"No"
                },
                  {
                 "ID":[5,18,6420],
                "A_Name":"Derma",
                "Longlat":[-1.944,7.213],
                "A_Upop":[0,0,0,0,0,0,0,12095],
                "Metropole":"No"
                },
                  {
                 "ID":[5,18,6432],
                "A_Name":"Breman Odoben",
                "Longlat":[-0.88,5.635],
                "A_Upop":[0,0,0,0,0,0,10708,12058],
                "Metropole":"No"
                },
                  {
                 "ID":[5,18,6434],
                "A_Name":"Tsito",
                "Longlat":[0.287,6.541],
                "A_Upop":[0,0,0,0,0,0,10301,12052],
                "Metropole":"No"
                },
                  {
                 "ID":[5,18,6452],
                "A_Name":"Kadjebi",
                "Longlat":[0.473,7.526],
                "A_Upop":[0,0,0,0,0,0,10663,12004],
                "Metropole":"No"
                },
                  {
                 "ID":[5,18,6498],
                "A_Name":"Manyoro/Kolonia-Tangassogo [GHA]",
                "Longlat":[-0.985,10.987],
                "A_Upop":[0,0,0,0,0,0,10596,11930],
                "Metropole":"No"
                },
                  {
                 "ID":[5,18,6532],
                "A_Name":"Ofoase Kesse",
                "Longlat":[-1.143,6.173],
                "A_Upop":[0,0,0,0,0,0,10531,11857],
                "Metropole":"No"
                },
                  {
                 "ID":[5,18,6577],
                "A_Name":"Mpohor",
                "Longlat":[-1.898,4.972],
                "A_Upop":[0,0,0,0,0,0,10826,11755],
                "Metropole":"No"
                },
                  {
                 "ID":[5,18,6583],
                "A_Name":"Parambo",
                "Longlat":[-0.789,8.13],
                "A_Upop":[0,0,0,0,0,0,10437,11744],
                "Metropole":"No"
                },
                  {
                 "ID":[5,18,6586],
                "A_Name":"Abetifi",
                "Longlat":[-0.745,6.673],
                "A_Upop":[0,0,0,0,0,0,10445,11733],
                "Metropole":"No"
                },
                  {
                 "ID":[5,18,6587],
                "A_Name":"Kwamekrom",
                "Longlat":[0.323,7.294],
                "A_Upop":[0,0,0,0,0,0,10135,11726],
                "Metropole":"No"
                },
                  {
                 "ID":[5,18,6678],
                "A_Name":"Breman Brakwa",
                "Longlat":[-0.988,5.704],
                "A_Upop":[0,0,0,0,0,0,10219,11547],
                "Metropole":"No"
                },
                  {
                 "ID":[5,18,6683],
                "A_Name":"Obogu",
                "Longlat":[-1.118,6.521],
                "A_Upop":[0,0,0,0,0,0,10137,11543],
                "Metropole":"No"
                },
                  {
                 "ID":[5,18,6689],
                "A_Name":"Old Debiso",
                "Longlat":[-3.105,6.662],
                "A_Upop":[0,0,0,0,0,10413,0,11519],
                "Metropole":"No"
                },
                  {
                 "ID":[5,18,6704],
                "A_Name":"Sefwi Bekwai",
                "Longlat":[-2.324,6.196],
                "A_Upop":[0,0,0,0,0,0,10607,11498],
                "Metropole":"No"
                },
                  {
                 "ID":[5,18,6712],
                "A_Name":"Sankore",
                "Longlat":[-2.5,6.501],
                "A_Upop":[0,0,0,0,0,0,0,11490],
                "Metropole":"No"
                },
                  {
                 "ID":[5,18,6718],
                "A_Name":"Ekye Amanfrom",
                "Longlat":[-0.502,6.75],
                "A_Upop":[0,0,0,0,0,0,10190,11473],
                "Metropole":"No"
                },
                  {
                 "ID":[5,18,6777],
                "A_Name":"Abofour",
                "Longlat":[-1.734,7.132],
                "A_Upop":[0,0,0,0,0,11177,10071,11339],
                "Metropole":"No"
                },
                  {
                 "ID":[5,18,6786],
                "A_Name":"Onwe",
                "Longlat":[-1.452,6.68],
                "A_Upop":[0,0,0,0,0,0,0,11311],
                "Metropole":"No"
                },
                  {
                 "ID":[5,18,6804],
                "A_Name":"Banda",
                "Longlat":[-0.091,8.296],
                "A_Upop":[0,0,0,0,0,0,0,11293],
                "Metropole":"No"
                },
                  {
                 "ID":[5,18,6806],
                "A_Name":"Kete-Krachi",
                "Longlat":[-0.049,7.795],
                "A_Upop":[0,0,0,0,0,0,0,11292],
                "Metropole":"No"
                },
                  {
                 "ID":[5,18,6822],
                "A_Name":"Larteh",
                "Longlat":[-0.067,5.934],
                "A_Upop":[0,0,0,0,0,0,10175,11251],
                "Metropole":"No"
                },
                  {
                 "ID":[5,18,6836],
                "A_Name":"Jinjini",
                "Longlat":[-2.649,7.448],
                "A_Upop":[0,0,0,0,0,0,0,11221],
                "Metropole":"No"
                },
                  {
                 "ID":[5,18,6905],
                "A_Name":"Dzita Agbledomi",
                "Longlat":[0.744,5.78],
                "A_Upop":[0,0,0,0,0,0,0,11079],
                "Metropole":"No"
                },
                  {
                 "ID":[5,18,6920],
                "A_Name":"Nkenkaasu",
                "Longlat":[-1.902,7.319],
                "A_Upop":[0,0,0,0,0,10014,0,11050],
                "Metropole":"No"
                },
                  {
                 "ID":[5,18,6935],
                "A_Name":"Paga/Dakola [GHA]",
                "Longlat":[-1.118,11.007],
                "A_Upop":[0,0,0,0,0,0,0,11034],
                "Metropole":"No"
                },
                  {
                 "ID":[5,18,6974],
                "A_Name":"Hemang",
                "Longlat":[-1.532,5.487],
                "A_Upop":[0,0,0,0,0,0,0,10987],
                "Metropole":"No"
                },
                  {
                 "ID":[5,18,7087],
                "A_Name":"Nkonsia",
                "Longlat":[-2.105,7.693],
                "A_Upop":[0,0,0,0,0,0,0,10775],
                "Metropole":"No"
                },
                  {
                 "ID":[5,18,7098],
                "A_Name":"Kukuom",
                "Longlat":[-2.443,6.694],
                "A_Upop":[0,0,0,0,0,0,0,10747],
                "Metropole":"No"
                },
                  {
                 "ID":[5,18,7110],
                "A_Name":"Nyinahin",
                "Longlat":[-2.12,6.6],
                "A_Upop":[0,0,0,0,0,0,0,10719],
                "Metropole":"No"
                },
                  {
                 "ID":[5,18,7160],
                "A_Name":"Akoase",
                "Longlat":[-0.886,6.467],
                "A_Upop":[0,0,0,0,0,0,0,10643],
                "Metropole":"No"
                },
                  {
                 "ID":[5,18,7214],
                "A_Name":"Akim Manso",
                "Longlat":[-0.876,5.908],
                "A_Upop":[0,0,0,0,0,0,0,10557],
                "Metropole":"No"
                },
                  {
                 "ID":[5,18,7218],
                "A_Name":"Juaso (reg.Ashanti)",
                "Longlat":[-1.124,6.586],
                "A_Upop":[0,0,0,0,0,0,0,10549],
                "Metropole":"No"
                },
                  {
                 "ID":[5,18,7290],
                "A_Name":"Agona Nsaba",
                "Longlat":[-0.75,5.645],
                "A_Upop":[0,0,0,0,0,0,0,10438],
                "Metropole":"No"
                },
                  {
                 "ID":[5,18,7312],
                "A_Name":"Gambaga",
                "Longlat":[-0.438,10.529],
                "A_Upop":[0,0,0,0,0,0,0,10413],
                "Metropole":"No"
                },
                  {
                 "ID":[5,18,7333],
                "A_Name":"Jumapo",
                "Longlat":[-0.305,6.162],
                "A_Upop":[0,0,0,0,0,0,0,10396],
                "Metropole":"No"
                },
                  {
                 "ID":[5,18,7360],
                "A_Name":"Teleku Bokazo",
                "Longlat":[-2.321,4.969],
                "A_Upop":[0,0,0,0,0,0,0,10335],
                "Metropole":"No"
                },
                  {
                 "ID":[5,18,7370],
                "A_Name":"Asiakwa",
                "Longlat":[-0.502,6.261],
                "A_Upop":[0,0,0,0,0,0,0,10326],
                "Metropole":"No"
                },
                  {
                 "ID":[5,18,7425],
                "A_Name":"Asesewa",
                "Longlat":[-0.143,6.394],
                "A_Upop":[0,0,0,0,0,0,0,10250],
                "Metropole":"No"
                },
                  {
                 "ID":[5,18,7441],
                "A_Name":"Osiem",
                "Longlat":[-0.419,6.257],
                "A_Upop":[0,0,0,0,0,0,0,10232],
                "Metropole":"No"
                },
                  {
                 "ID":[5,18,7482],
                "A_Name":"Nsawkaw",
                "Longlat":[-2.312,7.874],
                "A_Upop":[0,0,0,0,0,0,0,10177],
                "Metropole":"No"
                },
                  {
                 "ID":[5,18,7510],
                "A_Name":"Seikwa",
                "Longlat":[-2.518,7.721],
                "A_Upop":[0,0,0,0,0,0,0,10138],
                "Metropole":"No"
                },
                  {
                 "ID":[5,18,7589],
                "A_Name":"Assin Bereku",
                "Longlat":[-1.342,5.865],
                "A_Upop":[0,0,0,0,0,0,0,10038],
                "Metropole":"No"
                },
                  {
                 "ID":[5,18,7632],
                "A_Name":"Tema",
                "Longlat":[-0.006,5.637],
                "A_Upop":[0,14900,60767,86766,113933,141479,0,0],
                "Metropole":"No"
                },
                  {
                 "ID":[5,18,7681],
                "A_Name":"Tema New Town",
                "Longlat":[0.023,5.658],
                "A_Upop":[0,0,13176,24537,39777,58786,0,0],
                "Metropole":"No"
                },
                  {
                 "ID":[5,18,7742],
                "A_Name":"Oduponkpehe Kasoa",
                "Longlat":[-0.428,5.536],
                "A_Upop":[0,0,0,0,0,34719,0,0],
                "Metropole":"No"
                },
                  {
                 "ID":[5,18,7759],
                "A_Name":"Lashibi",
                "Longlat":[-0.066,5.644],
                "A_Upop":[0,0,0,0,0,30193,0,0],
                "Metropole":"No"
                },
                  {
                 "ID":[5,18,7762],
                "A_Name":"Dome",
                "Longlat":[-0.237,5.65],
                "A_Upop":[0,0,0,0,0,29618,0,0],
                "Metropole":"No"
                },
                  {
                 "ID":[5,18,7765],
                "A_Name":"Gbawe",
                "Longlat":[-0.311,5.577],
                "A_Upop":[0,0,0,0,0,28989,0,0],
                "Metropole":"No"
                },
                  {
                 "ID":[5,18,7782],
                "A_Name":"Taifa",
                "Longlat":[-0.261,5.659],
                "A_Upop":[0,0,0,0,0,26145,0,0],
                "Metropole":"No"
                },
                  {
                 "ID":[5,18,7812],
                "A_Name":"New Achimota",
                "Longlat":[-0.246,5.624],
                "A_Upop":[0,0,0,0,0,22767,0,0],
                "Metropole":"No"
                },
                  {
                 "ID":[5,18,7845],
                "A_Name":"Sakumono",
                "Longlat":[-0.063,5.628],
                "A_Upop":[0,0,0,0,0,20172,0,0],
                "Metropole":"No"
                },
                  {
                 "ID":[5,18,7849],
                "A_Name":"Awoshie",
                "Longlat":[-0.275,5.601],
                "A_Upop":[0,0,0,0,0,19890,0,0],
                "Metropole":"No"
                },
                  {
                 "ID":[5,18,7854],
                "A_Name":"Ahwiaa",
                "Longlat":[-1.595,6.76],
                "A_Upop":[0,0,0,0,0,19729,0,0],
                "Metropole":"No"
                },
                  {
                 "ID":[5,18,7872],
                "A_Name":"Buduburam",
                "Longlat":[-0.48,5.523],
                "A_Upop":[0,0,0,0,0,18713,0,0],
                "Metropole":"No"
                },
                  {
                 "ID":[5,18,7890],
                "A_Name":"Moree",
                "Longlat":[-1.2,5.13],
                "A_Upop":[0,0,10088,12132,14657,17761,0,0],
                "Metropole":"No"
                },
                  {
                 "ID":[5,18,7910],
                "A_Name":"Abuakwa",
                "Longlat":[-1.714,6.699],
                "A_Upop":[0,0,0,0,0,16582,0,0],
                "Metropole":"No"
                },
                  {
                 "ID":[5,18,7918],
                "A_Name":"Saltpond",
                "Longlat":[-1.052,5.209],
                "A_Upop":[0,0,11849,12326,13795,16212,0,0],
                "Metropole":"No"
                },
                  {
                 "ID":[5,18,7920],
                "A_Name":"Ofankor",
                "Longlat":[-0.269,5.658],
                "A_Upop":[0,0,0,0,0,16177,0,0],
                "Metropole":"No"
                },
                  {
                 "ID":[5,18,7973],
                "A_Name":"Atimatim",
                "Longlat":[-1.609,6.759],
                "A_Upop":[0,0,0,0,0,14017,0,0],
                "Metropole":"No"
                },
                  {
                 "ID":[5,18,7982],
                "A_Name":"Odumase",
                "Longlat":[0.005,6.141],
                "A_Upop":[0,0,0,0,10431,13903,0,0],
                "Metropole":"No"
                },
                  {
                 "ID":[5,18,7990],
                "A_Name":"Chantan",
                "Longlat":[-0.256,5.623],
                "A_Upop":[0,0,0,0,0,13585,0,0],
                "Metropole":"No"
                },
                  {
                 "ID":[5,18,7993],
                "A_Name":"Agormanya",
                "Longlat":[0.034,6.158],
                "A_Upop":[0,0,0,0,10261,13508,0,0],
                "Metropole":"No"
                },
                  {
                 "ID":[5,18,8015],
                "A_Name":"Ngleshie Amanfro",
                "Longlat":[-0.395,5.546],
                "A_Upop":[0,0,0,0,0,12803,0,0],
                "Metropole":"No"
                },
                  {
                 "ID":[5,18,8022],
                "A_Name":"Adenta West",
                "Longlat":[-0.186,5.699],
                "A_Upop":[0,0,0,0,0,12559,0,0],
                "Metropole":"No"
                },
                  {
                 "ID":[5,18,8041],
                "A_Name":"Odumase",
                "Longlat":[-2.316,7.354],
                "A_Upop":[0,0,0,0,0,12167,0,0],
                "Metropole":"No"
                },
                  {
                 "ID":[5,18,8079],
                "A_Name":"Kpone",
                "Longlat":[0.055,5.692],
                "A_Upop":[0,0,0,0,0,11230,0,0],
                "Metropole":"No"
                },
                  {
                 "ID":[5,18,8097],
                "A_Name":"Ejisu",
                "Longlat":[-1.474,6.72],
                "A_Upop":[0,0,0,0,0,10923,0,0],
                "Metropole":"No"
                },
                  {
                 "ID":[5,18,8101],
                "A_Name":"Pokuase",
                "Longlat":[-0.283,5.691],
                "A_Upop":[0,0,0,0,0,10858,0,0],
                "Metropole":"No"
                },
                  {
                 "ID":[5,18,8114],
                "A_Name":"Kentem",
                "Longlat":[-1.961,7.601],
                "A_Upop":[0,0,0,0,0,10599,0,0],
                "Metropole":"No"
                },
                  {
                 "ID":[5,18,8126],
                "A_Name":"Boadua",
                "Longlat":[-0.796,6.047],
                "A_Upop":[0,0,0,0,0,10381,0,0],
                "Metropole":"No"
                },
                  {
                 "ID":[5,18,8138],
                "A_Name":"Asokore",
                "Longlat":[-0.27,6.116],
                "A_Upop":[0,0,0,0,0,10068,0,0],
                "Metropole":"No"
                },
                  {
                 "ID":[5,18,8144],
                "A_Name":"Anomabo",
                "Longlat":[-1.122,5.175],
                "A_Upop":[0,0,0,0,0,0,0,0],
                "Metropole":"No"
                },
                  {
                 "ID":[5,18,8213],
                "A_Name":"Sekondi",
                "Longlat":[-1.717,4.933],
                "A_Upop":[27778,34500,63673,68279,84252,0,0,0],
                "Metropole":"No"
                },
                  {
                 "ID":[5,18,8214],
                "A_Name":"LEDZOKUKU / KROWOR",
                "Longlat":[-0.1,5.59],
                "A_Upop":[0,26900,53200,79830,120378,0,0,0],
                "Metropole":"No"
                },
                  {
                 "ID":[5,18,8215],
                "A_Name":"ASHAIMAN",
                "Longlat":[-0.035,5.7],
                "A_Upop":[0,0,22549,40346,76413,0,0,0],
                "Metropole":"No"
                },
                  {
                 "ID":[5,18,8216],
                "A_Name":"GA CENTRAL MUNICIPAL",
                "Longlat":[-0.3,5.621],
                "A_Upop":[0,0,0,0,19208,0,0,0],
                "Metropole":"No"
                },
                  {
                 "ID":[5,18,8217],
                "A_Name":"Madina",
                "Longlat":[-0.18,5.68],
                "A_Upop":[0,0,0,19381,41188,0,0,0],
                "Metropole":"No"
                },
                  {
                 "ID":[5,18,8218],
                "A_Name":"Anloga",
                "Longlat":[0.879,5.789],
                "A_Upop":[0,11308,14032,17419,0,0,0,0],
                "Metropole":"No"
                },
                  {
                 "ID":[5,18,8805],
                "A_Name":"Nsawam",
                "Longlat":[-0.345,5.813],
                "A_Upop":[0,20200,25518,21777,23598,29986,36687,0],
                "Metropole":"No"
                },
                  {
                 "ID":[5,18,8806],
                "A_Name":"Prampram",
                "Longlat":[0.115,5.712],
                "A_Upop":[0,0,0,0,0,10317,14897,0],
                "Metropole":"No"
                },
                  {
                 "ID":[5,18,8807],
                "A_Name":"Kpong",
                "Longlat":[0.059,6.156],
                "A_Upop":[0,0,0,0,0,14725,15944,0],
                "Metropole":"No"
                },
                  {
                 "ID":[5,18,8808],
                "A_Name":"Tuobodom",
                "Longlat":[-1.9,7.633],
                "A_Upop":[0,0,0,0,0,10409,13761,0],
                "Metropole":"No"
                },
                  {
                "ID":[5,18,8809],
                "A_Name":"Juaben",
                "Longlat":[-1.422,6.818],
                "A_Upop":[0,0,0,0,0,11425,0,0],
                "Metropole":"No"
                }]
}