{
    "EN_country":"Guinea",
    "FR_country":"Guinée",
    "ID":[5,19,0],
    "Upop":[88900,225958,568339,968906,1650491,2450620,3319153],
    "Urbanlevel":[0.04,0.08,0.14,0.18,0.25,0.32,0.34,0.37],
    "Numagglos":[5,7,11,17,22,33,37,42],
    "Mpop":[0.41,0.55,0.63,0.61,0.54,0.51,0.53,0.54],
    "ADBA":[113,97,85,72,68,53,50,44.7],
    "Agglomerations":[
    {
                 "ID":[5,19,38],
                "A_Name":"Conakry",
                "Longlat":[-13.534,9.703],
                "A_Upop":[36400,124372,355217,589594,895821,1243164,1760069,2186966],
                "Metropole":"Yes"
                },
                  {
                 "ID":[5,19,350],
                "A_Name":"Kankan",
                "Longlat":[-9.312,10.393],
                "A_Upop":[18700,29198,48338,61035,87671,116505,168914,202582],
                "Metropole":"No"
                },
                  {
                 "ID":[5,19,351],
                "A_Name":"Nzérékoré",
                "Longlat":[-8.809,7.759],
                "A_Upop":[0,0,17124,29600,75981,123426,171811,201994],
                "Metropole":"No"
                },
                  {
                 "ID":[5,19,524],
                "A_Name":"Kindia",
                "Longlat":[-12.865,10.043],
                "A_Upop":[12100,22082,38786,45573,71934,102097,123085,134875],
                "Metropole":"No"
                },
                  {
                 "ID":[5,19,668],
                "A_Name":"Kissidougou",
                "Longlat":[-10.096,9.193],
                "A_Upop":[0,0,14320,25810,53834,76070,94703,105420],
                "Metropole":"No"
                },
                  {
                 "ID":[5,19,715],
                "A_Name":"Siguiri",
                "Longlat":[-9.171,11.417],
                "A_Upop":[11100,11900,12866,16229,24582,33980,69671,99000],
                "Metropole":"No"
                },
                  {
                 "ID":[5,19,719],
                "A_Name":"Labé",
                "Longlat":[-12.295,11.326],
                "A_Upop":[10600,11749,19086,25456,42481,60476,83833,98359],
                "Metropole":"No"
                },
                  {
                 "ID":[5,19,874],
                "A_Name":"Kamsar",
                "Longlat":[-14.537,10.674],
                "A_Upop":[0,0,0,0,23654,63920,75776,82355],
                "Metropole":"No"
                },
                  {
                 "ID":[5,19,933],
                "A_Name":"Faranah",
                "Longlat":[-10.736,10.045],
                "A_Upop":[0,0,0,20808,39662,46481,65395,77285],
                "Metropole":"No"
                },
                  {
                 "ID":[5,19,1046],
                "A_Name":"Mamou",
                "Longlat":[-12.087,10.376],
                "A_Upop":[0,0,16613,25000,43160,55869,64900,69837],
                "Metropole":"No"
                },
                  {
                 "ID":[5,19,1178],
                "A_Name":"Boké",
                "Longlat":[-14.279,10.94],
                "A_Upop":[0,0,0,16183,36100,44953,56441,63090],
                "Metropole":"No"
                },
                  {
                 "ID":[5,19,1248],
                "A_Name":"Macenta",
                "Longlat":[-9.468,8.538],
                "A_Upop":[0,16500,21556,18684,36746,53770,57610,59588],
                "Metropole":"No"
                },
                  {
                 "ID":[5,19,1274],
                "A_Name":"Guéckédou",
                "Longlat":[-10.123,8.567],
                "A_Upop":[0,0,0,11701,47326,74858,63462,58535],
                "Metropole":"No"
                },
                  {
                 "ID":[5,19,1444],
                "A_Name":"Fria",
                "Longlat":[-13.578,10.368],
                "A_Upop":[0,0,12287,30600,42924,46818,50120,51820],
                "Metropole":"No"
                },
                  {
                 "ID":[5,19,1953],
                "A_Name":"Sangarédi",
                "Longlat":[-13.815,11.109],
                "A_Upop":[0,0,0,0,0,22551,32814,39426],
                "Metropole":"No"
                },
                  {
                 "ID":[5,19,2294],
                "A_Name":"Dabola",
                "Longlat":[-11.113,10.735],
                "A_Upop":[0,0,0,0,14132,17056,22876,34071],
                "Metropole":"No"
                },
                  {
                 "ID":[5,19,2563],
                "A_Name":"Balato",
                "Longlat":[-9.329,11.565],
                "A_Upop":[0,0,0,0,0,0,11659,30700],
                "Metropole":"No"
                },
                  {
                 "ID":[5,19,2805],
                "A_Name":"Koundara",
                "Longlat":[-13.297,12.484],
                "A_Upop":[0,0,0,0,17747,19348,24942,28243],
                "Metropole":"No"
                },
                  {
                 "ID":[5,19,2883],
                "A_Name":"Kérouané",
                "Longlat":[-9.008,9.268],
                "A_Upop":[0,0,0,0,15904,19778,24621,27407],
                "Metropole":"No"
                },
                  {
                 "ID":[5,19,2944],
                "A_Name":"Kintinian",
                "Longlat":[-9.382,11.597],
                "A_Upop":[0,0,0,0,0,0,17214,27010],
                "Metropole":"No"
                },
                  {
                 "ID":[5,19,2993],
                "A_Name":"Lola",
                "Longlat":[-8.53,7.801],
                "A_Upop":[0,0,0,0,17551,23296,25452,26579],
                "Metropole":"No"
                },
                  {
                 "ID":[5,19,3092],
                "A_Name":"Kouroussa",
                "Longlat":[-9.887,10.65],
                "A_Upop":[0,0,0,0,0,11040,19456,25672],
                "Metropole":"No"
                },
                  {
                 "ID":[5,19,3416],
                "A_Name":"Banankoro",
                "Longlat":[-9.299,9.18],
                "A_Upop":[0,0,0,0,0,22736,23219,23459],
                "Metropole":"No"
                },
                  {
                 "ID":[5,19,3429],
                "A_Name":"Mandiana",
                "Longlat":[-8.699,10.62],
                "A_Upop":[0,0,0,0,0,10349,17886,23377],
                "Metropole":"No"
                },
                  {
                 "ID":[5,19,3577],
                "A_Name":"Pita",
                "Longlat":[-12.399,11.054],
                "A_Upop":[0,10159,12146,12299,15178,16891,20485,22512],
                "Metropole":"No"
                },
                  {
                 "ID":[5,19,3793],
                "A_Name":"Forécariah",
                "Longlat":[-13.079,9.433],
                "A_Upop":[0,0,0,11533,16046,15738,19223,21200],
                "Metropole":"No"
                },
                  {
                 "ID":[5,19,3895],
                "A_Name":"Siguirini",
                "Longlat":[-10.121,11.76],
                "A_Upop":[0,0,0,0,0,0,16278,20669],
                "Metropole":"No"
                },
                  {
                 "ID":[5,19,3917],
                "A_Name":"Dinguiraye",
                "Longlat":[-10.716,11.287],
                "A_Upop":[0,0,0,0,0,14680,18398,20546],
                "Metropole":"No"
                },
                  {
                 "ID":[5,19,4027],
                "A_Name":"Beyla",
                "Longlat":[-8.645,8.689],
                "A_Upop":[0,0,0,0,0,12679,17230,20019],
                "Metropole":"No"
                },
                  {
                 "ID":[5,19,4232],
                "A_Name":"Yomou",
                "Longlat":[-9.259,7.57],
                "A_Upop":[0,0,0,0,0,11528,16217,19165],
                "Metropole":"No"
                },
                  {
                 "ID":[5,19,4998],
                "A_Name":"Tinsinkoro",
                "Longlat":[-9.303,9.227],
                "A_Upop":[0,0,0,0,0,15531,15872,16042],
                "Metropole":"No"
                },
                  {
                 "ID":[5,19,5093],
                "A_Name":"Maférinya",
                "Longlat":[-13.311,9.578],
                "A_Upop":[0,0,0,0,0,10473,13745,15701],
                "Metropole":"No"
                },
                  {
                 "ID":[5,19,5983],
                "A_Name":"Diécké",
                "Longlat":[-8.954,7.347],
                "A_Upop":[0,0,0,0,0,0,11269,13062],
                "Metropole":"No"
                },
                  {
                 "ID":[5,19,6437],
                "A_Name":"Télimélé",
                "Longlat":[-13.032,10.907],
                "A_Upop":[0,0,0,10283,10935,11459,11851,12048],
                "Metropole":"No"
                },
                  {
                 "ID":[5,19,6706],
                "A_Name":"Boffa",
                "Longlat":[-14.044,10.193],
                "A_Upop":[0,0,0,0,0,0,10716,11495],
                "Metropole":"No"
                },
                  {
                 "ID":[5,19,6721],
                "A_Name":"Tondon",
                "Longlat":[-13.356,10.372],
                "A_Upop":[0,0,0,0,0,0,10417,11465],
                "Metropole":"No"
                },
                  {
                 "ID":[5,19,7067],
                "A_Name":"Friguiagbe-Centre",
                "Longlat":[-12.949,9.949],
                "A_Upop":[0,0,0,0,0,0,0,10831],
                "Metropole":"No"
                },
                  {
                 "ID":[5,19,7106],
                "A_Name":"Gaoual",
                "Longlat":[-13.202,11.753],
                "A_Upop":[0,0,0,0,0,0,0,10730],
                "Metropole":"No"
                },
                  {
                 "ID":[5,19,7204],
                "A_Name":"Koyamah",
                "Longlat":[-9.359,7.9],
                "A_Upop":[0,0,0,0,0,13720,11521,10577],
                "Metropole":"No"
                },
                  {
                 "ID":[5,19,7303],
                "A_Name":"Tougnifili",
                "Longlat":[-14.419,10.396],
                "A_Upop":[0,0,0,0,0,0,0,10424],
                "Metropole":"No"
                },
                  {
                 "ID":[5,19,7435],
                "A_Name":"Timbi-Madina",
                "Longlat":[-12.538,11.201],
                "A_Upop":[0,0,0,0,0,0,0,10240],
                "Metropole":"No"
                },
                  {
                 "ID":[5,19,7483],
                "A_Name":"Sabadou-Baranama",
                "Longlat":[-8.767,10.129],
                "A_Upop":[0,0,0,0,0,0,0,10177],
                "Metropole":"No"
                },
                  {
                "ID":[5,19,7777],
                "A_Name":"Coyah",
                "Longlat":[-13.383,9.7],
                "A_Upop":[0,0,0,18518,21122,26855,0,0],
                "Metropole":"No"
                }]
}