{
    "EN_country":"Guinea-Bissau",
    "FR_country":"Guinée-Bissau",
    "ID":[5,21,0],
    "Upop":[46163,49844,118572,129396,210808,329992,470351],
    "Urbanlevel":[0.09,0.09,0.24,0.16,0.22,0.28,0.31,0.34],
    "Numagglos":[1,1,1,2,3,3,4,6],
    "Mpop":[1,1,1,0.89,0.87,0.91,0.82,0.78],
    "ADBA":[0,0,0,110,69,69,50,40.4],
    "Agglomerations":[
    {
                 "ID":[5,21,166],
                "A_Name":"Bissau",
                "Longlat":[-15.575,11.863],
                "A_Upop":[46163,49844,118572,115636,182832,298818,386591,410620],
                "Metropole":"Yes"
                },
                  {
                 "ID":[5,21,1743],
                "A_Name":"Gabu",
                "Longlat":[-14.239,12.288],
                "A_Upop":[0,0,0,0,11256,12016,42761,43935],
                "Metropole":"No"
                },
                  {
                 "ID":[5,21,2553],
                "A_Name":"Bafata",
                "Longlat":[-14.651,12.178],
                "A_Upop":[0,0,0,13760,16721,19158,29079,30812],
                "Metropole":"No"
                },
                  {
                 "ID":[5,21,4850],
                "A_Name":"Canchungo",
                "Longlat":[-16.037,12.074],
                "A_Upop":[0,0,0,0,0,0,11920,16508],
                "Metropole":"No"
                },
                  {
                 "ID":[5,21,5802],
                "A_Name":"Ondame",
                "Longlat":[-15.921,11.784],
                "A_Upop":[0,0,0,0,0,0,0,13532],
                "Metropole":"No"
                },
                  {
                "ID":[5,21,7573],
                "A_Name":"Bissora",
                "Longlat":[-15.451,12.23],
                "A_Upop":[0,0,0,0,0,0,0,10051],
                "Metropole":"No"
                }]
}