{
    "EN_country":"Kenya",
    "FR_country":"Kenya",
    "ID":[2,23,0],
    "Upop":[264624,540947,972132,2099157,3629287,10646056,19140031],
    "Urbanlevel":[0.05,0.07,0.09,0.13,0.16,0.36,0.49,0.65],
    "Numagglos":[4,6,11,26,49,148,235,126],
    "Mpop":[0.88,0.84,0.81,0.58,0.51,0.35,0.28,0.25],
    "ADBA":[217,136,65,75,58,28,15,27.5],
    "Agglomerations":[
    {
                 "ID":[2,23,8],
                "A_Name":"Nairobi aggl.",
                "Longlat":[36.858,-1.181],
                "A_Upop":[138433,295220,532044,863549,1383199,3024034,4362570,5877118],
                "Metropole":"Yes"
                },
                  {
                 "ID":[2,23,11],
                "A_Name":"Kisumu aggl.",
                "Longlat":[34.915,0.37],
                "A_Upop":[12165,21077,37282,155881,201886,332416,3682449,5040159],
                "Metropole":"No"
                },
                  {
                 "ID":[2,23,22],
                "A_Name":"Kisii aggl.",
                "Longlat":[34.66,-0.677],
                "A_Upop":[0,0,0,30742,45728,67192,2369634,3407476],
                "Metropole":"No"
                },
                  {
                 "ID":[2,23,41],
                "A_Name":"Embu aggl.",
                "Longlat":[37.268,-0.668],
                "A_Upop":[0,0,0,16731,28203,109701,175151,2046897],
                "Metropole":"No"
                },
                  {
                 "ID":[2,23,58],
                "A_Name":"Mombasa aggl.",
                "Longlat":[39.69,-4.003],
                "A_Upop":[94343,161308,254352,350570,477164,711002,1013838,1257654],
                "Metropole":"Yes"
                },
                  {
                 "ID":[2,23,83],
                "A_Name":"Maua aggl.",
                "Longlat":[37.674,0.24],
                "A_Upop":[0,0,0,0,0,65752,79474,848272],
                "Metropole":"No"
                },
                  {
                 "ID":[2,23,94],
                "A_Name":"Bomet aggl.",
                "Longlat":[35.242,-0.736],
                "A_Upop":[0,0,0,0,0,11488,12093,753093],
                "Metropole":"No"
                },
                  {
                 "ID":[2,23,125],
                "A_Name":"Nakuru aggl.",
                "Longlat":[36.069,-0.275],
                "A_Upop":[19683,34189,50116,97725,169084,427749,458792,555043],
                "Metropole":"No"
                },
                  {
                 "ID":[2,23,138],
                "A_Name":"Meru aggl.",
                "Longlat":[37.969,-0.038],
                "A_Upop":[0,0,0,72357,97426,186022,224842,515084],
                "Metropole":"No"
                },
                  {
                 "ID":[2,23,144],
                "A_Name":"Kericho aggl.",
                "Longlat":[35.214,-0.373],
                "A_Upop":[0,0,11170,30949,51448,68726,98968,473579],
                "Metropole":"No"
                },
                  {
                 "ID":[2,23,150],
                "A_Name":"Eldoret aggl.",
                "Longlat":[35.258,0.513],
                "A_Upop":[0,17308,19947,54251,117750,223829,322100,454395],
                "Metropole":"No"
                },
                  {
                 "ID":[2,23,182],
                "A_Name":"Runyenjes aggl.",
                "Longlat":[37.59,-0.483],
                "A_Upop":[0,0,0,0,0,18257,20613,364341],
                "Metropole":"No"
                },
                  {
                 "ID":[2,23,232],
                "A_Name":"Kikima aggl.",
                "Longlat":[37.555,-1.669],
                "A_Upop":[0,0,0,0,0,17231,19406,282552],
                "Metropole":"No"
                },
                  {
                 "ID":[2,23,249],
                "A_Name":"Migori aggl.",
                "Longlat":[34.458,-1.032],
                "A_Upop":[0,0,0,0,14762,67295,91898,263847],
                "Metropole":"No"
                },
                  {
                 "ID":[2,23,259],
                "A_Name":"Kitale aggl.",
                "Longlat":[35.023,1.008],
                "A_Upop":[0,0,12544,30129,58428,141428,146684,257388],
                "Metropole":"No"
                },
                  {
                 "ID":[2,23,265],
                "A_Name":"Machakos aggl.",
                "Longlat":[37.288,-1.459],
                "A_Upop":[0,0,0,86795,118497,209819,239858,254438],
                "Metropole":"No"
                },
                  {
                 "ID":[2,23,278],
                "A_Name":"Kipkelion aggl.",
                "Longlat":[35.389,-0.154],
                "A_Upop":[0,0,0,0,0,13158,21214,243585],
                "Metropole":"No"
                },
                  {
                 "ID":[2,23,292],
                "A_Name":"Kehancha aggl.",
                "Longlat":[34.569,-1.246],
                "A_Upop":[0,0,0,0,0,0,10845,234488],
                "Metropole":"No"
                },
                  {
                 "ID":[2,23,335],
                "A_Name":"Malindi aggl.",
                "Longlat":[40.016,-3.344],
                "A_Upop":[0,0,11531,24086,38089,83143,112112,212176],
                "Metropole":"No"
                },
                  {
                 "ID":[2,23,389],
                "A_Name":"Busia [KEN] aggl.",
                "Longlat":[34.193,0.461],
                "A_Upop":[0,0,0,0,22242,41434,55157,180468],
                "Metropole":"No"
                },
                  {
                 "ID":[2,23,392],
                "A_Name":"Mau Narok aggl.",
                "Longlat":[35.995,-0.471],
                "A_Upop":[0,0,0,0,0,20255,27465,179629],
                "Metropole":"No"
                },
                  {
                 "ID":[2,23,433],
                "A_Name":"Kakuma aggl.",
                "Longlat":[34.821,3.756],
                "A_Upop":[0,0,0,0,0,69239,131877,162651],
                "Metropole":"No"
                },
                  {
                 "ID":[2,23,468],
                "A_Name":"Tala/Kangundo aggl.",
                "Longlat":[37.339,-1.293],
                "A_Upop":[0,0,0,0,14005,139655,141664,150278],
                "Metropole":"No"
                },
                  {
                 "ID":[2,23,469],
                "A_Name":"Kapenguria aggl.",
                "Longlat":[35.111,1.136],
                "A_Upop":[0,0,0,0,0,22826,69407,149931],
                "Metropole":"No"
                },
                  {
                 "ID":[2,23,481],
                "A_Name":"Naivasha aggl.",
                "Longlat":[36.531,-0.787],
                "A_Upop":[0,0,0,12687,39599,38382,28137,146593],
                "Metropole":"No"
                },
                  {
                 "ID":[2,23,535],
                "A_Name":"Wundyani aggl.",
                "Longlat":[38.36,-3.392],
                "A_Upop":[0,0,0,0,0,0,0,133219],
                "Metropole":"No"
                },
                  {
                 "ID":[2,23,536],
                "A_Name":"Thika aggl.",
                "Longlat":[37.076,-1.039],
                "A_Upop":[0,11845,19777,42578,60889,91909,120339,133089],
                "Metropole":"No"
                },
                  {
                 "ID":[2,23,573],
                "A_Name":"Mandera [KEN] aggl.",
                "Longlat":[41.854,3.934],
                "A_Upop":[0,0,0,13789,24088,42471,158431,122416],
                "Metropole":"No"
                },
                  {
                 "ID":[2,23,637],
                "A_Name":"Moi's Bridge aggl.",
                "Longlat":[35.104,0.839],
                "A_Upop":[0,0,0,0,0,21639,31140,110205],
                "Metropole":"No"
                },
                  {
                 "ID":[2,23,686],
                "A_Name":"Gatukuyu aggl.",
                "Longlat":[36.951,-0.997],
                "A_Upop":[0,0,0,0,0,37335,48884,102682],
                "Metropole":"No"
                },
                  {
                 "ID":[2,23,696],
                "A_Name":"Chuka aggl.",
                "Longlat":[37.686,-0.349],
                "A_Upop":[0,0,0,0,0,32530,38031,101911],
                "Metropole":"No"
                },
                  {
                 "ID":[2,23,706],
                "A_Name":"Kitui aggl.",
                "Longlat":[38.038,-1.299],
                "A_Upop":[0,0,0,0,11591,49474,47025,100805],
                "Metropole":"No"
                },
                  {
                 "ID":[2,23,723],
                "A_Name":"Ki Li Fi aggl.",
                "Longlat":[39.862,-3.559],
                "A_Upop":[0,0,0,0,0,0,30479,98078],
                "Metropole":"No"
                },
                  {
                 "ID":[2,23,738],
                "A_Name":"Nanyuky aggl.",
                "Longlat":[37.054,-0.003],
                "A_Upop":[0,0,12149,19396,25676,62554,75874,96186],
                "Metropole":"No"
                },
                  {
                 "ID":[2,23,790],
                "A_Name":"Nyahururu aggl.",
                "Longlat":[36.442,0.051],
                "A_Upop":[0,0,0,11558,16117,68746,41157,90352],
                "Metropole":"No"
                },
                  {
                 "ID":[2,23,799],
                "A_Name":"Ukunda aggl.",
                "Longlat":[39.556,-4.288],
                "A_Upop":[0,0,0,0,0,43793,57571,89489],
                "Metropole":"No"
                },
                  {
                 "ID":[2,23,820],
                "A_Name":"Subokia aggl.",
                "Longlat":[36.171,-0.071],
                "A_Upop":[0,0,0,0,0,25896,35115,85903],
                "Metropole":"No"
                },
                  {
                 "ID":[2,23,823],
                "A_Name":"Bumala aggl.",
                "Longlat":[34.18,0.305],
                "A_Upop":[0,0,0,0,0,14250,14873,85771],
                "Metropole":"No"
                },
                  {
                 "ID":[2,23,862],
                "A_Name":"Lodwar aggl.",
                "Longlat":[35.599,3.105],
                "A_Upop":[0,0,0,0,14823,36997,70466,83299],
                "Metropole":"No"
                },
                  {
                 "ID":[2,23,905],
                "A_Name":"Malaba [KEN] aggl.",
                "Longlat":[34.35,0.63],
                "A_Upop":[0,0,0,0,0,47006,36228,79916],
                "Metropole":"No"
                },
                  {
                 "ID":[2,23,909],
                "A_Name":"Njoro (Nakuru) aggl.",
                "Longlat":[35.95,-0.315],
                "A_Upop":[0,0,0,0,0,49637,67307,79566],
                "Metropole":"No"
                },
                  {
                 "ID":[2,23,946],
                "A_Name":"Murugi (Smeru) aggl.",
                "Longlat":[37.681,-0.249],
                "A_Upop":[0,0,0,0,0,0,16087,75855],
                "Metropole":"No"
                },
                  {
                 "ID":[2,23,949],
                "A_Name":"Garissa aggl.",
                "Longlat":[39.654,-0.461],
                "A_Upop":[0,0,0,15127,33635,57703,82769,75755],
                "Metropole":"No"
                },
                  {
                 "ID":[2,23,987],
                "A_Name":"Funyula aggl.",
                "Longlat":[34.113,0.248],
                "A_Upop":[0,0,0,0,0,0,12955,73637],
                "Metropole":"No"
                },
                  {
                 "ID":[2,23,1055],
                "A_Name":"Athi River aggl.",
                "Longlat":[36.961,-1.422],
                "A_Upop":[0,0,0,0,0,27983,48739,69339],
                "Metropole":"No"
                },
                  {
                 "ID":[2,23,1140],
                "A_Name":"Mubwokhola aggl.",
                "Longlat":[34.029,0.151],
                "A_Upop":[0,0,0,0,0,18679,24866,65314],
                "Metropole":"No"
                },
                  {
                 "ID":[2,23,1247],
                "A_Name":"Elburgon aggl.",
                "Longlat":[35.807,-0.304],
                "A_Upop":[0,0,0,0,12802,39416,50428,59613],
                "Metropole":"No"
                },
                  {
                 "ID":[2,23,1267],
                "A_Name":"Wajir aggl.",
                "Longlat":[40.05,1.749],
                "A_Upop":[0,0,0,0,20878,45600,81077,58821],
                "Metropole":"No"
                },
                  {
                 "ID":[2,23,1311],
                "A_Name":"Siaya aggl.",
                "Longlat":[34.283,0.065],
                "A_Upop":[0,0,0,0,17522,48212,50928,56940],
                "Metropole":"No"
                },
                  {
                 "ID":[2,23,1321],
                "A_Name":"Dadaab",
                "Longlat":[40.309,0.05],
                "A_Upop":[0,0,0,0,0,54398,78029,56610],
                "Metropole":"No"
                },
                  {
                 "ID":[2,23,1334],
                "A_Name":"Ruru (Nyandurua) aggl.",
                "Longlat":[36.243,-0.242],
                "A_Upop":[0,0,0,0,0,0,50790,56181],
                "Metropole":"No"
                },
                  {
                 "ID":[2,23,1421],
                "A_Name":"Isiolo aggl.",
                "Longlat":[37.588,0.361],
                "A_Upop":[0,0,0,0,0,0,49396,52417],
                "Metropole":"No"
                },
                  {
                 "ID":[2,23,1526],
                "A_Name":"Ndunyu aggl.",
                "Longlat":[36.36,0.019],
                "A_Upop":[0,0,0,0,0,0,43851,49119],
                "Metropole":"No"
                },
                  {
                 "ID":[2,23,1550],
                "A_Name":"Sokoni(Nakuru)",
                "Longlat":[36.437,-0.717],
                "A_Upop":[0,0,0,0,0,0,41100,48586],
                "Metropole":"No"
                },
                  {
                 "ID":[2,23,1556],
                "A_Name":"Narok aggl.",
                "Longlat":[35.867,-1.088],
                "A_Upop":[0,0,0,0,13030,22984,36376,48513],
                "Metropole":"No"
                },
                  {
                 "ID":[2,23,1612],
                "A_Name":"Mariakani aggl.",
                "Longlat":[39.478,-3.86],
                "A_Upop":[0,0,0,0,10116,29704,39763,46908],
                "Metropole":"No"
                },
                  {
                 "ID":[2,23,1634],
                "A_Name":"Wanguru aggl.",
                "Longlat":[37.349,-0.676],
                "A_Upop":[0,0,0,0,0,41709,41952,46406],
                "Metropole":"No"
                },
                  {
                 "ID":[2,23,1637],
                "A_Name":"Gilgil aggl.",
                "Longlat":[36.33,-0.487],
                "A_Upop":[0,0,0,0,14766,20973,28439,46350],
                "Metropole":"No"
                },
                  {
                 "ID":[2,23,1643],
                "A_Name":"Welmerer",
                "Longlat":[40.366,-0.001],
                "A_Upop":[0,0,0,0,0,0,63591,46136],
                "Metropole":"No"
                },
                  {
                 "ID":[2,23,1654],
                "A_Name":"Moyale [KEN] aggl.",
                "Longlat":[39.057,3.529],
                "A_Upop":[0,0,0,0,0,26430,43215,45863],
                "Metropole":"No"
                },
                  {
                 "ID":[2,23,1670],
                "A_Name":"Kahuru/Muruaki aggl.",
                "Longlat":[36.553,-0.576],
                "A_Upop":[0,0,0,0,0,0,19164,45438],
                "Metropole":"No"
                },
                  {
                 "ID":[2,23,1678],
                "A_Name":"Maralal aggl.",
                "Longlat":[36.698,1.094],
                "A_Upop":[0,0,0,10035,0,18112,28367,45233],
                "Metropole":"No"
                },
                  {
                 "ID":[2,23,1707],
                "A_Name":"Mtito-Andei aggl.",
                "Longlat":[38.161,-2.677],
                "A_Upop":[0,0,0,0,0,16745,18858,44648],
                "Metropole":"No"
                },
                  {
                 "ID":[2,23,1715],
                "A_Name":"Mununga aggl.",
                "Longlat":[36.526,-0.667],
                "A_Upop":[0,0,0,0,0,0,13948,44455],
                "Metropole":"No"
                },
                  {
                 "ID":[2,23,1799],
                "A_Name":"Njabini aggl.",
                "Longlat":[36.66,-0.692],
                "A_Upop":[0,0,0,0,0,15872,19468,42603],
                "Metropole":"No"
                },
                  {
                 "ID":[2,23,1818],
                "A_Name":"Usenge aggl.",
                "Longlat":[34.153,-0.023],
                "A_Upop":[0,0,0,0,0,13599,15817,42191],
                "Metropole":"No"
                },
                  {
                 "ID":[2,23,1819],
                "A_Name":"Dagahaley(Garissa)",
                "Longlat":[40.318,0.153],
                "A_Upop":[0,0,0,0,0,0,58067,42128],
                "Metropole":"No"
                },
                  {
                 "ID":[2,23,2049],
                "A_Name":"Molo",
                "Longlat":[35.724,-0.254],
                "A_Upop":[0,0,0,0,13564,47606,32083,37927],
                "Metropole":"No"
                },
                  {
                 "ID":[2,23,2077],
                "A_Name":"Oloitokitok aggl.",
                "Longlat":[37.496,-2.918],
                "A_Upop":[0,0,0,0,0,15062,25594,37372],
                "Metropole":"No"
                },
                  {
                 "ID":[2,23,2125],
                "A_Name":"Bondo aggl.",
                "Longlat":[34.26,-0.107],
                "A_Upop":[0,0,0,0,0,24693,28721,36315],
                "Metropole":"No"
                },
                  {
                 "ID":[2,23,2156],
                "A_Name":"Taveta aggl.",
                "Longlat":[37.684,-3.375],
                "A_Upop":[0,0,0,0,12070,16628,19257,35697],
                "Metropole":"No"
                },
                  {
                 "ID":[2,23,2173],
                "A_Name":"Ugunia aggl.",
                "Longlat":[34.29,0.176],
                "A_Upop":[0,0,0,0,0,17421,20263,35473],
                "Metropole":"No"
                },
                  {
                 "ID":[2,23,2229],
                "A_Name":"Rurii aggl.",
                "Longlat":[36.401,-0.196],
                "A_Upop":[0,0,0,0,0,0,11087,34906],
                "Metropole":"No"
                },
                  {
                 "ID":[2,23,2240],
                "A_Name":"Magutuni aggl.",
                "Longlat":[37.682,-0.22],
                "A_Upop":[0,0,0,0,0,0,10911,34757],
                "Metropole":"No"
                },
                  {
                 "ID":[2,23,2271],
                "A_Name":"Voi aggl.",
                "Longlat":[38.585,-3.4],
                "A_Upop":[0,0,0,0,14340,25134,29107,34346],
                "Metropole":"No"
                },
                  {
                 "ID":[2,23,2427],
                "A_Name":"El Wak aggl.",
                "Longlat":[40.927,2.809],
                "A_Upop":[0,0,0,0,0,0,18274,32314],
                "Metropole":"No"
                },
                  {
                 "ID":[2,23,2633],
                "A_Name":"Kaplelach aggl.",
                "Longlat":[35.37,0.367],
                "A_Upop":[0,0,0,0,0,0,0,29924],
                "Metropole":"No"
                },
                  {
                 "ID":[2,23,2651],
                "A_Name":"Kabarnet aggl.",
                "Longlat":[35.74,0.489],
                "A_Upop":[0,0,0,0,0,17158,21955,29741],
                "Metropole":"No"
                },
                  {
                 "ID":[2,23,2662],
                "A_Name":"Marsabit aggl.",
                "Longlat":[37.995,2.34],
                "A_Upop":[0,0,0,0,11189,18281,27879,29587],
                "Metropole":"No"
                },
                  {
                 "ID":[2,23,2714],
                "A_Name":"Nsambweni aggl.",
                "Longlat":[39.468,-4.487],
                "A_Upop":[0,0,0,0,0,0,24667,29106],
                "Metropole":"No"
                },
                  {
                 "ID":[2,23,2852],
                "A_Name":"Karagatha aggl.",
                "Longlat":[36.627,-0.784],
                "A_Upop":[0,0,0,0,0,0,0,27826],
                "Metropole":"No"
                },
                  {
                 "ID":[2,23,2925],
                "A_Name":"Rhamu aggl.",
                "Longlat":[41.234,3.929],
                "A_Upop":[0,0,0,0,0,0,30373,27173],
                "Metropole":"No"
                },
                  {
                 "ID":[2,23,3052],
                "A_Name":"Ethi aggl.",
                "Longlat":[37.24,0.092],
                "A_Upop":[0,0,0,0,0,0,0,26039],
                "Metropole":"No"
                },
                  {
                 "ID":[2,23,3067],
                "A_Name":"Umande",
                "Longlat":[37.133,0.112],
                "A_Upop":[0,0,0,0,0,0,21911,25899],
                "Metropole":"No"
                },
                  {
                 "ID":[2,23,3129],
                "A_Name":"Kathatwa aggl.",
                "Longlat":[37.653,-0.39],
                "A_Upop":[0,0,0,0,0,0,0,25373],
                "Metropole":"No"
                },
                  {
                 "ID":[2,23,3176],
                "A_Name":"Sumba aggl.",
                "Longlat":[34.09,-0.992],
                "A_Upop":[0,0,0,0,0,0,0,25010],
                "Metropole":"No"
                },
                  {
                 "ID":[2,23,3244],
                "A_Name":"Namanga",
                "Longlat":[36.802,-2.549],
                "A_Upop":[0,0,0,0,0,12244,20805,24594],
                "Metropole":"No"
                },
                  {
                 "ID":[2,23,3287],
                "A_Name":"Eldama Ravine aggl.",
                "Longlat":[35.731,0.05],
                "A_Upop":[0,0,0,0,0,11069,15661,24283],
                "Metropole":"No"
                },
                  {
                 "ID":[2,23,3310],
                "A_Name":"Lokichoggio aggl.",
                "Longlat":[34.364,4.204],
                "A_Upop":[0,0,0,0,0,0,20403,24118],
                "Metropole":"No"
                },
                  {
                 "ID":[2,23,3352],
                "A_Name":"Visoi aggl.",
                "Longlat":[35.858,-0.163],
                "A_Upop":[0,0,0,0,0,0,15488,23862],
                "Metropole":"No"
                },
                  {
                 "ID":[2,23,3450],
                "A_Name":"Kesses",
                "Longlat":[35.336,0.311],
                "A_Upop":[0,0,0,0,0,0,19675,23255],
                "Metropole":"No"
                },
                  {
                 "ID":[2,23,3593],
                "A_Name":"Keekonyokie",
                "Longlat":[36.164,-1.04],
                "A_Upop":[0,0,0,0,0,11995,18984,22437],
                "Metropole":"No"
                },
                  {
                 "ID":[2,23,3653],
                "A_Name":"Lamu aggl.",
                "Longlat":[40.9,-2.27],
                "A_Upop":[0,0,0,0,0,14742,18712,22080],
                "Metropole":"No"
                },
                  {
                 "ID":[2,23,3683],
                "A_Name":"Wamumu aggl.",
                "Longlat":[37.332,-0.732],
                "A_Upop":[0,0,0,0,0,0,15326,21905],
                "Metropole":"No"
                },
                  {
                 "ID":[2,23,3748],
                "A_Name":"Kajiado aggl.",
                "Longlat":[36.788,-1.844],
                "A_Upop":[0,0,0,0,0,0,16041,21433],
                "Metropole":"No"
                },
                  {
                 "ID":[2,23,3771],
                "A_Name":"Ndunyu Njeru aggl.",
                "Longlat":[36.522,-0.508],
                "A_Upop":[0,0,0,0,0,0,0,21319],
                "Metropole":"No"
                },
                  {
                 "ID":[2,23,4036],
                "A_Name":"Simkumbe aggl.",
                "Longlat":[39.593,-4.198],
                "A_Upop":[0,0,0,0,0,0,12570,19990],
                "Metropole":"No"
                },
                  {
                 "ID":[2,23,4096],
                "A_Name":"Kimana",
                "Longlat":[37.535,-2.801],
                "A_Upop":[0,0,0,0,0,0,16711,19755],
                "Metropole":"No"
                },
                  {
                 "ID":[2,23,4147],
                "A_Name":"Iten aggl.",
                "Longlat":[35.511,0.671],
                "A_Upop":[0,0,0,0,0,0,0,19541],
                "Metropole":"No"
                },
                  {
                 "ID":[2,23,4151],
                "A_Name":"Kamburaini aggl.",
                "Longlat":[37.094,-0.195],
                "A_Upop":[0,0,0,0,0,0,0,19528],
                "Metropole":"No"
                },
                  {
                 "ID":[2,23,4194],
                "A_Name":"Sega(Kwale)",
                "Longlat":[39.122,-4.551],
                "A_Upop":[0,0,0,0,0,0,16382,19330],
                "Metropole":"No"
                },
                  {
                 "ID":[2,23,4295],
                "A_Name":"Muhoroni aggl.",
                "Longlat":[35.195,-0.159],
                "A_Upop":[0,0,0,0,10610,14116,16883,18876],
                "Metropole":"No"
                },
                  {
                 "ID":[2,23,4416],
                "A_Name":"Mwingi aggl.",
                "Longlat":[38.059,-0.935],
                "A_Upop":[0,0,0,0,0,14254,11329,18355],
                "Metropole":"No"
                },
                  {
                 "ID":[2,23,4462],
                "A_Name":"Gongoni",
                "Longlat":[40.129,-3.035],
                "A_Upop":[0,0,0,0,0,0,15355,18114],
                "Metropole":"No"
                },
                  {
                 "ID":[2,23,4516],
                "A_Name":"Sultan Hamud aggl.",
                "Longlat":[37.373,-2.02],
                "A_Upop":[0,0,0,0,0,11196,15469,17839],
                "Metropole":"No"
                },
                  {
                 "ID":[2,23,4624],
                "A_Name":"Gathanje aggl.",
                "Longlat":[36.331,-0.067],
                "A_Upop":[0,0,0,0,0,0,0,17375],
                "Metropole":"No"
                },
                  {
                 "ID":[2,23,4832],
                "A_Name":"Silibwet(Nyanda)",
                "Longlat":[36.293,-0.031],
                "A_Upop":[0,0,0,0,0,0,14982,16572],
                "Metropole":"No"
                },
                  {
                 "ID":[2,23,4891],
                "A_Name":"Mitunguu aggl.",
                "Longlat":[37.778,-0.123],
                "A_Upop":[0,0,0,0,0,12342,0,16382],
                "Metropole":"No"
                },
                  {
                 "ID":[2,23,4941],
                "A_Name":"Golini",
                "Longlat":[39.451,-4.175],
                "A_Upop":[0,0,0,0,0,10446,13733,16204],
                "Metropole":"No"
                },
                  {
                 "ID":[2,23,5190],
                "A_Name":"Sori aggl.",
                "Longlat":[34.154,-0.827],
                "A_Upop":[0,0,0,0,0,0,0,15412],
                "Metropole":"No"
                },
                  {
                 "ID":[2,23,5241],
                "A_Name":"Mbita aggl.",
                "Longlat":[34.194,-0.464],
                "A_Upop":[0,0,0,0,0,16955,11134,15213],
                "Metropole":"No"
                },
                  {
                 "ID":[2,23,5607],
                "A_Name":"Ndathi aggl.",
                "Longlat":[37.113,-0.31],
                "A_Upop":[0,0,0,0,0,0,0,14096],
                "Metropole":"No"
                },
                  {
                 "ID":[2,23,5785],
                "A_Name":"Sindo aggl.",
                "Longlat":[34.171,-0.543],
                "A_Upop":[0,0,0,0,0,0,0,13585],
                "Metropole":"No"
                },
                  {
                 "ID":[2,23,6008],
                "A_Name":"Ihururu aggl.",
                "Longlat":[36.871,-0.4],
                "A_Upop":[0,0,0,0,0,0,0,13012],
                "Metropole":"No"
                },
                  {
                 "ID":[2,23,6152],
                "A_Name":"Ndubenet (Ug) aggl.",
                "Longlat":[35.255,0.297],
                "A_Upop":[0,0,0,0,0,0,0,12667],
                "Metropole":"No"
                },
                  {
                 "ID":[2,23,6162],
                "A_Name":"Hola aggl.",
                "Longlat":[40.018,-1.495],
                "A_Upop":[0,0,0,0,0,0,10700,12629],
                "Metropole":"No"
                },
                  {
                 "ID":[2,23,6166],
                "A_Name":"Mogoto aggl.",
                "Longlat":[35.963,-0.019],
                "A_Upop":[0,0,0,0,0,0,10666,12610],
                "Metropole":"No"
                },
                  {
                 "ID":[2,23,6312],
                "A_Name":"Kibuyu aggl.",
                "Longlat":[40.04,-1.529],
                "A_Upop":[0,0,0,0,0,0,0,12296],
                "Metropole":"No"
                },
                  {
                 "ID":[2,23,6368],
                "A_Name":"Wagalla",
                "Longlat":[39.944,1.783],
                "A_Upop":[0,0,0,0,0,0,16779,12173],
                "Metropole":"No"
                },
                  {
                 "ID":[2,23,6546],
                "A_Name":"Kawaida",
                "Longlat":[36.761,-1.137],
                "A_Upop":[0,0,0,0,0,0,10685,11817],
                "Metropole":"No"
                },
                  {
                 "ID":[2,23,6838],
                "A_Name":"Bissil",
                "Longlat":[36.795,-2.096],
                "A_Upop":[0,0,0,0,0,0,0,11218],
                "Metropole":"No"
                },
                  {
                 "ID":[2,23,7113],
                "A_Name":"Mkoyo",
                "Longlat":[39.58,-4.246],
                "A_Upop":[0,0,0,0,0,0,0,10711],
                "Metropole":"No"
                },
                  {
                 "ID":[2,23,7233],
                "A_Name":"Siakago aggl.",
                "Longlat":[37.639,-0.591],
                "A_Upop":[0,0,0,0,0,0,0,10516],
                "Metropole":"No"
                },
                  {
                 "ID":[2,23,7500],
                "A_Name":"Nyangwa",
                "Longlat":[37.646,-0.688],
                "A_Upop":[0,0,0,0,0,0,0,10153],
                "Metropole":"No"
                },
                  {
                 "ID":[2,23,7559],
                "A_Name":"Matuu(Yatta)",
                "Longlat":[37.552,-1.149],
                "A_Upop":[0,0,0,0,0,0,0,10079],
                "Metropole":"No"
                },
                  {
                 "ID":[2,23,7596],
                "A_Name":"Makindu aggl.",
                "Longlat":[37.821,-2.276],
                "A_Upop":[0,0,0,0,0,10799,0,10030],
                "Metropole":"No"
                },
                  {
                 "ID":[2,23,7629],
                "A_Name":"Kikuyu",
                "Longlat":[36.651,-1.25],
                "A_Upop":[0,0,0,0,0,160815,0,0],
                "Metropole":"No"
                },
                  {
                 "ID":[2,23,7633],
                "A_Name":"Nyeri",
                "Longlat":[36.988,-0.465],
                "A_Upop":[0,0,11219,38899,92114,133337,0,0],
                "Metropole":"No"
                },
                  {
                 "ID":[2,23,7640],
                "A_Name":"Ruiru",
                "Longlat":[36.969,-1.135],
                "A_Upop":[0,0,0,0,26800,112861,0,0],
                "Metropole":"No"
                },
                  {
                 "ID":[2,23,7641],
                "A_Name":"Nyamira",
                "Longlat":[34.935,-0.566],
                "A_Upop":[0,0,0,0,0,103084,0,0],
                "Metropole":"No"
                },
                  {
                 "ID":[2,23,7642],
                "A_Name":"Awendo",
                "Longlat":[34.558,-0.882],
                "A_Upop":[0,0,0,0,0,92858,0,0],
                "Metropole":"No"
                },
                  {
                 "ID":[2,23,7648],
                "A_Name":"Rongo",
                "Longlat":[34.602,-0.762],
                "A_Upop":[0,0,0,0,0,82212,0,0],
                "Metropole":"No"
                },
                  {
                 "ID":[2,23,7653],
                "A_Name":"Kakamega",
                "Longlat":[34.742,0.265],
                "A_Upop":[0,0,0,34045,60095,76338,0,0],
                "Metropole":"No"
                },
                  {
                 "ID":[2,23,7654],
                "A_Name":"Bungoma",
                "Longlat":[34.553,0.577],
                "A_Upop":[0,0,0,25305,29336,75239,0,0],
                "Metropole":"No"
                },
                  {
                 "ID":[2,23,7656],
                "A_Name":"Mumias",
                "Longlat":[34.51,0.333],
                "A_Upop":[0,0,0,0,0,74396,0,0],
                "Metropole":"No"
                },
                  {
                 "ID":[2,23,7657],
                "A_Name":"Mumias",
                "Longlat":[34.495,0.356],
                "A_Upop":[0,0,0,0,0,74396,0,0],
                "Metropole":"No"
                },
                  {
                 "ID":[2,23,7659],
                "A_Name":"Ki Milili",
                "Longlat":[34.711,0.773],
                "A_Upop":[0,0,0,0,0,73605,0,0],
                "Metropole":"No"
                },
                  {
                 "ID":[2,23,7660],
                "A_Name":"Webuye",
                "Longlat":[34.714,0.712],
                "A_Upop":[0,0,0,18681,30173,72241,0,0],
                "Metropole":"No"
                },
                  {
                 "ID":[2,23,7662],
                "A_Name":"Limuru",
                "Longlat":[36.62,-1.12],
                "A_Upop":[0,0,0,0,0,70376,0,0],
                "Metropole":"No"
                },
                  {
                 "ID":[2,23,7664],
                "A_Name":"Nyamarambe",
                "Longlat":[34.627,-0.8],
                "A_Upop":[0,0,0,0,0,68579,0,0],
                "Metropole":"No"
                },
                  {
                 "ID":[2,23,7665],
                "A_Name":"Luanda",
                "Longlat":[34.592,0.037],
                "A_Upop":[0,0,0,0,0,68278,0,0],
                "Metropole":"No"
                },
                  {
                 "ID":[2,23,7667],
                "A_Name":"Oyugis",
                "Longlat":[34.751,-0.498],
                "A_Upop":[0,0,0,0,0,67871,0,0],
                "Metropole":"No"
                },
                  {
                 "ID":[2,23,7671],
                "A_Name":"Kiambu",
                "Longlat":[36.835,-1.173],
                "A_Upop":[0,0,0,0,0,62423,0,0],
                "Metropole":"No"
                },
                  {
                 "ID":[2,23,7678],
                "A_Name":"Ahero",
                "Longlat":[34.957,-0.172],
                "A_Upop":[0,0,0,0,10138,59984,0,0],
                "Metropole":"No"
                },
                  {
                 "ID":[2,23,7687],
                "A_Name":"Ol Kalou",
                "Longlat":[36.778,-0.273],
                "A_Upop":[0,0,0,0,0,51361,0,0],
                "Metropole":"No"
                },
                  {
                 "ID":[2,23,7689],
                "A_Name":"Makuyu",
                "Longlat":[37.168,-0.848],
                "A_Upop":[0,0,0,0,0,51057,0,0],
                "Metropole":"No"
                },
                  {
                 "ID":[2,23,7691],
                "A_Name":"Kapsabet",
                "Longlat":[35.095,0.196],
                "A_Upop":[0,0,0,0,12094,50191,0,0],
                "Metropole":"No"
                },
                  {
                 "ID":[2,23,7694],
                "A_Name":"Tongaren",
                "Longlat":[34.952,0.906],
                "A_Upop":[0,0,0,0,0,49123,0,0],
                "Metropole":"No"
                },
                  {
                 "ID":[2,23,7705],
                "A_Name":"Ogembo",
                "Longlat":[34.729,-0.822],
                "A_Upop":[0,0,0,0,0,44596,0,0],
                "Metropole":"No"
                },
                  {
                 "ID":[2,23,7710],
                "A_Name":"Nembu",
                "Longlat":[36.939,-1.047],
                "A_Upop":[0,0,0,0,0,42660,0,0],
                "Metropole":"No"
                },
                  {
                 "ID":[2,23,7711],
                "A_Name":"Kiminyu",
                "Longlat":[36.892,-1.009],
                "A_Upop":[0,0,0,0,0,42334,0,0],
                "Metropole":"No"
                },
                  {
                 "ID":[2,23,7713],
                "A_Name":"Maraoua",
                "Longlat":[37.119,-0.81],
                "A_Upop":[0,0,0,0,0,41681,0,0],
                "Metropole":"No"
                },
                  {
                 "ID":[2,23,7714],
                "A_Name":"Keroka",
                "Longlat":[34.94,-0.782],
                "A_Upop":[0,0,0,0,0,41539,0,0],
                "Metropole":"No"
                },
                  {
                 "ID":[2,23,7715],
                "A_Name":"Yala",
                "Longlat":[34.52,0.092],
                "A_Upop":[0,0,0,0,0,41329,0,0],
                "Metropole":"No"
                },
                  {
                 "ID":[2,23,7728],
                "A_Name":"Kitenkela",
                "Longlat":[36.949,-1.48],
                "A_Upop":[0,0,0,0,0,36777,0,0],
                "Metropole":"No"
                },
                  {
                 "ID":[2,23,7731],
                "A_Name":"Karatina (Kiambu)",
                "Longlat":[36.866,-1.055],
                "A_Upop":[0,0,0,0,0,36389,0,0],
                "Metropole":"No"
                },
                  {
                 "ID":[2,23,7732],
                "A_Name":"Kandara",
                "Longlat":[37.035,-0.913],
                "A_Upop":[0,0,0,0,0,36191,0,0],
                "Metropole":"No"
                },
                  {
                 "ID":[2,23,7736],
                "A_Name":"Isiolo",
                "Longlat":[37.579,0.361],
                "A_Upop":[0,0,0,11741,17860,35389,0,0],
                "Metropole":"No"
                },
                  {
                 "ID":[2,23,7740],
                "A_Name":"Kangema",
                "Longlat":[36.984,-0.679],
                "A_Upop":[0,0,0,0,0,34935,0,0],
                "Metropole":"No"
                },
                  {
                 "ID":[2,23,7748],
                "A_Name":"Nyansiongo",
                "Longlat":[34.991,-0.773],
                "A_Upop":[0,0,0,0,0,33274,0,0],
                "Metropole":"No"
                },
                  {
                 "ID":[2,23,7751],
                "A_Name":"Suneka",
                "Longlat":[34.713,-0.694],
                "A_Upop":[0,0,0,0,0,32691,0,0],
                "Metropole":"No"
                },
                  {
                 "ID":[2,23,7752],
                "A_Name":"Karatina",
                "Longlat":[37.131,-0.481],
                "A_Upop":[0,0,0,0,0,32687,0,0],
                "Metropole":"No"
                },
                  {
                 "ID":[2,23,7754],
                "A_Name":"Muranga",
                "Longlat":[37.156,-0.731],
                "A_Upop":[0,0,0,15776,23658,30956,0,0],
                "Metropole":"No"
                },
                  {
                 "ID":[2,23,7772],
                "A_Name":"Mavoko",
                "Longlat":[36.984955,-1.456676],
                "A_Upop":[0,0,0,0,0,27983,0,0],
                "Metropole":"No"
                },
                  {
                 "ID":[2,23,7791],
                "A_Name":"Nyamache",
                "Longlat":[34.838,-0.85],
                "A_Upop":[0,0,0,0,0,25199,0,0],
                "Metropole":"No"
                },
                  {
                 "ID":[2,23,7793],
                "A_Name":"Malava",
                "Longlat":[34.839,0.447],
                "A_Upop":[0,0,0,0,0,24975,0,0],
                "Metropole":"No"
                },
                  {
                 "ID":[2,23,7798],
                "A_Name":"Sirisia",
                "Longlat":[34.485,0.75],
                "A_Upop":[0,0,0,0,0,24207,0,0],
                "Metropole":"No"
                },
                  {
                 "ID":[2,23,7805],
                "A_Name":"Sotik",
                "Longlat":[35.108,-0.692],
                "A_Upop":[0,0,0,0,0,23464,0,0],
                "Metropole":"No"
                },
                  {
                 "ID":[2,23,7814],
                "A_Name":"Kendubay",
                "Longlat":[34.66,-0.383],
                "A_Upop":[0,0,0,0,0,22709,0,0],
                "Metropole":"No"
                },
                  {
                 "ID":[2,23,7818],
                "A_Name":"Kilifi",
                "Longlat":[39.849,-3.627],
                "A_Upop":[0,0,0,0,16447,22603,0,0],
                "Metropole":"No"
                },
                  {
                 "ID":[2,23,7819],
                "A_Name":"Othaya",
                "Longlat":[36.938,-0.538],
                "A_Upop":[0,0,0,0,0,22549,0,0],
                "Metropole":"No"
                },
                  {
                 "ID":[2,23,7824],
                "A_Name":"Masimba",
                "Longlat":[34.926,-0.859],
                "A_Upop":[0,0,0,0,0,21856,0,0],
                "Metropole":"No"
                },
                  {
                 "ID":[2,23,7827],
                "A_Name":"Ngong",
                "Longlat":[36.688,-1.352],
                "A_Upop":[0,0,0,0,0,21322,0,0],
                "Metropole":"No"
                },
                  {
                 "ID":[2,23,7865],
                "A_Name":"Mtwapa",
                "Longlat":[39.752,-3.941],
                "A_Upop":[0,0,0,0,0,18949,0,0],
                "Metropole":"No"
                },
                  {
                 "ID":[2,23,7866],
                "A_Name":"Mtwapa",
                "Longlat":[39.75,-3.939],
                "A_Upop":[0,0,0,0,0,18949,0,0],
                "Metropole":"No"
                },
                  {
                 "ID":[2,23,7869],
                "A_Name":"Msambweni",
                "Longlat":[39.463,-4.473],
                "A_Upop":[0,0,0,0,0,18764,0,0],
                "Metropole":"No"
                },
                  {
                 "ID":[2,23,7915],
                "A_Name":"Nambale",
                "Longlat":[34.236,0.458],
                "A_Upop":[0,0,0,0,0,16335,0,0],
                "Metropole":"No"
                },
                  {
                 "ID":[2,23,7919],
                "A_Name":"Ndunyu Njeru",
                "Longlat":[36.562,-0.547],
                "A_Upop":[0,0,0,0,0,16199,0,0],
                "Metropole":"No"
                },
                  {
                 "ID":[2,23,7970],
                "A_Name":"Kimbimbi",
                "Longlat":[37.366,-0.628],
                "A_Upop":[0,0,0,0,0,14103,0,0],
                "Metropole":"No"
                },
                  {
                 "ID":[2,23,7989],
                "A_Name":"Hola",
                "Longlat":[40.024,-1.503],
                "A_Upop":[0,0,0,0,0,13602,0,0],
                "Metropole":"No"
                },
                  {
                 "ID":[2,23,8029],
                "A_Name":"Malakisi",
                "Longlat":[34.43,0.678],
                "A_Upop":[0,0,0,0,0,12465,0,0],
                "Metropole":"No"
                },
                  {
                 "ID":[2,23,8058],
                "A_Name":"Lumakanda",
                "Longlat":[34.962,0.639],
                "A_Upop":[0,0,0,0,0,11728,0,0],
                "Metropole":"No"
                },
                  {
                 "ID":[2,23,8103],
                "A_Name":"Kalokol",
                "Longlat":[35.831,3.494],
                "A_Upop":[0,0,0,0,0,10848,0,0],
                "Metropole":"No"
                },
                  {
                 "ID":[2,23,8110],
                "A_Name":"Lokichoggio",
                "Longlat":[34.361,4.206],
                "A_Upop":[0,0,0,0,0,10712,0,0],
                "Metropole":"No"
                },
                  {
                 "ID":[2,23,8139],
                "A_Name":"Butere",
                "Longlat":[34.484,0.209],
                "A_Upop":[0,0,0,0,0,10064,0,0],
                "Metropole":"No"
                },
                  {
                 "ID":[2,23,8810],
                "A_Name":"Kapkoi Sisal",
                "Longlat":[35.038,0.966],
                "A_Upop":[0,0,0,0,0,0,44100,0],
                "Metropole":"No"
                },
                  {
                 "ID":[2,23,8811],
                "A_Name":"Nabiswa",
                "Longlat":[34.928,0.934],
                "A_Upop":[0,0,0,0,0,0,70142,0],
                "Metropole":"No"
                },
                  {
                 "ID":[2,23,8812],
                "A_Name":"Sinyerere",
                "Longlat":[35.126,1.125],
                "A_Upop":[0,0,0,0,0,0,69407,0],
                "Metropole":"No"
                },
                  {
                 "ID":[2,23,8813],
                "A_Name":"Saboti",
                "Longlat":[34.842,0.937],
                "A_Upop":[0,0,0,0,0,0,27963,0],
                "Metropole":"No"
                },
                  {
                 "ID":[2,23,8814],
                "A_Name":"Sirende",
                "Longlat":[35.063,0.964],
                "A_Upop":[0,0,0,0,0,0,26914,0],
                "Metropole":"No"
                },
                  {
                 "ID":[2,23,8815],
                "A_Name":"Juja",
                "Longlat":[37.003,-1.076],
                "A_Upop":[0,0,0,0,0,19691,49737,0],
                "Metropole":"No"
                },
                  {
                 "ID":[2,23,8816],
                "A_Name":"Machewa",
                "Longlat":[34.821,0.873],
                "A_Upop":[0,0,0,0,0,0,22227,0],
                "Metropole":"No"
                },
                  {
                 "ID":[2,23,8817],
                "A_Name":"Matunda",
                "Longlat":[35.137,0.843],
                "A_Upop":[0,0,0,0,0,20643,28778,0],
                "Metropole":"No"
                },
                  {
                 "ID":[2,23,8818],
                "A_Name":"Leseru",
                "Longlat":[35.2,0.571],
                "A_Upop":[0,0,0,0,0,0,21583,0],
                "Metropole":"No"
                },
                  {
                 "ID":[2,23,8819],
                "A_Name":"Homa Bay",
                "Longlat":[34.444,-0.54],
                "A_Upop":[0,0,0,0,25260,39667,50517,0],
                "Metropole":"No"
                },
                  {
                 "ID":[2,23,8820],
                "A_Name":"Lusiru",
                "Longlat":[35.971,-0.432],
                "A_Upop":[0,0,0,0,0,0,20914,0],
                "Metropole":"No"
                },
                  {
                 "ID":[2,23,8821],
                "A_Name":"Sosiot",
                "Longlat":[35.164,-0.355],
                "A_Upop":[0,0,0,0,0,0,20892,0],
                "Metropole":"No"
                },
                  {
                 "ID":[2,23,8822],
                "A_Name":"Township",
                "Longlat":[34.489,0.327],
                "A_Upop":[0,0,0,0,0,0,65368,0],
                "Metropole":"No"
                },
                  {
                 "ID":[2,23,8823],
                "A_Name":"Amwathi 1",
                "Longlat":[37.993,0.386],
                "A_Upop":[0,0,0,0,0,0,25072,0],
                "Metropole":"No"
                },
                  {
                 "ID":[2,23,8824],
                "A_Name":"Leinguse",
                "Longlat":[35.399,0.175],
                "A_Upop":[0,0,0,0,0,0,19235,0],
                "Metropole":"No"
                },
                  {
                 "ID":[2,23,8825],
                "A_Name":"Kathekani",
                "Longlat":[38.168,-2.662],
                "A_Upop":[0,0,0,0,0,0,23236,0],
                "Metropole":"No"
                },
                  {
                 "ID":[2,23,8826],
                "A_Name":"East Kadiang'A",
                "Longlat":[34.972,-0.393],
                "A_Upop":[0,0,0,0,0,0,20918,0],
                "Metropole":"No"
                },
                  {
                 "ID":[2,23,8827],
                "A_Name":"Kapsoit",
                "Longlat":[35.212,-0.308],
                "A_Upop":[0,0,0,0,0,0,18659,0],
                "Metropole":"No"
                },
                  {
                 "ID":[2,23,8828],
                "A_Name":"Kiplombe(Ugishu)",
                "Longlat":[35.236,0.597],
                "A_Upop":[0,0,0,0,0,0,18631,0],
                "Metropole":"No"
                },
                  {
                 "ID":[2,23,8829],
                "A_Name":"Elementaita",
                "Longlat":[36.069,-0.519],
                "A_Upop":[0,0,0,0,0,0,18289,0],
                "Metropole":"No"
                },
                  {
                 "ID":[2,23,8830],
                "A_Name":"Kinondo",
                "Longlat":[39.536,-4.354],
                "A_Upop":[0,0,0,0,0,0,18269,0],
                "Metropole":"No"
                },
                  {
                 "ID":[2,23,8831],
                "A_Name":"Machungulu",
                "Longlat":[37.934,0.303],
                "A_Upop":[0,0,0,0,0,0,20271,0],
                "Metropole":"No"
                },
                  {
                 "ID":[2,23,8832],
                "A_Name":"Maraigushu",
                "Longlat":[36.471,-0.747],
                "A_Upop":[0,0,0,0,0,0,16302,0],
                "Metropole":"No"
                },
                  {
                 "ID":[2,23,8833],
                "A_Name":"Dallas/Stadium",
                "Longlat":[37.455,-0.54],
                "A_Upop":[0,0,0,0,0,0,19762,0],
                "Metropole":"No"
                },
                  {
                 "ID":[2,23,8834],
                "A_Name":"Antuambui",
                "Longlat":[37.938,0.362],
                "A_Upop":[0,0,0,0,0,0,19212,0],
                "Metropole":"No"
                },
                  {
                 "ID":[2,23,8835],
                "A_Name":"Kerugoya /Kutus",
                "Longlat":[37.269,-0.486],
                "A_Upop":[0,0,0,0,10786,25258,28906,0],
                "Metropole":"No"
                },
                  {
                 "ID":[2,23,8836],
                "A_Name":"Kanamai",
                "Longlat":[39.758,-3.907],
                "A_Upop":[0,0,0,0,0,0,15228,0],
                "Metropole":"No"
                },
                  {
                 "ID":[2,23,8837],
                "A_Name":"Thitha",
                "Longlat":[37.969,0.3],
                "A_Upop":[0,0,0,0,0,0,18341,0],
                "Metropole":"No"
                },
                  {
                 "ID":[2,23,8838],
                "A_Name":"Munanda",
                "Longlat":[36.198,-0.029],
                "A_Upop":[0,0,0,0,0,0,14886,0],
                "Metropole":"No"
                },
                  {
                 "ID":[2,23,8839],
                "A_Name":"Nguriga",
                "Longlat":[36.01,-0.446],
                "A_Upop":[0,0,0,0,0,0,14010,0],
                "Metropole":"No"
                },
                  {
                 "ID":[2,23,8840],
                "A_Name":"Lusheya",
                "Longlat":[34.539,0.304],
                "A_Upop":[0,0,0,0,0,0,16119,0],
                "Metropole":"No"
                },
                  {
                 "ID":[2,23,8841],
                "A_Name":"Thinyaine",
                "Longlat":[37.729,0.201],
                "A_Upop":[0,0,0,0,0,0,16703,0],
                "Metropole":"No"
                },
                  {
                 "ID":[2,23,8842],
                "A_Name":"Kipyoywani",
                "Longlat":[34.925,0.968],
                "A_Upop":[0,0,0,0,0,0,13598,0],
                "Metropole":"No"
                },
                  {
                 "ID":[2,23,8843],
                "A_Name":"Njipship",
                "Longlat":[35.028,-0.914],
                "A_Upop":[0,0,0,0,0,0,13536,0],
                "Metropole":"No"
                },
                  {
                 "ID":[2,23,8844],
                "A_Name":"Amwathi 2",
                "Longlat":[38.008,0.401],
                "A_Upop":[0,0,0,0,0,0,16453,0],
                "Metropole":"No"
                },
                  {
                 "ID":[2,23,8845],
                "A_Name":"Mukungugu",
                "Longlat":[35.932,-0.38],
                "A_Upop":[0,0,0,0,0,0,13509,0],
                "Metropole":"No"
                },
                  {
                 "ID":[2,23,8846],
                "A_Name":"Ainamoi(Kericho)",
                "Longlat":[35.274,-0.287],
                "A_Upop":[0,0,0,0,0,0,13195,0],
                "Metropole":"No"
                },
                  {
                 "ID":[2,23,8847],
                "A_Name":"Mtondia/Majaoni",
                "Longlat":[39.87,-3.575],
                "A_Upop":[0,0,0,0,0,0,13110,0],
                "Metropole":"No"
                },
                  {
                 "ID":[2,23,8848],
                "A_Name":"Murungaru",
                "Longlat":[36.492,-0.586],
                "A_Upop":[0,0,0,0,0,0,14650,0],
                "Metropole":"No"
                },
                  {
                 "ID":[2,23,8849],
                "A_Name":"Kiptere",
                "Longlat":[35.094,-0.401],
                "A_Upop":[0,0,0,0,0,0,12938,0],
                "Metropole":"No"
                },
                  {
                 "ID":[2,23,8850],
                "A_Name":"Ngombeni(Kwale)",
                "Longlat":[39.626,-4.129],
                "A_Upop":[0,0,0,0,0,0,12777,0],
                "Metropole":"No"
                },
                  {
                 "ID":[2,23,8851],
                "A_Name":"Dabaso",
                "Longlat":[40.004,-3.339],
                "A_Upop":[0,0,0,0,0,0,12497,0],
                "Metropole":"No"
                },
                  {
                 "ID":[2,23,8852],
                "A_Name":"Maso",
                "Longlat":[35.317,-0.299],
                "A_Upop":[0,0,0,0,0,0,12272,0],
                "Metropole":"No"
                },
                  {
                 "ID":[2,23,8853],
                "A_Name":"Kapsaos(Kericho)",
                "Longlat":[35.335,-0.308],
                "A_Upop":[0,0,0,0,0,0,12245,0],
                "Metropole":"No"
                },
                  {
                 "ID":[2,23,8854],
                "A_Name":"Naathu",
                "Longlat":[37.97,0.397],
                "A_Upop":[0,0,0,0,0,0,14801,0],
                "Metropole":"No"
                },
                  {
                 "ID":[2,23,8855],
                "A_Name":"Kaene",
                "Longlat":[37.991,0.297],
                "A_Upop":[0,0,0,0,0,0,14789,0],
                "Metropole":"No"
                },
                  {
                 "ID":[2,23,8856],
                "A_Name":"Nkandone",
                "Longlat":[37.956,0.383],
                "A_Upop":[0,0,0,0,0,0,14326,0],
                "Metropole":"No"
                },
                  {
                 "ID":[2,23,8857],
                "A_Name":"Konjora",
                "Longlat":[39.828,-3.606],
                "A_Upop":[0,0,0,0,0,0,11786,0],
                "Metropole":"No"
                },
                  {
                 "ID":[2,23,8858],
                "A_Name":"Kayambo",
                "Longlat":[34.342,-0.712],
                "A_Upop":[0,0,0,0,0,0,12942,0],
                "Metropole":"No"
                },
                  {
                 "ID":[2,23,8859],
                "A_Name":"Kibarani",
                "Longlat":[39.85,-3.593],
                "A_Upop":[0,0,0,0,0,0,11615,0],
                "Metropole":"No"
                },
                  {
                 "ID":[2,23,8860],
                "A_Name":"Nyamaharaga",
                "Longlat":[34.474,-1.231],
                "A_Upop":[0,0,0,0,0,0,12621,0],
                "Metropole":"No"
                },
                  {
                 "ID":[2,23,8861],
                "A_Name":"Chogoria",
                "Longlat":[37.624,-0.219],
                "A_Upop":[0,0,0,0,0,0,13884,0],
                "Metropole":"No"
                },
                  {
                 "ID":[2,23,8862],
                "A_Name":"Rugongo",
                "Longlat":[36.181,-0.07],
                "A_Upop":[0,0,0,0,0,0,11355,0],
                "Metropole":"No"
                },
                  {
                 "ID":[2,23,8863],
                "A_Name":"Kabazi",
                "Longlat":[36.165,-0.067],
                "A_Upop":[0,0,0,0,0,0,11312,0],
                "Metropole":"No"
                },
                  {
                 "ID":[2,23,8864],
                "A_Name":"Kijipwa",
                "Longlat":[39.79,-3.888],
                "A_Upop":[0,0,0,0,0,0,11339,0],
                "Metropole":"No"
                },
                  {
                 "ID":[2,23,8865],
                "A_Name":"Kaptoboiti",
                "Longlat":[35.193,-0.337],
                "A_Upop":[0,0,0,0,0,0,11234,0],
                "Metropole":"No"
                },
                  {
                 "ID":[2,23,8866],
                "A_Name":"Tendwet(Kericho)",
                "Longlat":[35.361,-0.288],
                "A_Upop":[0,0,0,0,0,0,11213,0],
                "Metropole":"No"
                },
                  {
                 "ID":[2,23,8867],
                "A_Name":"Sigowet",
                "Longlat":[35.051,-0.414],
                "A_Upop":[0,0,0,0,0,0,11000,0],
                "Metropole":"No"
                },
                  {
                 "ID":[2,23,8868],
                "A_Name":"Lare",
                "Longlat":[37.963,0.337],
                "A_Upop":[0,0,0,0,0,18835,22765,0],
                "Metropole":"No"
                },
                  {
                 "ID":[2,23,8869],
                "A_Name":"Lake View",
                "Longlat":[36.452,-0.751],
                "A_Upop":[0,0,0,0,0,0,10946,0],
                "Metropole":"No"
                },
                  {
                 "ID":[2,23,8870],
                "A_Name":"Karatina",
                "Longlat":[36.831,-1.033],
                "A_Upop":[0,0,0,0,0,0,47645,0],
                "Metropole":"No"
                },
                  {
                 "ID":[2,23,8871],
                "A_Name":"Githima(Maragua)",
                "Longlat":[37.005,-0.825],
                "A_Upop":[0,0,0,0,0,0,12270,0],
                "Metropole":"No"
                },
                  {
                 "ID":[2,23,8872],
                "A_Name":"Kamiu",
                "Longlat":[37.465,-0.533],
                "A_Upop":[0,0,0,0,0,0,13208,0],
                "Metropole":"No"
                },
                  {
                 "ID":[2,23,8873],
                "A_Name":"Matunda(Lugari)",
                "Longlat":[35.106,0.822],
                "A_Upop":[0,0,0,0,0,0,12500,0],
                "Metropole":"No"
                },
                  {
                 "ID":[2,23,8874],
                "A_Name":"Kajulu Ii",
                "Longlat":[34.363,-0.967],
                "A_Upop":[0,0,0,0,0,0,11897,0],
                "Metropole":"No"
                },
                  {
                 "ID":[2,23,8875],
                "A_Name":"Mung'Ang'A",
                "Longlat":[34.595,0.346],
                "A_Upop":[0,0,0,0,0,0,12443,0],
                "Metropole":"No"
                },
                  {
                 "ID":[2,23,8876],
                "A_Name":"Eburru",
                "Longlat":[36.288,-0.479],
                "A_Upop":[0,0,0,0,0,0,10770,0],
                "Metropole":"No"
                },
                  {
                 "ID":[2,23,8877],
                "A_Name":"Kamungei(Nakuru)",
                "Longlat":[35.959,-0.207],
                "A_Upop":[0,0,0,0,0,0,10725,0],
                "Metropole":"No"
                },
                  {
                 "ID":[2,23,8878],
                "A_Name":"Cheptuiyet(Keri)",
                "Longlat":[35.059,-0.47],
                "A_Upop":[0,0,0,0,0,0,10655,0],
                "Metropole":"No"
                },
                  {
                 "ID":[2,23,8879],
                "A_Name":"Kuinet",
                "Longlat":[35.278,0.599],
                "A_Upop":[0,0,0,0,0,0,10639,0],
                "Metropole":"No"
                },
                  {
                 "ID":[2,23,8880],
                "A_Name":"Kenegut",
                "Longlat":[35.218,-0.277],
                "A_Upop":[0,0,0,0,0,0,10590,0],
                "Metropole":"No"
                },
                  {
                 "ID":[2,23,8881],
                "A_Name":"Kedowa",
                "Longlat":[35.572,-0.205],
                "A_Upop":[0,0,0,0,0,0,10552,0],
                "Metropole":"No"
                },
                  {
                 "ID":[2,23,8882],
                "A_Name":"Eluche",
                "Longlat":[34.578,0.322],
                "A_Upop":[0,0,0,0,0,0,12179,0],
                "Metropole":"No"
                },
                  {
                 "ID":[2,23,8883],
                "A_Name":"West Koguta",
                "Longlat":[34.83,-0.335],
                "A_Upop":[0,0,0,0,0,0,11424,0],
                "Metropole":"No"
                },
                  {
                 "ID":[2,23,8884],
                "A_Name":"Gathara",
                "Longlat":[36.587,-0.612],
                "A_Upop":[0,0,0,0,0,0,11512,0],
                "Metropole":"No"
                },
                  {
                 "ID":[2,23,8885],
                "A_Name":"Thumaita",
                "Longlat":[37.364,-0.431],
                "A_Upop":[0,0,0,0,0,0,11385,0],
                "Metropole":"No"
                },
                  {
                 "ID":[2,23,8886],
                "A_Name":"Chesinende",
                "Longlat":[35.472,-0.251],
                "A_Upop":[0,0,0,0,0,0,10103,0],
                "Metropole":"No"
                },
                  {
                 "ID":[2,23,8887],
                "A_Name":"Githioro",
                "Longlat":[36.504,-0.471],
                "A_Upop":[0,0,0,0,0,0,11368,0],
                "Metropole":"No"
                },
                  {
                 "ID":[2,23,8888],
                "A_Name":"Kaborok",
                "Longlat":[35.151,-0.386],
                "A_Upop":[0,0,0,0,0,0,10057,0],
                "Metropole":"No"
                },
                  {
                 "ID":[2,23,8889],
                "A_Name":"Bamboo",
                "Longlat":[36.569,-0.865],
                "A_Upop":[0,0,0,0,0,0,11309,0],
                "Metropole":"No"
                },
                  {
                 "ID":[2,23,8890],
                "A_Name":"Kitharene",
                "Longlat":[37.82,0.209],
                "A_Upop":[0,0,0,0,0,0,12154,0],
                "Metropole":"No"
                },
                  {
                 "ID":[2,23,8891],
                "A_Name":"Kariko",
                "Longlat":[37.246,-0.46],
                "A_Upop":[0,0,0,0,0,0,11217,0],
                "Metropole":"No"
                },
                  {
                 "ID":[2,23,8892],
                "A_Name":"Mukurwe/Thuita",
                "Longlat":[36.98,-0.907],
                "A_Upop":[0,0,0,0,0,0,11179,0],
                "Metropole":"No"
                },
                  {
                 "ID":[2,23,8893],
                "A_Name":"Wasweta Ii",
                "Longlat":[34.416,-1.109],
                "A_Upop":[0,0,0,0,0,0,10871,0],
                "Metropole":"No"
                },
                  {
                 "ID":[2,23,8894],
                "A_Name":"Kibugu",
                "Longlat":[37.438,-0.447],
                "A_Upop":[0,0,0,0,0,0,11963,0],
                "Metropole":"No"
                },
                  {
                 "ID":[2,23,8895],
                "A_Name":"Kochieng'",
                "Longlat":[34.858,-0.15],
                "A_Upop":[0,0,0,0,0,0,10844,0],
                "Metropole":"No"
                },
                  {
                 "ID":[2,23,8896],
                "A_Name":"Esikulu",
                "Longlat":[34.144,0.419],
                "A_Upop":[0,0,0,0,0,0,11331,0],
                "Metropole":"No"
                },
                  {
                 "ID":[2,23,8897],
                "A_Name":"Kirwara/Chomo",
                "Longlat":[36.935,-0.926],
                "A_Upop":[0,0,0,0,0,0,10965,0],
                "Metropole":"No"
                },
                  {
                 "ID":[2,23,8898],
                "A_Name":"Nyanduma",
                "Longlat":[36.756,-0.983],
                "A_Upop":[0,0,0,0,0,0,10891,0],
                "Metropole":"No"
                },
                  {
                 "ID":[2,23,8899],
                "A_Name":"Kangari",
                "Longlat":[36.872,-0.784],
                "A_Upop":[0,0,0,0,0,10588,10890,0],
                "Metropole":"No"
                },
                  {
                 "ID":[2,23,8900],
                "A_Name":"Otacho",
                "Longlat":[34.396,-1.005],
                "A_Upop":[0,0,0,0,0,0,10677,0],
                "Metropole":"No"
                },
                  {
                 "ID":[2,23,8901],
                "A_Name":"Myanga/Syombe",
                "Longlat":[34.384,0.593],
                "A_Upop":[0,0,0,0,0,0,11094,0],
                "Metropole":"No"
                },
                  {
                 "ID":[2,23,8902],
                "A_Name":"Athwana(Akithi)",
                "Longlat":[37.733,0.224],
                "A_Upop":[0,0,0,0,0,0,11684,0],
                "Metropole":"No"
                },
                  {
                 "ID":[2,23,8903],
                "A_Name":"Muranga",
                "Longlat":[37.156,-0.729],
                "A_Upop":[0,0,0,0,0,0,31838,0],
                "Metropole":"No"
                },
                  {
                 "ID":[2,23,8904],
                "A_Name":"Bukaya",
                "Longlat":[34.436,0.255],
                "A_Upop":[0,0,0,0,0,0,10983,0],
                "Metropole":"No"
                },
                  {
                 "ID":[2,23,8905],
                "A_Name":"Bugengi",
                "Longlat":[34.174,0.43],
                "A_Upop":[0,0,0,0,0,0,10890,0],
                "Metropole":"No"
                },
                  {
                 "ID":[2,23,8906],
                "A_Name":"Gacharage(Kandara)",
                "Longlat":[36.954,-0.851],
                "A_Upop":[0,0,0,0,0,0,10618,0],
                "Metropole":"No"
                },
                  {
                 "ID":[2,23,8907],
                "A_Name":"Ncooro",
                "Longlat":[37.774,0.187],
                "A_Upop":[0,0,0,0,0,0,11380,0],
                "Metropole":"No"
                },
                  {
                 "ID":[2,23,8908],
                "A_Name":"Imanga",
                "Longlat":[34.486,0.28],
                "A_Upop":[0,0,0,0,0,0,10682,0],
                "Metropole":"No"
                },
                  {
                 "ID":[2,23,8909],
                "A_Name":"Akaiga",
                "Longlat":[37.874,0.108],
                "A_Upop":[0,0,0,0,0,0,11247,0],
                "Metropole":"No"
                },
                  {
                 "ID":[2,23,8910],
                "A_Name":"Kinja",
                "Longlat":[36.603,-0.573],
                "A_Upop":[0,0,0,0,0,0,10402,0],
                "Metropole":"No"
                },
                  {
                 "ID":[2,23,8911],
                "A_Name":"Kithimu",
                "Longlat":[37.522,-0.503],
                "A_Upop":[0,0,0,0,0,0,11241,0],
                "Metropole":"No"
                },
                  {
                 "ID":[2,23,8912],
                "A_Name":"Lubinu",
                "Longlat":[34.566,0.296],
                "A_Upop":[0,0,0,0,0,0,10554,0],
                "Metropole":"No"
                },
                  {
                 "ID":[2,23,8913],
                "A_Name":"Rurii",
                "Longlat":[36.391,-0.206],
                "A_Upop":[0,0,0,0,0,0,10282,0],
                "Metropole":"No"
                },
                  {
                 "ID":[2,23,8914],
                "A_Name":"Nzeveni",
                "Longlat":[37.402,-1.643],
                "A_Upop":[0,0,0,0,0,0,11036,0],
                "Metropole":"No"
                },
                  {
                 "ID":[2,23,8915],
                "A_Name":"Matura(Ol Kalou)",
                "Longlat":[36.369,-0.207],
                "A_Upop":[0,0,0,0,0,0,10186,0],
                "Metropole":"No"
                },
                  {
                 "ID":[2,23,8916],
                "A_Name":"Njuku",
                "Longlat":[37.312,-0.443],
                "A_Upop":[0,0,0,0,0,0,10137,0],
                "Metropole":"No"
                },
                  {
                 "ID":[2,23,8917],
                "A_Name":"Gachigi",
                "Longlat":[37.296,-0.446],
                "A_Upop":[0,0,0,0,0,0,10130,0],
                "Metropole":"No"
                },
                  {
                 "ID":[2,23,8918],
                "A_Name":"Kathelwa",
                "Longlat":[37.905,0.326],
                "A_Upop":[0,0,0,0,0,0,10926,0],
                "Metropole":"No"
                },
                  {
                 "ID":[2,23,8919],
                "A_Name":"Kianjai",
                "Longlat":[37.749,0.166],
                "A_Upop":[0,0,0,0,0,0,10754,0],
                "Metropole":"No"
                },
                  {
                 "ID":[2,23,8920],
                "A_Name":"Sagana",
                "Longlat":[37.212,-0.666],
                "A_Upop":[0,0,0,0,0,11670,13010,0],
                "Metropole":"No"
                },
                  {
                 "ID":[2,23,8921],
                "A_Name":"Lunza",
                "Longlat":[34.56,0.255],
                "A_Upop":[0,0,0,0,0,0,10079,0],
                "Metropole":"No"
                },
                  {
                 "ID":[2,23,8922],
                "A_Name":"Elwak South",
                "Longlat":[40.926,2.799],
                "A_Upop":[0,0,0,0,0,0,26266,0],
                "Metropole":"No"
                },
                  {
                 "ID":[2,23,8923],
                "A_Name":"Muranga",
                "Longlat":[37.072,-0.758],
                "A_Upop":[0,0,0,15776,23658,30956,42869,0],
                "Metropole":"No"
                },
                  {
                 "ID":[2,23,8924],
                "A_Name":"Mbuvori",
                "Longlat":[37.46,-0.37],
                "A_Upop":[0,0,0,0,0,0,10248,0],
                "Metropole":"No"
                },
                  {
                 "ID":[2,23,8925],
                "A_Name":"Athanja",
                "Longlat":[37.79,0.209],
                "A_Upop":[0,0,0,0,0,0,10187,0],
                "Metropole":"No"
                },
                  {
                 "ID":[2,23,8926],
                "A_Name":"Nguviu",
                "Longlat":[37.452,-0.396],
                "A_Upop":[0,0,0,0,0,0,10076,0],
                "Metropole":"No"
                },
                  {
                 "ID":[2,23,8927],
                "A_Name":"Kilgoris",
                "Longlat":[34.858,-0.976],
                "A_Upop":[0,0,0,0,0,0,11334,0],
                "Metropole":"No"
                },
                  {
                 "ID":[2,23,8928],
                "A_Name":"Burnt Forest",
                "Longlat":[35.478,0.198],
                "A_Upop":[0,0,0,0,0,14398,20720,0],
                "Metropole":"No"
                },
                  {
                 "ID":[2,23,8929],
                "A_Name":"Wangaya I",
                "Longlat":[35.089,-0.152],
                "A_Upop":[0,0,0,0,0,0,65455,0],
                "Metropole":"No"
                },
                  {
                 "ID":[2,23,8930],
                "A_Name":"Nyangati",
                "Longlat":[37.35,-0.614],
                "A_Upop":[0,0,0,0,0,0,61834,0],
                "Metropole":"No"
                },
                  {
                 "ID":[2,23,8931],
                "A_Name":"Agoro West",
                "Longlat":[34.981,-0.274],
                "A_Upop":[0,0,0,0,0,0,12858,0],
                "Metropole":"No"
                },
                  {
                 "ID":[2,23,8932],
                "A_Name":"Karindundu",
                "Longlat":[37.135,-0.485],
                "A_Upop":[0,0,0,0,0,0,33813,0],
                "Metropole":"No"
                },
                  {
                 "ID":[2,23,8933],
                "A_Name":"Kiamuoria",
                "Longlat":[36.816,-1.008],
                "A_Upop":[0,0,0,0,0,0,55855,0],
                "Metropole":"No"
                },
                  {
                 "ID":[2,23,8934],
                "A_Name":"Siekunya",
                "Longlat":[34.241,0.437],
                "A_Upop":[0,0,0,0,0,0,31487,0],
                "Metropole":"No"
                },
                  {
                 "ID":[2,23,8935],
                "A_Name":"Kiiri",
                "Longlat":[37,-0.887],
                "A_Upop":[0,0,0,0,0,0,175151,0],
                "Metropole":"No"
                },
                  {
                 "ID":[2,23,8936],
                "A_Name":"Karuri",
                "Longlat":[37.031,-0.715],
                "A_Upop":[0,0,0,0,17189,14950,15376,0],
                "Metropole":"No"
                },
                  {
                 "ID":[2,23,8937],
                "A_Name":"Kandani",
                "Longlat":[37.117,-0.869],
                "A_Upop":[0,0,0,0,0,0,52512,0],
                "Metropole":"No"
                },
                  {
                 "ID":[2,23,8938],
                "A_Name":"Gitundu",
                "Longlat":[36.94,-0.551],
                "A_Upop":[0,0,0,0,0,0,23325,0],
                "Metropole":"No"
                },
                  {
                 "ID":[2,23,8939],
                "A_Name":"Waberi",
                "Longlat":[39.661,-0.452],
                "A_Upop":[0,0,0,0,0,0,11605,0],
                "Metropole":"No"
                },
                  {
                 "ID":[2,23,8940],
                "A_Name":"Chebongi",
                "Longlat":[35.115,-0.661],
                "A_Upop":[0,0,0,0,0,0,24701,0],
                "Metropole":"No"
                },
                  {
                 "ID":[2,23,8941],
                "A_Name":"Kanorero",
                "Longlat":[36.988,-0.671],
                "A_Upop":[0,0,0,0,0,0,35930,0],
                "Metropole":"No"
                },
                  {
                 "ID":[2,23,8942],
                "A_Name":"Katito",
                "Longlat":[34.942,-0.267],
                "A_Upop":[0,0,0,0,0,10751,0,0],
                "Metropole":"No"
                },
                  {
                 "ID":[2,23,8943],
                "A_Name":"Vihiga",
                "Longlat":[34.718,0.836],
                "A_Upop":[0,0,0,0,0,112793,0,0],
                "Metropole":"No"
                },
                  {
                "ID":[2,23,8944],
                "A_Name":"Mwatate",
                "Longlat":[38.359,-3.494],
                "A_Upop":[0,0,0,0,0,11478,0,0],
                "Metropole":"No"
                }]
}