{
    "EN_country":"Kingdom of Eswatini",
    "FR_country":"Royaume d’Eswatini",
    "ID":[4,42,0],
    "Upop":[0,0,37291,63059,104093,250721,287346],
    "Urbanlevel":[0,0,0.09,0.11,0.13,0.26,0.28,0.28],
    "Numagglos":[0,0,2,2,2,5,5,5],
    "Mpop":[0,0,1,1,1,0.79,0.81,0.82],
    "ADBA":[0,0,31,31,31,16,16,17.5],
    "Agglomerations":[
    {
                 "ID":[4,42,518],
                "A_Name":"Manzini",
                "Longlat":[31.415,-26.455],
                "A_Upop":[0,0,20329,34777,58199,104771,131992,135985],
                "Metropole":"Yes"
                },
                  {
                 "ID":[4,42,639],
                "A_Name":"Mbabane",
                "Longlat":[31.248,-26.369],
                "A_Upop":[0,0,16963,28282,45894,92521,100799,109873],
                "Metropole":"Yes"
                },
                  {
                 "ID":[4,42,3340],
                "A_Name":"Mafutseni",
                "Longlat":[31.545,-26.518],
                "A_Upop":[0,0,0,0,0,22220,24657,23925],
                "Metropole":"No"
                },
                  {
                 "ID":[4,42,3948],
                "A_Name":"Nhlangano",
                "Longlat":[31.267,-27.18],
                "A_Upop":[0,0,0,0,0,20610,19744,20379],
                "Metropole":"No"
                },
                  {
                "ID":[4,42,7266],
                "A_Name":"Mahamba",
                "Longlat":[31.138,-27.109],
                "A_Upop":[0,0,0,0,0,10599,10154,10481],
                "Metropole":"No"
                }]
}