{
    "EN_country":"Lesotho",
    "FR_country":"Lesotho",
    "ID":[4,26,0],
    "Upop":[0,11393,50771,87533,162523,309619,463720],
    "Urbanlevel":[0,0.02,0.05,0.06,0.1,0.17,0.25,0.26],
    "Numagglos":[0,1,2,2,4,6,10,10],
    "Mpop":[0,1,0.74,0.8,0.7,0.71,0.56,0.58],
    "ADBA":[0,0,64,64,24,40,22,22.5],
    "Agglomerations":[
    {
                 "ID":[4,26,220],
                "A_Name":"Maseru",
                "Longlat":[27.536,-29.361],
                "A_Upop":[0,11393,37640,70383,113300,219253,261085,306902],
                "Metropole":"Yes"
                },
                  {
                 "ID":[4,26,2239],
                "A_Name":"Maputsoe",
                "Longlat":[27.914,-28.895],
                "A_Upop":[0,0,13131,17150,22387,22627,33242,34765],
                "Metropole":"No"
                },
                  {
                 "ID":[4,26,2332],
                "A_Name":"Butha Buthe",
                "Longlat":[28.242,-28.743],
                "A_Upop":[0,0,0,0,0,15599,33670,33522],
                "Metropole":"No"
                },
                  {
                 "ID":[4,26,2626],
                "A_Name":"Mafeteng",
                "Longlat":[27.241,-29.807],
                "A_Upop":[0,0,0,0,0,0,30000,30000],
                "Metropole":"No"
                },
                  {
                 "ID":[4,26,2979],
                "A_Name":"Hlotse",
                "Longlat":[28.078,-28.857],
                "A_Upop":[0,0,0,0,12579,21195,20123,26707],
                "Metropole":"No"
                },
                  {
                 "ID":[4,26,3358],
                "A_Name":"Teyateyaneng",
                "Longlat":[27.767,-29.164],
                "A_Upop":[0,0,0,0,14257,19581,22794,23839],
                "Metropole":"No"
                },
                  {
                 "ID":[4,26,3508],
                "A_Name":"Mohale's Hoek",
                "Longlat":[27.463,-30.144],
                "A_Upop":[0,0,0,0,0,0,22601,22948],
                "Metropole":"No"
                },
                  {
                 "ID":[4,26,5003],
                "A_Name":"East of Maputsoe",
                "Longlat":[27.963,-28.918],
                "A_Upop":[0,0,0,0,0,0,0,16031],
                "Metropole":"No"
                },
                  {
                 "ID":[4,26,5177],
                "A_Name":"Tsikoane",
                "Longlat":[28.018,-28.932],
                "A_Upop":[0,0,0,0,0,0,14316,15449],
                "Metropole":"No"
                },
                  {
                 "ID":[4,26,5332],
                "A_Name":"Moyeni",
                "Longlat":[27.741,-30.408],
                "A_Upop":[0,0,0,0,0,11365,14079,14925],
                "Metropole":"No"
                },
                  {
                "ID":[4,26,8946],
                "A_Name":"Qeme NE",
                "Longlat":[27.5407,-29.4347],
                "A_Upop":[0,0,0,0,0,0,11809,0],
                "Metropole":"No"
                }]
}