{
    "EN_country":"Liberia",
    "FR_country":"Libéria",
    "ID":[5,24,0],
    "Upop":[22900,64861,211351,513769,768322,1039986,1509309],
    "Urbanlevel":[0.03,0.07,0.16,0.28,0.32,0.35,0.4,0.42],
    "Numagglos":[1,1,5,14,14,14,24,21],
    "Mpop":[1,1,0.71,0.61,0.69,0.73,0.67,0.69],
    "ADBA":[0,0,33,68,59,56,32,35.1],
    "Agglomerations":[
    {
                 "ID":[5,24,60],
                "A_Name":"Monrovia",
                "Longlat":[-10.79,6.338],
                "A_Upop":[22900,64861,150042,315255,529941,763323,1008929,1190635],
                "Metropole":"Yes"
                },
                  {
                 "ID":[5,24,1285],
                "A_Name":"Buchanan",
                "Longlat":[-10.027,5.9],
                "A_Upop":[0,0,18560,30813,35828,34939,52517,58190],
                "Metropole":"No"
                },
                  {
                 "ID":[5,24,1351],
                "A_Name":"Ganta",
                "Longlat":[-8.988,7.222],
                "A_Upop":[0,0,0,10382,18965,29360,49944,55339],
                "Metropole":"No"
                },
                  {
                 "ID":[5,24,1361],
                "A_Name":"Gbarnga",
                "Longlat":[-9.466,7.003],
                "A_Upop":[0,0,0,14318,25166,29852,46764,54906],
                "Metropole":"No"
                },
                  {
                 "ID":[5,24,1856],
                "A_Name":"Harbel",
                "Longlat":[-10.348,6.285],
                "A_Upop":[0,0,10642,11951,14562,19038,26302,41306],
                "Metropole":"No"
                },
                  {
                 "ID":[5,24,1923],
                "A_Name":"Kakata",
                "Longlat":[-10.35,6.535],
                "A_Upop":[0,0,0,16262,25065,29749,35967,39852],
                "Metropole":"No"
                },
                  {
                 "ID":[5,24,2705],
                "A_Name":"Zwedru",
                "Longlat":[-8.134,6.065],
                "A_Upop":[0,0,0,11037,18105,21182,26344,29189],
                "Metropole":"No"
                },
                  {
                 "ID":[5,24,2865],
                "A_Name":"Harper",
                "Longlat":[-7.706,4.389],
                "A_Upop":[0,0,0,13121,15775,16909,24961,27657],
                "Metropole":"No"
                },
                  {
                 "ID":[5,24,2939],
                "A_Name":"Pleebo",
                "Longlat":[-7.672,4.595],
                "A_Upop":[0,0,0,0,14316,18696,24385,27019],
                "Metropole":"No"
                },
                  {
                 "ID":[5,24,3379],
                "A_Name":"Foya",
                "Longlat":[-10.209,8.366],
                "A_Upop":[0,0,0,0,0,13370,21376,23685],
                "Metropole":"No"
                },
                  {
                 "ID":[5,24,4138],
                "A_Name":"Dolotown",
                "Longlat":[-10.365,6.243],
                "A_Upop":[0,0,0,0,0,0,17667,19575],
                "Metropole":"No"
                },
                  {
                 "ID":[5,24,4182],
                "A_Name":"Careysburg",
                "Longlat":[-10.637,6.371],
                "A_Upop":[0,0,0,0,0,0,10938,19376],
                "Metropole":"No"
                },
                  {
                 "ID":[5,24,4567],
                "A_Name":"Voinjama",
                "Longlat":[-9.757,8.42],
                "A_Upop":[0,0,0,10716,17604,22225,15868,17583],
                "Metropole":"No"
                },
                  {
                 "ID":[5,24,4568],
                "A_Name":"Kolahun",
                "Longlat":[-10.087,8.282],
                "A_Upop":[0,0,0,0,0,0,15868,17582],
                "Metropole":"No"
                },
                  {
                 "ID":[5,24,4780],
                "A_Name":"Tubmanburg",
                "Longlat":[-10.826,6.868],
                "A_Upop":[0,0,10997,15490,15535,14117,15148,16785],
                "Metropole":"No"
                },
                  {
                 "ID":[5,24,5049],
                "A_Name":"Saclepea",
                "Longlat":[-8.84,6.965],
                "A_Upop":[0,0,0,0,0,0,14331,15880],
                "Metropole":"No"
                },
                  {
                 "ID":[5,24,5763],
                "A_Name":"Greenville",
                "Longlat":[-9.034,5.008],
                "A_Upop":[0,0,0,11641,14908,15752,13895,13650],
                "Metropole":"No"
                },
                  {
                 "ID":[5,24,6107],
                "A_Name":"Sanniquellie",
                "Longlat":[-8.705,7.363],
                "A_Upop":[0,0,0,0,11551,11474,12319,12769],
                "Metropole":"No"
                },
                  {
                 "ID":[5,24,6155],
                "A_Name":"Yekepa",
                "Longlat":[-8.537,7.575],
                "A_Upop":[0,0,0,14792,0,0,11432,12666],
                "Metropole":"No"
                },
                  {
                 "ID":[5,24,6788],
                "A_Name":"Bongtown",
                "Longlat":[-10.36,6.813],
                "A_Upop":[0,0,0,0,0,0,10876,11304],
                "Metropole":"No"
                },
                  {
                 "ID":[5,24,7143],
                "A_Name":"Nyea Blai",
                "Longlat":[-9.538,7.043],
                "A_Upop":[0,0,0,0,0,0,0,10677],
                "Metropole":"No"
                },
                  {
                "ID":[5,24,8945],
                "A_Name":"Cotton Tree",
                "Longlat":[-10.3314,6.29094],
                "A_Upop":[0,0,21110,15000,11000,0,10977,0],
                "Metropole":"No"
                }]
}