{
    "EN_country":"Libya",
    "FR_country":"Libye",
    "ID":[3,25,0],
    "Upop":[613272,815504,1132854,1962268,3260945,4248998,4410900],
    "Urbanlevel":[0.65,0.6,0.56,0.64,0.76,0.8,0.81,0.81],
    "Numagglos":[23,25,25,31,42,52,46,46],
    "Mpop":[0.27,0.35,0.39,0.37,0.36,0.38,0.44,0.44],
    "ADBA":[47,45,66,82,57,56,62,63.2],
    "Agglomerations":[
    {
                 "ID":[3,25,44],
                "A_Name":"Tarâbulus",
                "Longlat":[13.176,32.894],
                "A_Upop":[164033,287957,437106,720385,1166480,1635596,1949325,1949325],
                "Metropole":"Yes"
                },
                  {
                 "ID":[3,25,116],
                "A_Name":"Banghâzî",
                "Longlat":[20.072,32.113],
                "A_Upop":[68762,103989,166569,249318,492035,583459,594255,594255],
                "Metropole":"No"
                },
                  {
                 "ID":[3,25,229],
                "A_Name":"Misrata",
                "Longlat":[15.143,32.393],
                "A_Upop":[29196,30428,55386,141309,213686,278865,287706,287706],
                "Metropole":"No"
                },
                  {
                 "ID":[3,25,300],
                "A_Name":"Zlîtan",
                "Longlat":[14.505,32.464],
                "A_Upop":[39356,43659,46416,105477,165322,222719,228922,228922],
                "Metropole":"No"
                },
                  {
                 "ID":[3,25,604],
                "A_Name":"Sabha",
                "Longlat":[14.413,27.052],
                "A_Upop":[0,0,21846,52057,82393,110631,115165,115165],
                "Metropole":"No"
                },
                  {
                 "ID":[3,25,684],
                "A_Name":"Ajdabiya",
                "Longlat":[20.233,30.767],
                "A_Upop":[12433,15823,30000,50000,78263,99997,102830,102830],
                "Metropole":"No"
                },
                  {
                 "ID":[3,25,700],
                "A_Name":"Tubruq",
                "Longlat":[23.958,32.078],
                "A_Upop":[10382,16108,29558,50117,72968,97042,101335,101335],
                "Metropole":"No"
                },
                  {
                 "ID":[3,25,732],
                "A_Name":"al-Bayda'",
                "Longlat":[21.74,32.766],
                "A_Upop":[0,10444,30797,53985,73899,94167,97220,97220],
                "Metropole":"No"
                },
                  {
                 "ID":[3,25,891],
                "A_Name":"Darna",
                "Longlat":[22.639,32.768],
                "A_Upop":[16079,19398,30359,49242,66688,79271,80940,80940],
                "Metropole":"No"
                },
                  {
                 "ID":[3,25,1197],
                "A_Name":"Banî Walîd",
                "Longlat":[14.088,31.83],
                "A_Upop":[21818,22090,19195,29744,48942,60703,61498,61498],
                "Metropole":"No"
                },
                  {
                 "ID":[3,25,1234],
                "A_Name":"al-Marj",
                "Longlat":[20.829,32.492],
                "A_Upop":[20890,16159,21560,36206,48649,58749,60307,60307],
                "Metropole":"No"
                },
                  {
                 "ID":[3,25,1259],
                "A_Name":"Surt",
                "Longlat":[16.586,31.21],
                "A_Upop":[13905,16507,0,11700,40849,56713,59090,59090],
                "Metropole":"No"
                },
                  {
                 "ID":[3,25,1767],
                "A_Name":"al-Jawf",
                "Longlat":[23.299,24.202],
                "A_Upop":[0,0,0,16226,28064,41585,43366,43366],
                "Metropole":"No"
                },
                  {
                 "ID":[3,25,1916],
                "A_Name":"Gharyân",
                "Longlat":[13.016,32.169],
                "A_Upop":[0,0,12068,23668,32083,38961,39930,39930],
                "Metropole":"No"
                },
                  {
                 "ID":[3,25,2251],
                "A_Name":"al-Khums",
                "Longlat":[14.261,32.652],
                "A_Upop":[15581,12577,11803,17854,27183,33679,34585,34585],
                "Metropole":"No"
                },
                  {
                 "ID":[3,25,2401],
                "A_Name":"Mislata ",
                "Longlat":[14.041,32.583],
                "A_Upop":[14023,14351,13828,17596,22775,30718,32603,32603],
                "Metropole":"No"
                },
                  {
                 "ID":[3,25,2665],
                "A_Name":"Qasr Khiyar",
                "Longlat":[13.85,32.701],
                "A_Upop":[11971,12007,10887,14136,21229,28686,29565,29565],
                "Metropole":"No"
                },
                  {
                 "ID":[3,25,2952],
                "A_Name":"az-Zintan",
                "Longlat":[12.245,31.932],
                "A_Upop":[0,0,10431,14142,21002,26521,26929,26929],
                "Metropole":"No"
                },
                  {
                 "ID":[3,25,2960],
                "A_Name":"Zuwâra",
                "Longlat":[12.107,32.921],
                "A_Upop":[0,10664,14266,18338,23244,26422,26854,26854],
                "Metropole":"No"
                },
                  {
                 "ID":[3,25,3053],
                "A_Name":"Tarhûna",
                "Longlat":[13.634,32.432],
                "A_Upop":[0,0,11751,15478,22313,26067,26025,26025],
                "Metropole":"No"
                },
                  {
                 "ID":[3,25,3085],
                "A_Name":"al-Abyâr",
                "Longlat":[20.596,32.184],
                "A_Upop":[0,12537,11164,13839,19873,25071,25745,25745],
                "Metropole":"No"
                },
                  {
                 "ID":[3,25,3303],
                "A_Name":"Awbârî",
                "Longlat":[12.771,26.59],
                "A_Upop":[0,0,0,0,12914,22165,24179,24179],
                "Metropole":"No"
                },
                  {
                 "ID":[3,25,3367],
                "A_Name":"al-Asaba",
                "Longlat":[12.89,32.06],
                "A_Upop":[0,0,0,11898,18070,23364,23766,23766],
                "Metropole":"No"
                },
                  {
                 "ID":[3,25,3570],
                "A_Name":"Shahât",
                "Longlat":[21.869,32.808],
                "A_Upop":[0,0,0,0,15081,21517,22527,22527],
                "Metropole":"No"
                },
                  {
                 "ID":[3,25,3703],
                "A_Name":"Murzuq",
                "Longlat":[13.914,25.925],
                "A_Upop":[0,0,0,0,12887,20151,21771,21771],
                "Metropole":"No"
                },
                  {
                 "ID":[3,25,3788],
                "A_Name":"Tâwurghâ",
                "Longlat":[15.065,32.006],
                "A_Upop":[0,0,0,0,14267,20624,21220,21220],
                "Metropole":"No"
                },
                  {
                 "ID":[3,25,4338],
                "A_Name":"al-Qubba",
                "Longlat":[22.238,32.76],
                "A_Upop":[0,0,0,0,13157,18151,18685,18685],
                "Metropole":"No"
                },
                  {
                 "ID":[3,25,4382],
                "A_Name":"al-Ghurayfa",
                "Longlat":[13.013,26.519],
                "A_Upop":[0,0,0,0,12889,17949,18496,18496],
                "Metropole":"No"
                },
                  {
                 "ID":[3,25,4556],
                "A_Name":"al-Burayqat al-Jadîda",
                "Longlat":[19.724,30.484],
                "A_Upop":[0,0,0,0,0,17861,17614,17614],
                "Metropole":"No"
                },
                  {
                 "ID":[3,25,4679],
                "A_Name":"Hûn",
                "Longlat":[15.944,29.121],
                "A_Upop":[0,0,0,0,0,15625,17118,17118],
                "Metropole":"No"
                },
                  {
                 "ID":[3,25,4843],
                "A_Name":"Nâlût",
                "Longlat":[10.977,31.878],
                "A_Upop":[0,0,0,0,12544,16145,16522,16522],
                "Metropole":"No"
                },
                  {
                 "ID":[3,25,5136],
                "A_Name":"Abu Zayan",
                "Longlat":[12.981,32.1],
                "A_Upop":[0,0,0,0,12720,15437,15584,15584],
                "Metropole":"No"
                },
                  {
                 "ID":[3,25,5201],
                "A_Name":"Zaltan ",
                "Longlat":[11.866,32.947],
                "A_Upop":[0,0,0,0,11199,14938,15370,15370],
                "Metropole":"No"
                },
                  {
                 "ID":[3,25,5597],
                "A_Name":"al-Karâwa",
                "Longlat":[13.724,32.756],
                "A_Upop":[0,0,0,0,11377,14048,14115,14115],
                "Metropole":"No"
                },
                  {
                 "ID":[3,25,5958],
                "A_Name":"Jâlû",
                "Longlat":[21.546,29.035],
                "A_Upop":[0,0,0,0,0,12119,13125,13125],
                "Metropole":"No"
                },
                  {
                 "ID":[3,25,6034],
                "A_Name":"Mizda al-Markaz",
                "Longlat":[12.982,31.453],
                "A_Upop":[0,0,0,0,0,12448,12954,12954],
                "Metropole":"No"
                },
                  {
                 "ID":[3,25,6084],
                "A_Name":"Umm al-Jirsân",
                "Longlat":[12.559,32.029],
                "A_Upop":[0,0,0,0,0,12759,12830,12830],
                "Metropole":"No"
                },
                  {
                 "ID":[3,25,6274],
                "A_Name":"Wadân",
                "Longlat":[16.143,29.162],
                "A_Upop":[0,0,0,0,0,11867,12399,12399],
                "Metropole":"No"
                },
                  {
                 "ID":[3,25,6339],
                "A_Name":"Birak",
                "Longlat":[14.276,27.547],
                "A_Upop":[0,0,0,0,10209,11643,12238,12238],
                "Metropole":"No"
                },
                  {
                 "ID":[3,25,6482],
                "A_Name":"al-Sidra",
                "Longlat":[18.418,30.585],
                "A_Upop":[0,0,0,0,0,11579,11972,11972],
                "Metropole":"No"
                },
                  {
                 "ID":[3,25,6813],
                "A_Name":"Tamzawah",
                "Longlat":[14.219,27.571],
                "A_Upop":[0,0,0,0,0,11010,11278,11278],
                "Metropole":"No"
                },
                  {
                 "ID":[3,25,6856],
                "A_Name":"Ghât",
                "Longlat":[10.175,24.961],
                "A_Upop":[0,0,0,0,0,10587,11183,11183],
                "Metropole":"No"
                },
                  {
                 "ID":[3,25,7194],
                "A_Name":"al-Farjân",
                "Longlat":[13.851,32.577],
                "A_Upop":[0,0,0,0,0,10409,10598,10598],
                "Metropole":"No"
                },
                  {
                 "ID":[3,25,7195],
                "A_Name":"al-'Amâmara",
                "Longlat":[14.116,32.534],
                "A_Upop":[0,0,0,0,0,10441,10594,10594],
                "Metropole":"No"
                },
                  {
                 "ID":[3,25,7227],
                "A_Name":"Sulûq",
                "Longlat":[20.242,31.662],
                "A_Upop":[10758,10984,0,0,0,10269,10526,10526],
                "Metropole":"No"
                },
                  {
                 "ID":[3,25,7587],
                "A_Name":"al-'Aqûriya ",
                "Longlat":[20.577,32.533],
                "A_Upop":[0,0,0,0,0,0,10040,10040],
                "Metropole":"No"
                },
                  {
                 "ID":[3,25,7663],
                "A_Name":"Sabrâta",
                "Longlat":[12.486,32.792],
                "A_Upop":[16648,17627,25670,38938,54519,69505,0,0],
                "Metropole":"No"
                },
                  {
                 "ID":[3,25,7666],
                "A_Name":"al-'Ajaylat",
                "Longlat":[12.366,32.758],
                "A_Upop":[13362,19424,24245,36698,54622,68108,0,0],
                "Metropole":"No"
                },
                  {
                 "ID":[3,25,7749],
                "A_Name":"al-Jumayl",
                "Longlat":[12.123,32.81],
                "A_Upop":[0,0,0,16374,25541,33171,0,0],
                "Metropole":"No"
                },
                  {
                 "ID":[3,25,7878],
                "A_Name":"Hamdûn",
                "Longlat":[11.963,32.898],
                "A_Upop":[0,0,0,0,14473,18587,0,0],
                "Metropole":"No"
                },
                  {
                 "ID":[3,25,7923],
                "A_Name":"al-Nâsriya",
                "Longlat":[12.826,32.608],
                "A_Upop":[0,0,0,0,12131,16080,0,0],
                "Metropole":"No"
                },
                  {
                 "ID":[3,25,7958],
                "A_Name":"Sh'ayb",
                "Longlat":[12.057,32.849],
                "A_Upop":[0,0,0,0,10650,14512,0,0],
                "Metropole":"No"
                },
                  {
                 "ID":[3,25,8130],
                "A_Name":"al-Manshiya",
                "Longlat":[11.982,32.86],
                "A_Upop":[0,0,0,0,0,10305,0,0],
                "Metropole":"No"
                },
                  {
                 "ID":[3,25,8219],
                "A_Name":"al- 'Aziziyah",
                "Longlat":[13.052,32.556],
                "A_Upop":[0,0,0,23165,0,0,0,0],
                "Metropole":"No"
                },
                  {
                 "ID":[3,25,8220],
                "A_Name":"al-Hurshâ",
                "Longlat":[12.671,32.762],
                "A_Upop":[0,0,14378,20829,31163,0,0,0],
                "Metropole":"No"
                },
                  {
                 "ID":[3,25,8221],
                "A_Name":"al-Mahjûb",
                "Longlat":[14.939,32.395],
                "A_Upop":[18145,23017,0,0,0,0,0,0],
                "Metropole":"No"
                },
                  {
                 "ID":[3,25,8222],
                "A_Name":"al-Quwârsha",
                "Longlat":[20.072,32.027],
                "A_Upop":[0,0,0,11056,0,0,0,0],
                "Metropole":"No"
                },
                  {
                 "ID":[3,25,8223],
                "A_Name":"al-Zahrâ'",
                "Longlat":[12.878,32.676],
                "A_Upop":[0,10863,0,10311,0,0,0,0],
                "Metropole":"No"
                },
                  {
                 "ID":[3,25,8224],
                "A_Name":"al-Zâwiyya",
                "Longlat":[12.717,32.762],
                "A_Upop":[31771,30750,38890,64187,92325,0,0,0],
                "Metropole":"No"
                },
                  {
                 "ID":[3,25,8225],
                "A_Name":"Janzûr",
                "Longlat":[13.017,32.826],
                "A_Upop":[20552,0,0,0,0,0,0,0],
                "Metropole":"No"
                },
                  {
                 "ID":[3,25,8226],
                "A_Name":"Qasr Bin Ghashîr",
                "Longlat":[13.123,32.67],
                "A_Upop":[14500,19000,0,0,0,0,0,0],
                "Metropole":"No"
                },
                  {
                 "ID":[3,25,8227],
                "A_Name":"Sûq al-Khamîs",
                "Longlat":[14.317,32.61],
                "A_Upop":[19431,21094,24414,0,0,0,0,0],
                "Metropole":"No"
                },
                  {
                 "ID":[3,25,8228],
                "A_Name":"Surmân",
                "Longlat":[12.586,32.758],
                "A_Upop":[15356,18045,20269,27996,40266,0,0,0],
                "Metropole":"No"
                },
                  {
                "ID":[3,25,8229],
                "A_Name":"Tâjûrâ'",
                "Longlat":[13.334,32.89],
                "A_Upop":[14317,0,0,0,0,0,0,0],
                "Metropole":"No"
                }]
}