{
    "EN_country":"Malawi",
    "FR_country":"Malawi",
    "ID":[4,31,0],
    "Upop":[24483,100393,207878,451273,879043,1423804,3774299],
    "Urbanlevel":[0.01,0.03,0.05,0.07,0.1,0.14,0.27,0.3],
    "Numagglos":[1,3,4,6,13,19,65,77],
    "Mpop":[1,0.87,0.85,0.83,0.74,0.69,0.44,0.45],
    "ADBA":[0,114,156,119,82,60,23,21.6],
    "Agglomerations":[
    {
                 "ID":[4,31,63],
                "A_Name":"Lilongwe",
                "Longlat":[33.619,-13.982],
                "A_Upop":[0,10974,35083,127887,278034,460886,802256,1124965],
                "Metropole":"Yes"
                },
                  {
                 "ID":[4,31,68],
                "A_Name":"Blantyre",
                "Longlat":[35.021,-15.764],
                "A_Upop":[24483,76312,140860,248031,371305,526871,849573,1057790],
                "Metropole":"Yes"
                },
                  {
                 "ID":[4,31,230],
                "A_Name":"Zomba",
                "Longlat":[35.32,-15.393],
                "A_Upop":[0,13106,21218,28759,48213,69246,224394,283884],
                "Metropole":"No"
                },
                  {
                 "ID":[4,31,289],
                "A_Name":"Mzuzu",
                "Longlat":[34.008,-11.443],
                "A_Upop":[0,0,10716,21811,53195,93119,147718,235582],
                "Metropole":"No"
                },
                  {
                 "ID":[4,31,676],
                "A_Name":"Mpama/Likoswe UA",
                "Longlat":[35.138,-15.828],
                "A_Upop":[0,0,0,0,0,0,97410,104215],
                "Metropole":"No"
                },
                  {
                 "ID":[4,31,791],
                "A_Name":"Nkanda/Chikumbu UA",
                "Longlat":[35.497,-15.885],
                "A_Upop":[0,0,0,0,0,0,84602,90190],
                "Metropole":"No"
                },
                  {
                 "ID":[4,31,822],
                "A_Name":"Kasungu",
                "Longlat":[33.499,-13.043],
                "A_Upop":[0,0,0,0,14016,29884,70720,85824],
                "Metropole":"No"
                },
                  {
                 "ID":[4,31,985],
                "A_Name":"Salima",
                "Longlat":[34.448,-13.778],
                "A_Upop":[0,0,0,0,12670,21398,63440,73778],
                "Metropole":"No"
                },
                  {
                 "ID":[4,31,1106],
                "A_Name":"Karonga",
                "Longlat":[33.905,-9.97],
                "A_Upop":[0,0,0,13951,21587,29775,57228,66954],
                "Metropole":"No"
                },
                  {
                 "ID":[4,31,1119],
                "A_Name":"Liwonde",
                "Longlat":[35.223,-15.07],
                "A_Upop":[0,0,0,0,10207,16821,56693,66178],
                "Metropole":"No"
                },
                  {
                 "ID":[4,31,1193],
                "A_Name":"Balaka",
                "Longlat":[34.955,-14.98],
                "A_Upop":[0,0,0,0,10278,15431,53007,61833],
                "Metropole":"No"
                },
                  {
                 "ID":[4,31,1266],
                "A_Name":"Mangochi",
                "Longlat":[35.251,-14.474],
                "A_Upop":[0,0,0,0,17810,28463,49489,58824],
                "Metropole":"No"
                },
                  {
                 "ID":[4,31,1352],
                "A_Name":"Luchenza",
                "Longlat":[35.304,-16.006],
                "A_Upop":[0,0,0,0,0,0,51653,55320],
                "Metropole":"No"
                },
                  {
                 "ID":[4,31,1441],
                "A_Name":"Bvumbwe UA",
                "Longlat":[35.099,-15.921],
                "A_Upop":[0,0,0,0,0,0,47881,51899],
                "Metropole":"No"
                },
                  {
                 "ID":[4,31,1445],
                "A_Name":"Phalombe",
                "Longlat":[35.668,-15.755],
                "A_Upop":[0,0,0,0,0,0,45766,51809],
                "Metropole":"No"
                },
                  {
                 "ID":[4,31,1465],
                "A_Name":"Nkopola UA",
                "Longlat":[35.186,-14.377],
                "A_Upop":[0,0,0,0,0,0,42949,51050],
                "Metropole":"No"
                },
                  {
                 "ID":[4,31,1584],
                "A_Name":"Phodgoma UA",
                "Longlat":[35.755,-15.84],
                "A_Upop":[0,0,0,0,0,0,42053,47607],
                "Metropole":"No"
                },
                  {
                 "ID":[4,31,1736],
                "A_Name":"Ntcheu",
                "Longlat":[34.634,-14.813],
                "A_Upop":[0,0,0,0,0,0,38417,43998],
                "Metropole":"No"
                },
                  {
                 "ID":[4,31,1792],
                "A_Name":"Nkhotakota",
                "Longlat":[34.281,-12.93],
                "A_Upop":[0,0,0,10835,13776,20120,36589,42786],
                "Metropole":"No"
                },
                  {
                 "ID":[4,31,1793],
                "A_Name":"Mzimba",
                "Longlat":[33.595,-11.911],
                "A_Upop":[0,0,0,0,0,14770,36930,42784],
                "Metropole":"No"
                },
                  {
                 "ID":[4,31,1873],
                "A_Name":"Lumbadzi",
                "Longlat":[33.816,-13.759],
                "A_Upop":[0,0,0,0,0,13011,30881,40811],
                "Metropole":"No"
                },
                  {
                 "ID":[4,31,1979],
                "A_Name":"South of Mabuka UA",
                "Longlat":[35.523,-16.112],
                "A_Upop":[0,0,0,0,0,0,36647,39067],
                "Metropole":"No"
                },
                  {
                 "ID":[4,31,2007],
                "A_Name":"Mchinji",
                "Longlat":[32.89,-13.796],
                "A_Upop":[0,0,0,0,0,12220,32400,38667],
                "Metropole":"No"
                },
                  {
                 "ID":[4,31,2055],
                "A_Name":"Dedza",
                "Longlat":[34.324,-14.397],
                "A_Upop":[0,0,0,0,16362,16180,33741,37826],
                "Metropole":"No"
                },
                  {
                 "ID":[4,31,2086],
                "A_Name":"Mulanje",
                "Longlat":[35.519,-16.058],
                "A_Upop":[0,0,0,0,0,13062,34869,37172],
                "Metropole":"No"
                },
                  {
                 "ID":[4,31,2191],
                "A_Name":"Chikwawa",
                "Longlat":[34.818,-16.06],
                "A_Upop":[0,0,0,0,0,0,30531,35293],
                "Metropole":"No"
                },
                  {
                 "ID":[4,31,2333],
                "A_Name":"Mponela",
                "Longlat":[33.735,-13.537],
                "A_Upop":[0,0,0,0,0,10513,26899,33507],
                "Metropole":"No"
                },
                  {
                 "ID":[4,31,2484],
                "A_Name":"Chintheche UA",
                "Longlat":[34.165,-11.843],
                "A_Upop":[0,0,0,0,0,0,26929,31540],
                "Metropole":"No"
                },
                  {
                 "ID":[4,31,2525],
                "A_Name":"Uliwa UA",
                "Longlat":[34.232,-10.437],
                "A_Upop":[0,0,0,0,0,0,26593,31111],
                "Metropole":"No"
                },
                  {
                 "ID":[4,31,2552],
                "A_Name":"Bangula UA",
                "Longlat":[35.133,-16.597],
                "A_Upop":[0,0,0,0,0,0,27392,30830],
                "Metropole":"No"
                },
                  {
                 "ID":[4,31,2567],
                "A_Name":"Nsanje",
                "Longlat":[35.261,-16.902],
                "A_Upop":[0,0,0,0,11590,17436,27258,30679],
                "Metropole":"No"
                },
                  {
                 "ID":[4,31,2617],
                "A_Name":"Chitipa",
                "Longlat":[33.275,-9.701],
                "A_Upop":[0,0,0,0,0,0,26319,30127],
                "Metropole":"No"
                },
                  {
                 "ID":[4,31,2637],
                "A_Name":"Ntchisi",
                "Longlat":[33.917,-13.357],
                "A_Upop":[0,0,0,0,0,0,25274,29906],
                "Metropole":"No"
                },
                  {
                 "ID":[4,31,2932],
                "A_Name":"Mwanza",
                "Longlat":[34.527,-15.613],
                "A_Upop":[0,0,0,0,0,0,25055,27086],
                "Metropole":"No"
                },
                  {
                 "ID":[4,31,3118],
                "A_Name":"Rhumpi",
                "Longlat":[33.847,-11.015],
                "A_Upop":[0,0,0,0,0,14597,22345,25458],
                "Metropole":"No"
                },
                  {
                 "ID":[4,31,3447],
                "A_Name":"Mitundu UA",
                "Longlat":[33.775,-14.254],
                "A_Upop":[0,0,0,0,0,0,20698,23271],
                "Metropole":"No"
                },
                  {
                 "ID":[4,31,3507],
                "A_Name":"Neno",
                "Longlat":[34.652,-15.395],
                "A_Upop":[0,0,0,0,0,0,21231,22952],
                "Metropole":"No"
                },
                  {
                 "ID":[4,31,3546],
                "A_Name":"Nayuchi UA",
                "Longlat":[35.774,-14.96],
                "A_Upop":[0,0,0,0,0,0,19518,22722],
                "Metropole":"No"
                },
                  {
                 "ID":[4,31,3620],
                "A_Name":"Senga UA",
                "Longlat":[34.604,-13.751],
                "A_Upop":[0,0,0,0,0,0,19141,22259],
                "Metropole":"No"
                },
                  {
                 "ID":[4,31,3641],
                "A_Name":"Thyolo",
                "Longlat":[35.145,-16.084],
                "A_Upop":[0,0,0,0,0,0,20446,22161],
                "Metropole":"No"
                },
                  {
                 "ID":[4,31,3657],
                "A_Name":"Maganaa UA",
                "Longlat":[34.525,-13.831],
                "A_Upop":[0,0,0,0,0,0,18963,22053],
                "Metropole":"No"
                },
                  {
                 "ID":[4,31,3826],
                "A_Name":"Dowa",
                "Longlat":[33.937,-13.65],
                "A_Upop":[0,0,0,0,0,0,16879,21023],
                "Metropole":"No"
                },
                  {
                 "ID":[4,31,3923],
                "A_Name":"Ndamera UA",
                "Longlat":[35.221,-17.109],
                "A_Upop":[0,0,0,0,0,0,18205,20491],
                "Metropole":"No"
                },
                  {
                 "ID":[4,31,3986],
                "A_Name":"Ekwendeni UA",
                "Longlat":[33.881,-11.373],
                "A_Upop":[0,0,0,0,0,0,17420,20181],
                "Metropole":"No"
                },
                  {
                 "ID":[4,31,3998],
                "A_Name":"Malindi/Mizingo UA",
                "Longlat":[35.29,-14.342],
                "A_Upop":[0,0,0,0,0,0,16933,20126],
                "Metropole":"No"
                },
                  {
                 "ID":[4,31,4241],
                "A_Name":"Ngabu",
                "Longlat":[34.875,-16.466],
                "A_Upop":[0,0,0,0,0,0,16544,19125],
                "Metropole":"No"
                },
                  {
                 "ID":[4,31,4322],
                "A_Name":"Madisi",
                "Longlat":[33.608,-13.417],
                "A_Upop":[0,0,0,0,0,0,15058,18755],
                "Metropole":"No"
                },
                  {
                 "ID":[4,31,4407],
                "A_Name":"Thornwood UA",
                "Longlat":[35.704,-16.077],
                "A_Upop":[0,0,0,0,0,0,17251,18391],
                "Metropole":"No"
                },
                  {
                 "ID":[4,31,4520],
                "A_Name":"Dwangwa UA",
                "Longlat":[34.108,-12.496],
                "A_Upop":[0,0,0,0,0,0,15239,17820],
                "Metropole":"No"
                },
                  {
                 "ID":[4,31,4900],
                "A_Name":"Nkotakata UA",
                "Longlat":[33.046,-13.835],
                "A_Upop":[0,0,0,0,0,0,13700,16350],
                "Metropole":"No"
                },
                  {
                 "ID":[4,31,5042],
                "A_Name":"Nchalo UA",
                "Longlat":[34.859,-16.266],
                "A_Upop":[0,0,0,0,0,0,13770,15918],
                "Metropole":"No"
                },
                  {
                 "ID":[4,31,5075],
                "A_Name":"Lukwa UA",
                "Longlat":[35.273,-16.746],
                "A_Upop":[0,0,0,0,0,0,14029,15789],
                "Metropole":"No"
                },
                  {
                 "ID":[4,31,5125],
                "A_Name":"Mkanda UA",
                "Longlat":[32.959,-13.524],
                "A_Upop":[0,0,0,0,0,0,13078,15608],
                "Metropole":"No"
                },
                  {
                 "ID":[4,31,5388],
                "A_Name":"Ngabu UA",
                "Longlat":[35.215,-16.973],
                "A_Upop":[0,0,0,0,0,0,13086,14728],
                "Metropole":"No"
                },
                  {
                 "ID":[4,31,5578],
                "A_Name":"Nkhata bay",
                "Longlat":[34.274,-11.61],
                "A_Upop":[0,0,0,0,0,0,12100,14172],
                "Metropole":"No"
                },
                  {
                 "ID":[4,31,5634],
                "A_Name":"Kadozo UA",
                "Longlat":[35.164,-16.529],
                "A_Upop":[0,0,0,0,0,0,12441,14002],
                "Metropole":"No"
                },
                  {
                 "ID":[4,31,5846],
                "A_Name":"Kamange UA",
                "Longlat":[33.176,-13.791],
                "A_Upop":[0,0,0,0,0,0,11245,13419],
                "Metropole":"No"
                },
                  {
                 "ID":[4,31,5911],
                "A_Name":"Malomo UA",
                "Longlat":[33.833,-13.141],
                "A_Upop":[0,0,0,0,0,0,11191,13243],
                "Metropole":"No"
                },
                  {
                 "ID":[4,31,5973],
                "A_Name":"Kasankha UA",
                "Longlat":[34.862,-14.118],
                "A_Upop":[0,0,0,0,0,0,11007,13084],
                "Metropole":"No"
                },
                  {
                 "ID":[4,31,5986],
                "A_Name":"Bereu UA",
                "Longlat":[34.86,-16.149],
                "A_Upop":[0,0,0,0,0,0,11292,13053],
                "Metropole":"No"
                },
                  {
                 "ID":[4,31,6185],
                "A_Name":"Dzaleka UA",
                "Longlat":[33.873,-13.662],
                "A_Upop":[0,0,0,0,0,0,10092,12571],
                "Metropole":"No"
                },
                  {
                 "ID":[4,31,6407],
                "A_Name":"Makoko UA",
                "Longlat":[35.219,-17.034],
                "A_Upop":[0,0,0,0,0,0,10763,12114],
                "Metropole":"No"
                },
                  {
                 "ID":[4,31,6477],
                "A_Name":"Nkwazi UA",
                "Longlat":[33.23,-13.921],
                "A_Upop":[0,0,0,0,0,0,10042,11985],
                "Metropole":"No"
                },
                  {
                 "ID":[4,31,6593],
                "A_Name":"MWI3081388",
                "Longlat":[35.603,-16.103],
                "A_Upop":[0,0,0,0,0,0,10989,11714],
                "Metropole":"No"
                },
                  {
                 "ID":[4,31,6615],
                "A_Name":"Mposa UA",
                "Longlat":[35.511,-15.159],
                "A_Upop":[0,0,0,0,0,0,10048,11697],
                "Metropole":"No"
                },
                  {
                 "ID":[4,31,6679],
                "A_Name":"Makanjila UA",
                "Longlat":[35.041,-13.71],
                "A_Upop":[0,0,0,0,0,0,0,11547],
                "Metropole":"No"
                },
                  {
                 "ID":[4,31,6715],
                "A_Name":"Miseu Folo UA",
                "Longlat":[34.853,-16.404],
                "A_Upop":[0,0,0,0,0,0,0,11488],
                "Metropole":"No"
                },
                  {
                 "ID":[4,31,6853],
                "A_Name":"Nsangwe UA",
                "Longlat":[34.98,-16.522],
                "A_Upop":[0,0,0,0,0,0,0,11193],
                "Metropole":"No"
                },
                  {
                 "ID":[4,31,7049],
                "A_Name":"Lirangwe UA",
                "Longlat":[35.027,-15.536],
                "A_Upop":[0,0,0,0,0,0,0,10880],
                "Metropole":"No"
                },
                  {
                 "ID":[4,31,7111],
                "A_Name":"Bunda UA",
                "Longlat":[33.761,-14.196],
                "A_Upop":[0,0,0,0,0,0,0,10718],
                "Metropole":"No"
                },
                  {
                 "ID":[4,31,7135],
                "A_Name":"Dzoole UA",
                "Longlat":[33.489,-14.028],
                "A_Upop":[0,0,0,0,0,0,0,10691],
                "Metropole":"No"
                },
                  {
                 "ID":[4,31,7228],
                "A_Name":"Timbiri",
                "Longlat":[34.191,-11.544],
                "A_Upop":[0,0,0,0,0,0,0,10522],
                "Metropole":"No"
                },
                  {
                 "ID":[4,31,7262],
                "A_Name":"Chipoka UA",
                "Longlat":[34.513,-13.996],
                "A_Upop":[0,0,0,0,0,0,0,10486],
                "Metropole":"No"
                },
                  {
                 "ID":[4,31,7315],
                "A_Name":"Bweteka",
                "Longlat":[34.222,-11.246],
                "A_Upop":[0,0,0,0,0,0,0,10412],
                "Metropole":"No"
                },
                  {
                 "ID":[4,31,7358],
                "A_Name":"Jombo UA",
                "Longlat":[34.849,-16.348],
                "A_Upop":[0,0,0,0,0,0,0,10343],
                "Metropole":"No"
                },
                  {
                 "ID":[4,31,7376],
                "A_Name":"Mponda UA",
                "Longlat":[35.272,-14.402],
                "A_Upop":[0,0,0,0,0,0,0,10319],
                "Metropole":"No"
                },
                  {
                "ID":[4,31,7413],
                "A_Name":"Nkhoma UA",
                "Longlat":[34.106,-14.042],
                "A_Upop":[0,0,0,0,0,0,0,10273],
                "Metropole":"No"
                }]
}