{
    "EN_country":"Mali",
    "FR_country":"Mali",
    "ID":[5,28,0],
    "Upop":[152773,216075,444127,975442,1467165,2466787,4552844],
    "Urbanlevel":[0.04,0.05,0.09,0.15,0.18,0.23,0.3,0.32],
    "Numagglos":[5,5,14,18,24,41,79,94],
    "Mpop":[0.54,0.59,0.45,0.51,0.51,0.5,0.48,0.49],
    "ADBA":[267,267,135,108,93,65,39,38.8],
    "Agglomerations":[
    {
                 "ID":[5,28,27],
                "A_Name":"Bamako",
                "Longlat":[-7.939,12.631],
                "A_Upop":[82834,128323,202016,494032,747828,1234187,2196074,2781734],
                "Metropole":"Yes"
                },
                  {
                 "ID":[5,28,236],
                "A_Name":"Sikasso",
                "Longlat":[-5.665,11.319],
                "A_Upop":[17521,21046,24901,55023,87024,150835,237961,279161],
                "Metropole":"No"
                },
                  {
                 "ID":[5,28,328],
                "A_Name":"Ségou",
                "Longlat":[-6.263,13.425],
                "A_Upop":[15194,20857,34092,72913,92519,115438,183140,214840],
                "Metropole":"No"
                },
                  {
                 "ID":[5,28,357],
                "A_Name":"Koutiala",
                "Longlat":[-5.47,12.384],
                "A_Upop":[0,0,13670,33582,55163,87121,159039,198426],
                "Metropole":"No"
                },
                  {
                 "ID":[5,28,400],
                "A_Name":"Kayes",
                "Longlat":[-11.449,14.442],
                "A_Upop":[26824,28935,31915,49993,55029,80553,144635,176849],
                "Metropole":"No"
                },
                  {
                 "ID":[5,28,662],
                "A_Name":"Gao",
                "Longlat":[-0.025,16.265],
                "A_Upop":[0,0,14619,37698,53144,57862,90285,105890],
                "Metropole":"No"
                },
                  {
                 "ID":[5,28,853],
                "A_Name":"Mopti (centre)",
                "Longlat":[-4.193,14.493],
                "A_Upop":[0,0,0,0,0,35043,53448,84001],
                "Metropole":"No"
                },
                  {
                 "ID":[5,28,877],
                "A_Name":"San",
                "Longlat":[-4.902,13.292],
                "A_Upop":[0,0,15577,25835,34466,50214,70016,82135],
                "Metropole":"No"
                },
                  {
                 "ID":[5,28,1014],
                "A_Name":"Bougouni",
                "Longlat":[-7.484,11.424],
                "A_Upop":[0,0,0,19073,25732,40954,61203,71800],
                "Metropole":"No"
                },
                  {
                 "ID":[5,28,1102],
                "A_Name":"Tombouctou",
                "Longlat":[-3.004,16.77],
                "A_Upop":[0,0,11149,23083,31338,33672,57116,67032],
                "Metropole":"No"
                },
                  {
                 "ID":[5,28,1117],
                "A_Name":"Mopti-Sevare",
                "Longlat":[-4.101,14.535],
                "A_Upop":[0,0,0,0,0,35043,53448,66302],
                "Metropole":"No"
                },
                  {
                 "ID":[5,28,1229],
                "A_Name":"Niono-Socoura",
                "Longlat":[-5.985,14.252],
                "A_Upop":[0,0,0,12449,20365,34079,42043,60432],
                "Metropole":"No"
                },
                  {
                 "ID":[5,28,1238],
                "A_Name":"Kita",
                "Longlat":[-9.494,13.045],
                "A_Upop":[0,0,10946,19296,25069,34800,51276,60147],
                "Metropole":"No"
                },
                  {
                 "ID":[5,28,1466],
                "A_Name":"Koulikoro",
                "Longlat":[-7.564,12.874],
                "A_Upop":[0,0,13467,17694,22698,30939,43496,51030],
                "Metropole":"No"
                },
                  {
                 "ID":[5,28,1684],
                "A_Name":"Fana",
                "Longlat":[-6.959,12.78],
                "A_Upop":[0,0,0,0,14480,23054,38532,45206],
                "Metropole":"No"
                },
                  {
                 "ID":[5,28,1854],
                "A_Name":"Nioro",
                "Longlat":[-9.592,15.237],
                "A_Upop":[0,0,12359,15164,18812,24235,35225,41319],
                "Metropole":"No"
                },
                  {
                 "ID":[5,28,2321],
                "A_Name":"Bourem",
                "Longlat":[-0.348,16.953],
                "A_Upop":[0,0,0,0,0,22379,28740,33707],
                "Metropole":"No"
                },
                  {
                 "ID":[5,28,2381],
                "A_Name":"Massiogo",
                "Longlat":[-6.109,10.306],
                "A_Upop":[0,0,0,0,0,0,28024,32877],
                "Metropole":"No"
                },
                  {
                 "ID":[5,28,2435],
                "A_Name":"Djenne",
                "Longlat":[-4.558,13.905],
                "A_Upop":[0,0,10188,10921,13836,20774,27463,32211],
                "Metropole":"No"
                },
                  {
                 "ID":[5,28,2461],
                "A_Name":"Kidal",
                "Longlat":[1.41,18.439],
                "A_Upop":[0,0,0,0,0,13264,27151,31820],
                "Metropole":"No"
                },
                  {
                 "ID":[5,28,2594],
                "A_Name":"Kadiolo",
                "Longlat":[-5.76,10.556],
                "A_Upop":[0,0,0,0,0,13119,25876,30356],
                "Metropole":"No"
                },
                  {
                 "ID":[5,28,2670],
                "A_Name":"Diamarabougou",
                "Longlat":[-6.067,13.688],
                "A_Upop":[0,0,0,0,0,19221,25125,29475],
                "Metropole":"No"
                },
                  {
                 "ID":[5,28,2675],
                "A_Name":"Douentza",
                "Longlat":[-2.954,15.006],
                "A_Upop":[0,0,0,0,11138,14862,25098,29437],
                "Metropole":"No"
                },
                  {
                 "ID":[5,28,2758],
                "A_Name":"Mopti-Medina Coura",
                "Longlat":[-4.161,14.463],
                "A_Upop":[10400,16915,36315,38755,49108,49030,67558,28782],
                "Metropole":"No"
                },
                  {
                 "ID":[5,28,2956],
                "A_Name":"Bla",
                "Longlat":[-5.755,12.951],
                "A_Upop":[0,0,0,0,10629,14358,22912,26878],
                "Metropole":"No"
                },
                  {
                 "ID":[5,28,3064],
                "A_Name":"Dalabala",
                "Longlat":[-8.195,11.646],
                "A_Upop":[0,0,0,0,0,13649,20415,25959],
                "Metropole":"No"
                },
                  {
                 "ID":[5,28,3163],
                "A_Name":"Zegoua",
                "Longlat":[-5.652,10.489],
                "A_Upop":[0,0,0,0,0,0,21429,25139],
                "Metropole":"No"
                },
                  {
                 "ID":[5,28,3188],
                "A_Name":"Dire",
                "Longlat":[-3.4,16.263],
                "A_Upop":[0,0,0,10565,13043,14621,21263,24954],
                "Metropole":"No"
                },
                  {
                 "ID":[5,28,3714],
                "A_Name":"Magnadoue",
                "Longlat":[-0.05,16.388],
                "A_Upop":[0,0,0,0,0,0,0,21699],
                "Metropole":"No"
                },
                  {
                 "ID":[5,28,3717],
                "A_Name":"Fatao",
                "Longlat":[-9.545,14.316],
                "A_Upop":[0,0,0,0,0,11469,18437,21627],
                "Metropole":"No"
                },
                  {
                 "ID":[5,28,3802],
                "A_Name":"Dioro",
                "Longlat":[-5.838,13.68],
                "A_Upop":[0,0,0,0,13364,16029,18015,21133],
                "Metropole":"No"
                },
                  {
                 "ID":[5,28,3821],
                "A_Name":"Bandiagara",
                "Longlat":[-3.604,14.357],
                "A_Upop":[0,0,0,0,11790,20196,17948,21051],
                "Metropole":"No"
                },
                  {
                 "ID":[5,28,3828],
                "A_Name":"Dougabougou",
                "Longlat":[-6.12,13.82],
                "A_Upop":[0,0,0,0,0,12313,17906,21005],
                "Metropole":"No"
                },
                  {
                 "ID":[5,28,3866],
                "A_Name":"Ouelessebougou",
                "Longlat":[-7.907,12.006],
                "A_Upop":[0,0,0,0,0,10339,17730,20801],
                "Metropole":"No"
                },
                  {
                 "ID":[5,28,4125],
                "A_Name":"Koro",
                "Longlat":[-3.082,14.072],
                "A_Upop":[0,0,0,0,10011,12208,16749,19645],
                "Metropole":"No"
                },
                  {
                 "ID":[5,28,4173],
                "A_Name":"Yanfolila",
                "Longlat":[-8.15,11.174],
                "A_Upop":[0,0,0,0,0,0,16550,19415],
                "Metropole":"No"
                },
                  {
                 "ID":[5,28,4191],
                "A_Name":"Siribala Coro",
                "Longlat":[-6.062,14.05],
                "A_Upop":[0,0,0,0,0,11121,16483,19336],
                "Metropole":"No"
                },
                  {
                 "ID":[5,28,4305],
                "A_Name":"Banamba",
                "Longlat":[-7.444,13.547],
                "A_Upop":[0,0,0,0,0,12166,16047,18826],
                "Metropole":"No"
                },
                  {
                 "ID":[5,28,4318],
                "A_Name":"Nara",
                "Longlat":[-7.287,15.167],
                "A_Upop":[0,0,0,0,0,10444,16007,18780],
                "Metropole":"No"
                },
                  {
                 "ID":[5,28,4326],
                "A_Name":"Dioila",
                "Longlat":[-6.803,12.491],
                "A_Upop":[0,0,0,0,0,10198,15963,18728],
                "Metropole":"No"
                },
                  {
                 "ID":[5,28,4412],
                "A_Name":"Ansongo Dioula",
                "Longlat":[0.508,15.663],
                "A_Upop":[0,0,0,0,0,0,0,18374],
                "Metropole":"No"
                },
                  {
                 "ID":[5,28,4430],
                "A_Name":"Koury",
                "Longlat":[-4.799,12.177],
                "A_Upop":[0,0,0,0,0,10312,15594,18294],
                "Metropole":"No"
                },
                  {
                 "ID":[5,28,4576],
                "A_Name":"Touba",
                "Longlat":[-7.381,13.462],
                "A_Upop":[0,0,0,0,0,12703,14963,17554],
                "Metropole":"No"
                },
                  {
                 "ID":[5,28,4635],
                "A_Name":"Diabaly",
                "Longlat":[-6.021,14.689],
                "A_Upop":[0,0,0,0,0,0,10650,17312],
                "Metropole":"No"
                },
                  {
                 "ID":[5,28,4773],
                "A_Name":"Dinangourou",
                "Longlat":[-2.246,14.45],
                "A_Upop":[0,0,0,0,0,0,14333,16811],
                "Metropole":"No"
                },
                  {
                 "ID":[5,28,4910],
                "A_Name":"Kokobougou",
                "Longlat":[-8.032,13.571],
                "A_Upop":[0,0,0,0,0,10150,13911,16320],
                "Metropole":"No"
                },
                  {
                 "ID":[5,28,4955],
                "A_Name":"Kolondieba",
                "Longlat":[-6.892,11.091],
                "A_Upop":[0,0,0,0,0,0,13779,16165],
                "Metropole":"No"
                },
                  {
                 "ID":[5,28,5089],
                "A_Name":"Diema",
                "Longlat":[-9.19,14.544],
                "A_Upop":[0,0,0,0,0,0,13403,15721],
                "Metropole":"No"
                },
                  {
                 "ID":[5,28,5156],
                "A_Name":"Toya",
                "Longlat":[-10.722,15.13],
                "A_Upop":[0,0,0,0,0,0,13220,15507],
                "Metropole":"No"
                },
                  {
                 "ID":[5,28,5179],
                "A_Name":"Goundam",
                "Longlat":[-3.667,16.417],
                "A_Upop":[0,0,0,11437,12001,0,13159,15444],
                "Metropole":"No"
                },
                  {
                 "ID":[5,28,5216],
                "A_Name":"Baraoueli",
                "Longlat":[-6.832,13.069],
                "A_Upop":[0,0,0,0,0,10367,13061,15321],
                "Metropole":"No"
                },
                  {
                 "ID":[5,28,5219],
                "A_Name":"Trougoumbe",
                "Longlat":[-9.229,15.264],
                "A_Upop":[0,0,0,0,0,10455,13057,15315],
                "Metropole":"No"
                },
                  {
                 "ID":[5,28,5299],
                "A_Name":"Konna",
                "Longlat":[-3.89,14.944],
                "A_Upop":[0,0,0,0,0,0,10343,15008],
                "Metropole":"No"
                },
                  {
                 "ID":[5,28,5362],
                "A_Name":"Mahou",
                "Longlat":[-4.632,12.133],
                "A_Upop":[0,0,0,0,0,0,12636,14824],
                "Metropole":"No"
                },
                  {
                 "ID":[5,28,5379],
                "A_Name":"Bankass",
                "Longlat":[-3.52,14.077],
                "A_Upop":[0,0,0,0,0,0,0,14762],
                "Metropole":"No"
                },
                  {
                 "ID":[5,28,5382],
                "A_Name":"Tonka",
                "Longlat":[-3.748,16.14],
                "A_Upop":[0,0,0,0,0,0,12571,14754],
                "Metropole":"No"
                },
                  {
                 "ID":[5,28,5414],
                "A_Name":"Macina",
                "Longlat":[-5.357,13.965],
                "A_Upop":[0,0,0,0,0,0,12513,14679],
                "Metropole":"No"
                },
                  {
                 "ID":[5,28,5508],
                "A_Name":"Kenieba",
                "Longlat":[-11.23,12.843],
                "A_Upop":[0,0,0,0,0,0,12276,14399],
                "Metropole":"No"
                },
                  {
                 "ID":[5,28,5558],
                "A_Name":"Sansanding",
                "Longlat":[-6.002,13.724],
                "A_Upop":[0,0,0,0,0,0,12117,14214],
                "Metropole":"No"
                },
                  {
                 "ID":[5,28,5673],
                "A_Name":"Goumbou",
                "Longlat":[-7.453,14.989],
                "A_Upop":[0,0,0,0,0,0,11863,13917],
                "Metropole":"No"
                },
                  {
                 "ID":[5,28,5698],
                "A_Name":"Tenenkou",
                "Longlat":[-4.918,14.457],
                "A_Upop":[0,0,0,0,0,0,11787,13825],
                "Metropole":"No"
                },
                  {
                 "ID":[5,28,5707],
                "A_Name":"Mahina",
                "Longlat":[-10.85,13.758],
                "A_Upop":[0,0,0,0,0,0,11774,13810],
                "Metropole":"No"
                },
                  {
                 "ID":[5,28,5745],
                "A_Name":"Dioumanzana",
                "Longlat":[-7.304,12.604],
                "A_Upop":[0,0,0,0,0,0,11662,13682],
                "Metropole":"No"
                },
                  {
                 "ID":[5,28,5883],
                "A_Name":"Sofara",
                "Longlat":[-4.226,14.019],
                "A_Upop":[0,0,0,0,0,0,10132,13321],
                "Metropole":"No"
                },
                  {
                 "ID":[5,28,5888],
                "A_Name":"Sokolo",
                "Longlat":[-6.119,14.741],
                "A_Upop":[0,0,0,0,0,0,11340,13303],
                "Metropole":"No"
                },
                  {
                 "ID":[5,28,5988],
                "A_Name":"Sadiola",
                "Longlat":[-11.706,13.898],
                "A_Upop":[0,0,0,0,0,0,11123,13048],
                "Metropole":"No"
                },
                  {
                 "ID":[5,28,6141],
                "A_Name":"Koumantou",
                "Longlat":[-6.848,11.409],
                "A_Upop":[0,0,0,0,0,0,10820,12694],
                "Metropole":"No"
                },
                  {
                 "ID":[5,28,6184],
                "A_Name":"Lere",
                "Longlat":[-4.9,15.717],
                "A_Upop":[0,0,0,0,0,0,10713,12572],
                "Metropole":"No"
                },
                  {
                 "ID":[5,28,6229],
                "A_Name":"Sanankoroba",
                "Longlat":[-7.938,12.399],
                "A_Upop":[0,0,0,0,0,0,10634,12476],
                "Metropole":"No"
                },
                  {
                 "ID":[5,28,6260],
                "A_Name":"Niafunke",
                "Longlat":[-3.992,15.931],
                "A_Upop":[0,0,0,0,0,0,10584,12421],
                "Metropole":"No"
                },
                  {
                 "ID":[5,28,6319],
                "A_Name":"Badinko",
                "Longlat":[-9.224,12.969],
                "A_Upop":[0,0,0,0,0,0,10471,12283],
                "Metropole":"No"
                },
                  {
                 "ID":[5,28,6333],
                "A_Name":"Yoro",
                "Longlat":[-2.136,14.28],
                "A_Upop":[0,0,0,0,0,0,10452,12259],
                "Metropole":"No"
                },
                  {
                 "ID":[5,28,6346],
                "A_Name":"Youwarou-Hombolore",
                "Longlat":[-4.26,15.381],
                "A_Upop":[0,0,0,0,0,0,0,12220],
                "Metropole":"No"
                },
                  {
                 "ID":[5,28,6392],
                "A_Name":"Tabakoto",
                "Longlat":[-11.209,12.951],
                "A_Upop":[0,0,0,0,0,0,10346,12135],
                "Metropole":"No"
                },
                  {
                 "ID":[5,28,6418],
                "A_Name":"M'pessoba",
                "Longlat":[-5.718,12.663],
                "A_Upop":[0,0,0,0,0,0,10311,12096],
                "Metropole":"No"
                },
                  {
                 "ID":[5,28,6435],
                "A_Name":"Madiga Sacko",
                "Longlat":[-9.305,14.356],
                "A_Upop":[0,0,0,0,0,0,10273,12051],
                "Metropole":"No"
                },
                  {
                 "ID":[5,28,6526],
                "A_Name":"Boni",
                "Longlat":[-2.22,15.081],
                "A_Upop":[0,0,0,0,0,0,10129,11880],
                "Metropole":"No"
                },
                  {
                 "ID":[5,28,6542],
                "A_Name":"Forgho Sonrai",
                "Longlat":[-0.066,16.477],
                "A_Upop":[0,0,0,0,0,0,10083,11826],
                "Metropole":"No"
                },
                  {
                 "ID":[5,28,6547],
                "A_Name":"Kirane",
                "Longlat":[-10.227,15.406],
                "A_Upop":[0,0,0,0,0,0,10074,11817],
                "Metropole":"No"
                },
                  {
                 "ID":[5,28,6567],
                "A_Name":"Kersignane",
                "Longlat":[-10.987,14.996],
                "A_Upop":[0,0,0,0,0,0,10059,11799],
                "Metropole":"No"
                },
                  {
                 "ID":[5,28,6687],
                "A_Name":"Fourou",
                "Longlat":[-6.14,10.754],
                "A_Upop":[0,0,0,0,0,0,0,11527],
                "Metropole":"No"
                },
                  {
                 "ID":[5,28,6763],
                "A_Name":"Tori",
                "Longlat":[-3.708,13.618],
                "A_Upop":[0,0,0,0,0,0,0,11358],
                "Metropole":"No"
                },
                  {
                 "ID":[5,28,6810],
                "A_Name":"Wacoro",
                "Longlat":[-6.693,12.603],
                "A_Upop":[0,0,0,0,0,0,0,11286],
                "Metropole":"No"
                },
                  {
                 "ID":[5,28,6844],
                "A_Name":"Menaka",
                "Longlat":[2.396,15.91],
                "A_Upop":[0,0,0,0,0,0,0,11206],
                "Metropole":"No"
                },
                  {
                 "ID":[5,28,6928],
                "A_Name":"Garalo",
                "Longlat":[-7.439,10.986],
                "A_Upop":[0,0,0,0,0,0,0,11041],
                "Metropole":"No"
                },
                  {
                 "ID":[5,28,7069],
                "A_Name":"Kiban",
                "Longlat":[-7.352,13.579],
                "A_Upop":[0,0,0,0,0,0,0,10825],
                "Metropole":"No"
                },
                  {
                 "ID":[5,28,7079],
                "A_Name":"Diangounte Camara",
                "Longlat":[-9.516,14.544],
                "A_Upop":[0,0,0,0,0,0,0,10799],
                "Metropole":"No"
                },
                  {
                 "ID":[5,28,7114],
                "A_Name":"Konobougou",
                "Longlat":[-6.756,12.921],
                "A_Upop":[0,0,0,0,0,0,0,10709],
                "Metropole":"No"
                },
                  {
                 "ID":[5,28,7161],
                "A_Name":"Echell",
                "Longlat":[-3.942,16.272],
                "A_Upop":[0,0,0,0,0,0,0,10641],
                "Metropole":"No"
                },
                  {
                 "ID":[5,28,7197],
                "A_Name":"Kignan",
                "Longlat":[-6.014,11.848],
                "A_Upop":[0,0,0,0,0,0,0,10590],
                "Metropole":"No"
                },
                  {
                 "ID":[5,28,7235],
                "A_Name":"Kremis",
                "Longlat":[-10.354,15.353],
                "A_Upop":[0,0,0,0,0,0,0,10509],
                "Metropole":"No"
                },
                  {
                 "ID":[5,28,7239],
                "A_Name":"Niena",
                "Longlat":[-6.35,11.427],
                "A_Upop":[0,0,0,0,0,0,0,10501],
                "Metropole":"No"
                },
                  {
                 "ID":[5,28,7526],
                "A_Name":"Marena",
                "Longlat":[-4.559,12.725],
                "A_Upop":[0,0,0,0,0,0,0,10107],
                "Metropole":"No"
                },
                  {
                 "ID":[5,28,7561],
                "A_Name":"Foungou",
                "Longlat":[-10.758,15.102],
                "A_Upop":[0,0,0,0,0,0,0,10074],
                "Metropole":"No"
                },
                  {
                 "ID":[5,28,8959],
                "A_Name":"Kati",
                "Longlat":[-8.0662,12.743562],
                "A_Upop":[0,0,12913,27931,38577,58056,88348,0],
                "Metropole":"No"
                },
                  {
                 "ID":[5,28,8960],
                "A_Name":"Kanadjiguila",
                "Longlat":[-8.095,12.565],
                "A_Upop":[0,0,0,0,0,0,12821,0],
                "Metropole":"No"
                },
                  {
                "ID":[5,28,8961],
                "A_Name":"Sincina",
                "Longlat":[-5.441385,12.360487],
                "A_Upop":[0,0,0,0,0,0,10102,0],
                "Metropole":"No"
                }]
}