{
    "EN_country":"Mauritania",
    "FR_country":"Mauritanie",
    "ID":[3,30,0],
    "Upop":[0,0,81251,306186,712017,836104,1331741],
    "Urbanlevel":[0,0,0.07,0.21,0.36,0.33,0.41,0.42],
    "Numagglos":[0,0,4,7,15,12,20,23],
    "Mpop":[0,0,0.5,0.6,0.59,0.67,0.64,0.62],
    "ADBA":[0,0,356,237,155,183,122,106.5],
    "Agglomerations":[
    {
                 "ID":[3,30,67],
                "A_Name":"Nouakchott",
                "Longlat":[-15.928,18.092],
                "A_Upop":[0,0,40796,184139,416956,558195,850753,1060776],
                "Metropole":"Yes"
                },
                  {
                 "ID":[3,30,549],
                "A_Name":"Nouadhibou",
                "Longlat":[-17.032,20.956],
                "A_Upop":[0,0,15451,29165,61209,72337,106052,129573],
                "Metropole":"No"
                },
                  {
                 "ID":[3,30,1310],
                "A_Name":"Kiffa",
                "Longlat":[-11.405,16.618],
                "A_Upop":[0,0,0,14085,28656,25679,43309,56941],
                "Metropole":"No"
                },
                  {
                 "ID":[3,30,1493],
                "A_Name":"Mbera (Camp de refugies)",
                "Longlat":[-5.793,15.838],
                "A_Upop":[0,0,0,0,0,0,0,50000],
                "Metropole":"No"
                },
                  {
                 "ID":[3,30,1539],
                "A_Name":"Kaedi",
                "Longlat":[-13.503,16.158],
                "A_Upop":[0,0,14585,22737,30666,31310,41930,48858],
                "Metropole":"No"
                },
                  {
                 "ID":[3,30,1595],
                "A_Name":"Zoueiratt",
                "Longlat":[-12.466,22.74],
                "A_Upop":[0,0,0,19934,27414,33255,41842,47188],
                "Metropole":"No"
                },
                  {
                 "ID":[3,30,2275],
                "A_Name":"Rosso",
                "Longlat":[-15.803,16.515],
                "A_Upop":[0,0,0,18504,28122,29882,32728,34325],
                "Metropole":"No"
                },
                  {
                 "ID":[3,30,2620],
                "A_Name":"Selibabi",
                "Longlat":[-12.185,15.16],
                "A_Upop":[0,0,0,0,11802,13259,22695,30071],
                "Metropole":"No"
                },
                  {
                 "ID":[3,30,2971],
                "A_Name":"Aioun El Atrouss",
                "Longlat":[-9.6,16.658],
                "A_Upop":[0,0,0,0,12227,0,18903,26738],
                "Metropole":"No"
                },
                  {
                 "ID":[3,30,3095],
                "A_Name":"Atar",
                "Longlat":[-13.04,20.514],
                "A_Upop":[0,0,10419,17622,21624,22960,24681,25632],
                "Metropole":"No"
                },
                  {
                 "ID":[3,30,3134],
                "A_Name":"Guerou",
                "Longlat":[-11.817,16.828],
                "A_Upop":[0,0,0,0,10280,11401,19250,25325],
                "Metropole":"No"
                },
                  {
                 "ID":[3,30,3334],
                "A_Name":"Nema",
                "Longlat":[-7.269,16.616],
                "A_Upop":[0,0,0,0,15286,12831,19332,23960],
                "Metropole":"No"
                },
                  {
                 "ID":[3,30,4664],
                "A_Name":"Aleg",
                "Longlat":[-13.908,17.053],
                "A_Upop":[0,0,0,0,0,0,13771,17186],
                "Metropole":"No"
                },
                  {
                 "ID":[3,30,4693],
                "A_Name":"Boghe",
                "Longlat":[-14.255,16.595],
                "A_Upop":[0,0,0,0,12679,13262,15663,17089],
                "Metropole":"No"
                },
                  {
                 "ID":[3,30,4895],
                "A_Name":"Boutilimit",
                "Longlat":[-14.697,17.547],
                "A_Upop":[0,0,0,0,14353,11733,14604,16377],
                "Metropole":"No"
                },
                  {
                 "ID":[3,30,5146],
                "A_Name":"Tembedra",
                "Longlat":[-8.174,16.238],
                "A_Upop":[0,0,0,0,10171,0,12641,15538],
                "Metropole":"No"
                },
                  {
                 "ID":[3,30,5312],
                "A_Name":"Akjoujt",
                "Longlat":[-14.384,19.742],
                "A_Upop":[0,0,0,0,0,0,10676,14993],
                "Metropole":"No"
                },
                  {
                 "ID":[3,30,5596],
                "A_Name":"Tintane",
                "Longlat":[-10.155,16.387],
                "A_Upop":[0,0,0,0,0,0,11198,14117],
                "Metropole":"No"
                },
                  {
                 "ID":[3,30,5603],
                "A_Name":"Magta Lahjar",
                "Longlat":[-13.101,17.509],
                "A_Upop":[0,0,0,0,0,0,10848,14100],
                "Metropole":"No"
                },
                  {
                 "ID":[3,30,6446],
                "A_Name":"Maghama",
                "Longlat":[-12.854,15.513],
                "A_Upop":[0,0,0,0,0,0,10396,12023],
                "Metropole":"No"
                },
                  {
                 "ID":[3,30,6805],
                "A_Name":"Tidjikja",
                "Longlat":[-11.428,18.557],
                "A_Upop":[0,0,0,0,10572,0,10469,11293],
                "Metropole":"No"
                },
                  {
                 "ID":[3,30,7238],
                "A_Name":"Lexeibe",
                "Longlat":[-13.142,16.227],
                "A_Upop":[0,0,0,0,0,0,0,10502],
                "Metropole":"No"
                },
                  {
                "ID":[3,30,7283],
                "A_Name":"Bassiknou",
                "Longlat":[-5.953,15.867],
                "A_Upop":[0,0,0,0,0,0,0,10444],
                "Metropole":"No"
                }]
}