{
    "EN_country":"Morocco",
    "FR_country":"Maroc",
    "ID":[3,27,0],
    "Upop":[2227804,3207350,4839335,7382904,10672890,14373249,17698610],
    "Urbanlevel":[0.25,0.27,0.32,0.38,0.45,0.51,0.55,0.6],
    "Numagglos":[33,50,62,83,110,159,166,167],
    "Mpop":[0.39,0.4,0.4,0.37,0.33,0.29,0.29,0.3],
    "ADBA":[51,42,43,45,37,28,29,29.3],
    "Agglomerations":[
    {
                 "ID":[3,27,14],
                "A_Name":"Casablanca",
                "Longlat":[-7.634,33.539],
                "A_Upop":[675564,965277,1432085,1991113,2496472,2848576,3321785,4182929],
                "Metropole":"Yes"
                },
                  {
                 "ID":[3,27,45],
                "A_Name":"Rabat",
                "Longlat":[-6.825,33.994],
                "A_Upop":[200763,303244,491453,738250,1032533,1296424,1737585,1925479],
                "Metropole":"Yes"
                },
                  {
                 "ID":[3,27,61],
                "A_Name":"Fes",
                "Longlat":[-5.012,34.008],
                "A_Upop":[177578,216133,310555,420232,637181,868228,1038578,1174743],
                "Metropole":"No"
                },
                  {
                 "ID":[3,27,73],
                "A_Name":"Tanger",
                "Longlat":[-5.841,35.742],
                "A_Upop":[104940,141741,181971,247999,398558,590040,821664,1007874],
                "Metropole":"No"
                },
                  {
                 "ID":[3,27,74],
                "A_Name":"Marrakech",
                "Longlat":[-8.024,31.633],
                "A_Upop":[213159,243134,321087,415354,576634,753737,882365,1007166],
                "Metropole":"No"
                },
                  {
                 "ID":[3,27,75],
                "A_Name":"Agadir",
                "Longlat":[-9.534,30.376],
                "A_Upop":[29810,16695,52795,179070,360305,610008,780006,978629],
                "Metropole":"No"
                },
                  {
                 "ID":[3,27,108],
                "A_Name":"Meknes",
                "Longlat":[-5.539,33.882],
                "A_Upop":[138976,175943,238827,303672,387502,481172,572710,629519],
                "Metropole":"No"
                },
                  {
                 "ID":[3,27,137],
                "A_Name":"Oujda",
                "Longlat":[-1.903,34.686],
                "A_Upop":[79741,128645,169441,239985,319277,381656,452102,516125],
                "Metropole":"No"
                },
                  {
                 "ID":[3,27,146],
                "A_Name":"Kenitra",
                "Longlat":[-6.587,34.26],
                "A_Upop":[55346,86775,131927,176938,250179,329118,399003,467121],
                "Metropole":"No"
                },
                  {
                 "ID":[3,27,152],
                "A_Name":"Tetouan",
                "Longlat":[-5.341,35.584],
                "A_Upop":[79925,101352,134189,185400,246950,301494,353909,452555],
                "Metropole":"No"
                },
                  {
                 "ID":[3,27,217],
                "A_Name":"Safi",
                "Longlat":[-9.233,32.292],
                "A_Upop":[56183,81072,122463,180915,237126,274972,298178,310368],
                "Metropole":"No"
                },
                  {
                 "ID":[3,27,334],
                "A_Name":"Nador Melilla",
                "Longlat":[-2.957,35.159],
                "A_Upop":[21846,17583,30300,54351,91092,120166,203274,212629],
                "Metropole":"No"
                },
                  {
                 "ID":[3,27,336],
                "A_Name":"Khouribga",
                "Longlat":[-6.917,32.885],
                "A_Upop":[20161,40838,68890,113740,142754,160159,182929,212129],
                "Metropole":"No"
                },
                  {
                 "ID":[3,27,345],
                "A_Name":"El Jadida",
                "Longlat":[-8.508,33.227],
                "A_Upop":[34433,40302,53519,75307,104097,133063,172771,206454],
                "Metropole":"No"
                },
                  {
                 "ID":[3,27,361],
                "A_Name":"Beni Mellal",
                "Longlat":[-6.363,32.333],
                "A_Upop":[15808,28933,50160,84580,122156,153049,179589,195083],
                "Metropole":"No"
                },
                  {
                 "ID":[3,27,472],
                "A_Name":"Taza",
                "Longlat":[-4.005,34.221],
                "A_Upop":[21746,31667,51786,72081,103188,131402,144663,149136],
                "Metropole":"No"
                },
                  {
                 "ID":[3,27,487],
                "A_Name":"Settat",
                "Longlat":[-7.619,32.998],
                "A_Upop":[24953,29617,40642,59687,83831,107441,131092,144316],
                "Metropole":"No"
                },
                  {
                 "ID":[3,27,498],
                "A_Name":"Berrechid",
                "Longlat":[-7.588,33.261],
                "A_Upop":[0,13780,19267,27452,44123,72801,115931,140654],
                "Metropole":"No"
                },
                  {
                 "ID":[3,27,531],
                "A_Name":"Khemisset",
                "Longlat":[-6.069,33.819],
                "A_Upop":[0,13695,20688,48085,76816,97847,119570,133776],
                "Metropole":"No"
                },
                  {
                 "ID":[3,27,552],
                "A_Name":"Ksar El Kebir",
                "Longlat":[-5.907,35.005],
                "A_Upop":[31598,34035,46384,67470,93730,107246,118053,128192],
                "Metropole":"No"
                },
                  {
                 "ID":[3,27,556],
                "A_Name":"Larache",
                "Longlat":[-6.147,35.18],
                "A_Upop":[41498,30763,43699,59663,79945,99800,117183,126442],
                "Metropole":"No"
                },
                  {
                 "ID":[3,27,562],
                "A_Name":"Oulad Teima",
                "Longlat":[-9.205,30.4],
                "A_Upop":[0,0,0,0,29469,57288,93662,124747],
                "Metropole":"No"
                },
                  {
                 "ID":[3,27,585],
                "A_Name":"Guelmim",
                "Longlat":[-10.057,28.988],
                "A_Upop":[0,0,14593,31832,57781,85105,108140,120211],
                "Metropole":"No"
                },
                  {
                 "ID":[3,27,589],
                "A_Name":"Khenifra",
                "Longlat":[-5.665,32.939],
                "A_Upop":[11195,18503,24610,35644,51896,67383,110467,118799],
                "Metropole":"No"
                },
                  {
                 "ID":[3,27,635],
                "A_Name":"Berkane",
                "Longlat":[-2.324,34.921],
                "A_Upop":[0,20496,36263,55300,70708,78729,103474,110287],
                "Metropole":"No"
                },
                  {
                 "ID":[3,27,669],
                "A_Name":"Taourirt",
                "Longlat":[-2.9,34.405],
                "A_Upop":[0,0,14304,28077,47306,69770,92728,105404],
                "Metropole":"No"
                },
                  {
                 "ID":[3,27,678],
                "A_Name":"Fquih Ben Salah",
                "Longlat":[-6.69,32.502],
                "A_Upop":[0,13484,24884,42319,63650,79059,93189,103662],
                "Metropole":"No"
                },
                  {
                 "ID":[3,27,727],
                "A_Name":"El Kelaa des Sraghna",
                "Longlat":[-7.401,32.056],
                "A_Upop":[0,10187,16175,29115,44102,60730,82884,97585],
                "Metropole":"No"
                },
                  {
                 "ID":[3,27,739],
                "A_Name":"Oued Zem",
                "Longlat":[-6.571,32.862],
                "A_Upop":[13042,18640,31194,52312,68162,79557,90291,96173],
                "Metropole":"No"
                },
                  {
                 "ID":[3,27,753],
                "A_Name":"Sidi Slimane",
                "Longlat":[-5.93,34.268],
                "A_Upop":[0,11484,19109,41924,62132,74366,86324,94218],
                "Metropole":"No"
                },
                  {
                 "ID":[3,27,755],
                "A_Name":"Guercif",
                "Longlat":[-3.349,34.236],
                "A_Upop":[0,0,0,10588,26414,50215,74706,94078],
                "Metropole":"No"
                },
                  {
                 "ID":[3,27,761],
                "A_Name":"Errachidia",
                "Longlat":[-4.421,31.927],
                "A_Upop":[0,0,15076,24524,46473,70359,85383,93666],
                "Metropole":"No"
                },
                  {
                 "ID":[3,27,786],
                "A_Name":"Ben Guerir",
                "Longlat":[-7.945,32.235],
                "A_Upop":[0,0,0,17598,36163,55599,76594,90938],
                "Metropole":"No"
                },
                  {
                 "ID":[3,27,808],
                "A_Name":"Tiflet",
                "Longlat":[-6.322,33.894],
                "A_Upop":[0,0,13105,25489,41512,60451,78995,88146],
                "Metropole":"No"
                },
                  {
                 "ID":[3,27,886],
                "A_Name":"Sefrou",
                "Longlat":[-4.833,33.828],
                "A_Upop":[16424,21478,27690,36480,48142,59621,72706,81226],
                "Metropole":"No"
                },
                  {
                 "ID":[3,27,887],
                "A_Name":"Taroudannt",
                "Longlat":[-8.891,30.468],
                "A_Upop":[10197,17141,21619,32523,48441,63942,75432,81012],
                "Metropole":"No"
                },
                  {
                 "ID":[3,27,907],
                "A_Name":"Fnideq",
                "Longlat":[-5.362,35.842],
                "A_Upop":[0,0,0,11724,24812,44420,66206,79607],
                "Metropole":"No"
                },
                  {
                 "ID":[3,27,918],
                "A_Name":"Essaouira",
                "Longlat":[-9.759,31.511],
                "A_Upop":[22068,26392,29620,39249,50633,63437,74246,78642],
                "Metropole":"No"
                },
                  {
                 "ID":[3,27,939],
                "A_Name":"Tiznit",
                "Longlat":[-9.731,29.693],
                "A_Upop":[0,0,10894,19867,34412,48852,64913,76573],
                "Metropole":"No"
                },
                  {
                 "ID":[3,27,948],
                "A_Name":"Sidi Kacem",
                "Longlat":[-5.721,34.228],
                "A_Upop":[14529,19478,25872,48061,63186,71253,74984,75794],
                "Metropole":"No"
                },
                  {
                 "ID":[3,27,951],
                "A_Name":"Nouaceur",
                "Longlat":[-7.557,33.38],
                "A_Upop":[0,0,0,0,0,11466,18223,75559],
                "Metropole":"No"
                },
                  {
                 "ID":[3,27,978],
                "A_Name":"Tan-Tan",
                "Longlat":[-11.102,28.436],
                "A_Upop":[0,0,0,31435,44223,53861,67604,74245],
                "Metropole":"No"
                },
                  {
                 "ID":[3,27,1004],
                "A_Name":"Ouarzazate",
                "Longlat":[-6.913,30.929],
                "A_Upop":[0,0,0,15758,29298,48428,64522,72289],
                "Metropole":"No"
                },
                  {
                 "ID":[3,27,1016],
                "A_Name":"Souk El Arbaa",
                "Longlat":[-5.999,34.68],
                "A_Upop":[0,11624,14963,22699,32351,40651,56780,71738],
                "Metropole":"No"
                },
                  {
                 "ID":[3,27,1081],
                "A_Name":"Ait Ourir",
                "Longlat":[-7.671,31.564],
                "A_Upop":[0,0,0,0,0,16191,29413,67949],
                "Metropole":"No"
                },
                  {
                 "ID":[3,27,1086],
                "A_Name":"Youssoufia",
                "Longlat":[-8.531,32.247],
                "A_Upop":[0,0,20038,37081,53223,62757,66288,67867],
                "Metropole":"No"
                },
                  {
                 "ID":[3,27,1126],
                "A_Name":"Imzouren",
                "Longlat":[-3.859,35.135],
                "A_Upop":[0,0,0,0,25000,40575,47579,65897],
                "Metropole":"No"
                },
                  {
                 "ID":[3,27,1188],
                "A_Name":"Kasna Tadla",
                "Longlat":[-6.269,32.602],
                "A_Upop":[0,11733,15254,25134,33409,38999,44488,62276],
                "Metropole":"No"
                },
                  {
                 "ID":[3,27,1201],
                "A_Name":"Beni Ansar",
                "Longlat":[-2.969,35.273],
                "A_Upop":[0,0,0,0,45305,47574,58928,61386],
                "Metropole":"No"
                },
                  {
                 "ID":[3,27,1205],
                "A_Name":"Adeau Plast Sarl",
                "Longlat":[-7.034,33.857],
                "A_Upop":[0,0,0,0,17018,36701,51979,61267],
                "Metropole":"No"
                },
                  {
                 "ID":[3,27,1217],
                "A_Name":"Souk Sebt Oulad Nemma",
                "Longlat":[-6.704,32.296],
                "A_Upop":[0,0,0,17330,32900,46188,56059,60814],
                "Metropole":"No"
                },
                  {
                 "ID":[3,27,1228],
                "A_Name":"Selouane",
                "Longlat":[-2.923,35.085],
                "A_Upop":[0,0,0,0,0,0,0,60457],
                "Metropole":"No"
                },
                  {
                 "ID":[3,27,1246],
                "A_Name":"Ouezzane",
                "Longlat":[-5.577,34.799],
                "A_Upop":[21139,26203,32377,38891,47688,55430,58906,59730],
                "Metropole":"No"
                },
                  {
                 "ID":[3,27,1252],
                "A_Name":"Al Aaroui",
                "Longlat":[-3.015,35],
                "A_Upop":[0,0,0,0,19564,31892,42282,59317],
                "Metropole":"No"
                },
                  {
                 "ID":[3,27,1289],
                "A_Name":"M'diq",
                "Longlat":[-5.33,35.686],
                "A_Upop":[0,0,0,0,12558,28956,46847,58068],
                "Metropole":"No"
                },
                  {
                 "ID":[3,27,1291],
                "A_Name":"Benslimane",
                "Longlat":[-7.12,33.61],
                "A_Upop":[0,10305,16313,22539,31787,42173,52318,57989],
                "Metropole":"No"
                },
                  {
                 "ID":[3,27,1313],
                "A_Name":"Al Hoceima",
                "Longlat":[-3.936,35.242],
                "A_Upop":[10420,11262,17641,35360,49974,55297,56134,56819],
                "Metropole":"No"
                },
                  {
                 "ID":[3,27,1315],
                "A_Name":"Kalaat MGouna",
                "Longlat":[-6.081,31.27],
                "A_Upop":[0,0,0,0,0,12497,0,56779],
                "Metropole":"No"
                },
                  {
                 "ID":[3,27,1324],
                "A_Name":"Sidi Bennour",
                "Longlat":[-8.427,32.65],
                "A_Upop":[0,0,10277,20124,29926,37216,52068,56504],
                "Metropole":"No"
                },
                  {
                 "ID":[3,27,1333],
                "A_Name":"Midelt",
                "Longlat":[-4.739,32.685],
                "A_Upop":[0,0,14347,22477,33109,42220,50559,56186],
                "Metropole":"No"
                },
                  {
                 "ID":[3,27,1363],
                "A_Name":"Azrou",
                "Longlat":[-5.226,33.441],
                "A_Upop":[0,14143,19871,28903,37221,44553,51344,54898],
                "Metropole":"No"
                },
                  {
                 "ID":[3,27,1419],
                "A_Name":"Ain El Aouda",
                "Longlat":[-6.794,33.803],
                "A_Upop":[0,0,0,0,14783,19412,37229,52443],
                "Metropole":"No"
                },
                  {
                 "ID":[3,27,1498],
                "A_Name":"Bouknadel",
                "Longlat":[-6.678,34.196],
                "A_Upop":[0,0,0,0,0,12218,27679,49829],
                "Metropole":"No"
                },
                  {
                 "ID":[3,27,1590],
                "A_Name":"Bejaad",
                "Longlat":[-6.39,32.774],
                "A_Upop":[11275,14728,18318,26045,31451,37284,44067,47410],
                "Metropole":"No"
                },
                  {
                 "ID":[3,27,1760],
                "A_Name":"Jerada",
                "Longlat":[-2.178,34.307],
                "A_Upop":[11015,18872,28992,40133,52965,49919,43680,43475],
                "Metropole":"No"
                },
                  {
                 "ID":[3,27,1766],
                "A_Name":"Chefchaoun",
                "Longlat":[-5.271,35.168],
                "A_Upop":[13429,13712,15165,21589,28370,33814,39621,43370],
                "Metropole":"No"
                },
                  {
                 "ID":[3,27,1769],
                "A_Name":"MRirt",
                "Longlat":[-5.565,33.168],
                "A_Upop":[0,0,0,11172,20775,30916,39349,43356],
                "Metropole":"No"
                },
                  {
                 "ID":[3,27,1803],
                "A_Name":"Tinghir",
                "Longlat":[-5.53,31.516],
                "A_Upop":[0,0,0,0,20913,33746,67991,42502],
                "Metropole":"No"
                },
                  {
                 "ID":[3,27,1808],
                "A_Name":"El Aioun Sidi Mellouk",
                "Longlat":[-2.503,34.582],
                "A_Upop":[0,0,0,16827,26675,33017,38669,42416],
                "Metropole":"No"
                },
                  {
                 "ID":[3,27,1860],
                "A_Name":"Azemmour",
                "Longlat":[-8.35,33.286],
                "A_Upop":[0,12449,16564,22987,29661,34973,39080,41254],
                "Metropole":"No"
                },
                  {
                 "ID":[3,27,1864],
                "A_Name":"Tabounte",
                "Longlat":[-6.898,30.899],
                "A_Upop":[0,0,0,0,0,17290,25617,41049],
                "Metropole":"No"
                },
                  {
                 "ID":[3,27,1890],
                "A_Name":"Zagora",
                "Longlat":[-5.84,30.344],
                "A_Upop":[0,0,0,0,18509,30858,37761,40488],
                "Metropole":"No"
                },
                  {
                 "ID":[3,27,1946],
                "A_Name":"Azilal",
                "Longlat":[-6.573,31.96],
                "A_Upop":[0,0,0,0,13454,23116,33493,39482],
                "Metropole":"No"
                },
                  {
                 "ID":[3,27,1982],
                "A_Name":"Biourga",
                "Longlat":[-9.375,30.22],
                "A_Upop":[0,0,0,0,0,19884,32269,39031],
                "Metropole":"No"
                },
                  {
                 "ID":[3,27,2019],
                "A_Name":"Sidi Yahya Du Rharb",
                "Longlat":[-6.308,34.307],
                "A_Upop":[0,0,0,15369,26571,30953,35174,38497],
                "Metropole":"No"
                },
                  {
                 "ID":[3,27,2036],
                "A_Name":"Bouznika",
                "Longlat":[-7.158,33.787],
                "A_Upop":[0,0,0,0,16388,24439,32497,38144],
                "Metropole":"No"
                },
                  {
                 "ID":[3,27,2043],
                "A_Name":"Taounate",
                "Longlat":[-4.644,34.54],
                "A_Upop":[0,0,0,0,18277,28827,35294,38041],
                "Metropole":"No"
                },
                  {
                 "ID":[3,27,2104],
                "A_Name":"Aouir",
                "Longlat":[-9.667,30.507],
                "A_Upop":[0,0,0,0,0,17594,26617,36671],
                "Metropole":"No"
                },
                  {
                 "ID":[3,27,2127],
                "A_Name":"Zaio",
                "Longlat":[-2.729,34.937],
                "A_Upop":[0,0,0,10856,21131,28112,33142,36298],
                "Metropole":"No"
                },
                  {
                 "ID":[3,27,2140],
                "A_Name":"El Hajeb",
                "Longlat":[-5.373,33.687],
                "A_Upop":[0,0,11936,15786,20759,25751,31818,35931],
                "Metropole":"No"
                },
                  {
                 "ID":[3,27,2336],
                "A_Name":"Ben Ahmed",
                "Longlat":[-7.242,33.066],
                "A_Upop":[0,0,0,14528,17883,20385,31060,33480],
                "Metropole":"No"
                },
                  {
                 "ID":[3,27,2375],
                "A_Name":"Arbaoua",
                "Longlat":[-5.941,34.911],
                "A_Upop":[0,0,0,0,0,0,0,32934],
                "Metropole":"No"
                },
                  {
                 "ID":[3,27,2462],
                "A_Name":"Mechra Bel Ksiri",
                "Longlat":[-5.959,34.578],
                "A_Upop":[0,0,0,14107,20716,25967,29791,31808],
                "Metropole":"No"
                },
                  {
                 "ID":[3,27,2501],
                "A_Name":"Assilah",
                "Longlat":[-6.023,35.464],
                "A_Upop":[13625,10839,13662,17705,22350,26613,29866,31379],
                "Metropole":"No"
                },
                  {
                 "ID":[3,27,2517],
                "A_Name":"Laattaouia",
                "Longlat":[-7.314,31.833],
                "A_Upop":[0,0,0,0,0,15749,25531,31248],
                "Metropole":"No"
                },
                  {
                 "ID":[3,27,2551],
                "A_Name":"Sidi Slimane Charaa",
                "Longlat":[-2.354,34.905],
                "A_Upop":[0,0,0,0,0,19933,26852,30835],
                "Metropole":"No"
                },
                  {
                 "ID":[3,27,2603],
                "A_Name":"Taghezoute",
                "Longlat":[-5.426,31.469],
                "A_Upop":[0,0,0,0,0,12775,0,30303],
                "Metropole":"No"
                },
                  {
                 "ID":[3,27,2624],
                "A_Name":"Demnate",
                "Longlat":[-7.008,31.73],
                "A_Upop":[0,0,0,0,14156,20853,26765,30016],
                "Metropole":"No"
                },
                  {
                 "ID":[3,27,2648],
                "A_Name":"Arfoud",
                "Longlat":[-4.232,31.447],
                "A_Upop":[0,0,0,0,14976,21330,26733,29753],
                "Metropole":"No"
                },
                  {
                 "ID":[3,27,2682],
                "A_Name":"Jorf El Melha",
                "Longlat":[-5.509,34.491],
                "A_Upop":[0,0,0,0,0,15264,24908,29404],
                "Metropole":"No"
                },
                  {
                 "ID":[3,27,2716],
                "A_Name":"Chichaoua",
                "Longlat":[-8.768,31.539],
                "A_Upop":[0,0,0,0,0,12795,21812,29101],
                "Metropole":"No"
                },
                  {
                 "ID":[3,27,2722],
                "A_Name":"Bouarfa",
                "Longlat":[-1.968,32.525],
                "A_Upop":[0,0,0,11487,17180,23046,27576,29076],
                "Metropole":"No"
                },
                  {
                 "ID":[3,27,2749],
                "A_Name":"Ain Taoujdate",
                "Longlat":[-5.212,33.927],
                "A_Upop":[0,0,0,0,12427,19266,25436,28823],
                "Metropole":"No"
                },
                  {
                 "ID":[3,27,2844],
                "A_Name":"Tahla",
                "Longlat":[-4.421,34.051],
                "A_Upop":[0,0,0,0,15739,23151,26828,27891],
                "Metropole":"No"
                },
                  {
                 "ID":[3,27,2900],
                "A_Name":"Moulay Ali Cherif M",
                "Longlat":[-4.26,31.281],
                "A_Upop":[0,0,0,0,0,19585,21452,27315],
                "Metropole":"No"
                },
                  {
                 "ID":[3,27,2984],
                "A_Name":"Sabaa Aiyoun",
                "Longlat":[-5.375,33.908],
                "A_Upop":[0,0,0,0,0,18754,24135,26674],
                "Metropole":"No"
                },
                  {
                 "ID":[3,27,2999],
                "A_Name":"ErRich",
                "Longlat":[-4.513,32.263],
                "A_Upop":[0,0,0,0,11003,17238,23329,26493],
                "Metropole":"No"
                },
                  {
                 "ID":[3,27,3045],
                "A_Name":"Bab Berred",
                "Longlat":[-4.904,34.991],
                "A_Upop":[0,0,0,0,0,0,0,26085],
                "Metropole":"No"
                },
                  {
                 "ID":[3,27,3062],
                "A_Name":"Missour",
                "Longlat":[-3.995,33.047],
                "A_Upop":[0,0,0,0,0,16992,23514,25968],
                "Metropole":"No"
                },
                  {
                 "ID":[3,27,3097],
                "A_Name":"Zaouiat Cheikh",
                "Longlat":[-5.918,32.643],
                "A_Upop":[0,0,0,12049,17197,21483,24221,25600],
                "Metropole":"No"
                },
                  {
                 "ID":[3,27,3164],
                "A_Name":"Oulad Berhil",
                "Longlat":[-8.475,30.639],
                "A_Upop":[0,0,0,10024,0,12364,19995,25136],
                "Metropole":"No"
                },
                  {
                 "ID":[3,27,3183],
                "A_Name":"Bir Jdid",
                "Longlat":[-7.998,33.372],
                "A_Upop":[0,0,0,0,0,13043,19867,24979],
                "Metropole":"No"
                },
                  {
                 "ID":[3,27,3256],
                "A_Name":"Echemmaia",
                "Longlat":[-8.631,32.079],
                "A_Upop":[0,0,0,0,15050,20132,23233,24497],
                "Metropole":"No"
                },
                  {
                 "ID":[3,27,3325],
                "A_Name":"Oulad Ayad",
                "Longlat":[-6.8,32.202],
                "A_Upop":[0,0,0,0,15973,20362,22788,24004],
                "Metropole":"No"
                },
                  {
                 "ID":[3,27,3404],
                "A_Name":"Targuist",
                "Longlat":[-4.302,34.941],
                "A_Upop":[0,0,0,0,0,10679,12579,23508],
                "Metropole":"No"
                },
                  {
                 "ID":[3,27,3421],
                "A_Name":"Oulad M Barek",
                "Longlat":[-6.444,32.278],
                "A_Upop":[0,0,0,0,0,0,0,23420],
                "Metropole":"No"
                },
                  {
                 "ID":[3,27,3466],
                "A_Name":"Mediouna",
                "Longlat":[-7.508,33.452],
                "A_Upop":[0,0,0,0,10097,13332,18755,23164],
                "Metropole":"No"
                },
                  {
                 "ID":[3,27,3707],
                "A_Name":"Sidiifni",
                "Longlat":[-10.178,29.371],
                "A_Upop":[0,12800,13551,15633,18390,19911,20938,21740],
                "Metropole":"No"
                },
                  {
                 "ID":[3,27,3740],
                "A_Name":"Afourar",
                "Longlat":[-6.535,32.21],
                "A_Upop":[0,0,0,0,0,11685,12106,21485],
                "Metropole":"No"
                },
                  {
                 "ID":[3,27,3799],
                "A_Name":"Imintanoute",
                "Longlat":[-8.85,31.179],
                "A_Upop":[0,0,0,0,11034,14998,19142,21151],
                "Metropole":"No"
                },
                  {
                 "ID":[3,27,3835],
                "A_Name":"El Gara",
                "Longlat":[-7.232,33.277],
                "A_Upop":[0,0,0,10736,14109,17078,20090,20993],
                "Metropole":"No"
                },
                  {
                 "ID":[3,27,3836],
                "A_Name":"Ben Taleb",
                "Longlat":[-3.451,35.055],
                "A_Upop":[0,0,0,0,0,0,0,20989],
                "Metropole":"No"
                },
                  {
                 "ID":[3,27,3877],
                "A_Name":"Sidi Bou Othmane",
                "Longlat":[-7.952,31.902],
                "A_Upop":[0,0,0,0,0,0,0,20749],
                "Metropole":"No"
                },
                  {
                 "ID":[3,27,4001],
                "A_Name":"El Ksiba",
                "Longlat":[-6.032,32.567],
                "A_Upop":[0,0,0,0,13296,17081,19340,20120],
                "Metropole":"No"
                },
                  {
                 "ID":[3,27,4127],
                "A_Name":"Ahfir",
                "Longlat":[-2.105,34.955],
                "A_Upop":[0,10794,12200,16056,19254,19912,19567,19641],
                "Metropole":"No"
                },
                  {
                 "ID":[3,27,4130],
                "A_Name":"Imouzzer Kandar",
                "Longlat":[-5.013,33.728],
                "A_Upop":[0,0,0,0,0,12768,16620,19605],
                "Metropole":"No"
                },
                  {
                 "ID":[3,27,4162],
                "A_Name":"El Borouj",
                "Longlat":[-7.191,32.507],
                "A_Upop":[0,0,0,0,10575,15144,17892,19482],
                "Metropole":"No"
                },
                  {
                 "ID":[3,27,4280],
                "A_Name":"Sebt Gzoula",
                "Longlat":[-9.083,32.105],
                "A_Upop":[0,0,0,0,0,12291,16427,18944],
                "Metropole":"No"
                },
                  {
                 "ID":[3,27,4281],
                "A_Name":"Oued Laou",
                "Longlat":[-5.115,35.438],
                "A_Upop":[0,0,0,0,0,0,0,18942],
                "Metropole":"No"
                },
                  {
                 "ID":[3,27,4283],
                "A_Name":"Karia Ba Mohamed",
                "Longlat":[-5.213,34.37],
                "A_Upop":[0,0,0,0,0,15152,17862,18926],
                "Metropole":"No"
                },
                  {
                 "ID":[3,27,4292],
                "A_Name":"Tata",
                "Longlat":[-7.973,29.753],
                "A_Upop":[0,0,0,0,0,14032,17095,18892],
                "Metropole":"No"
                },
                  {
                 "ID":[3,27,4632],
                "A_Name":"Aoulouz",
                "Longlat":[-8.175,30.677],
                "A_Upop":[0,0,0,0,0,0,0,17329],
                "Metropole":"No"
                },
                  {
                 "ID":[3,27,4691],
                "A_Name":"Ribat El Kheir",
                "Longlat":[-4.414,33.822],
                "A_Upop":[0,0,0,0,0,10617,14862,17094],
                "Metropole":"No"
                },
                  {
                 "ID":[3,27,4741],
                "A_Name":"Agourai",
                "Longlat":[-5.59,33.641],
                "A_Upop":[0,0,0,0,0,11794,15130,16935],
                "Metropole":"No"
                },
                  {
                 "ID":[3,27,4744],
                "A_Name":"Tamallalt",
                "Longlat":[-7.513,31.815],
                "A_Upop":[0,0,0,0,0,10574,14539,16920],
                "Metropole":"No"
                },
                  {
                 "ID":[3,27,4827],
                "A_Name":"Outat El Haj",
                "Longlat":[-3.714,33.34],
                "A_Upop":[0,0,0,0,0,12100,15301,16588],
                "Metropole":"No"
                },
                  {
                 "ID":[3,27,4847],
                "A_Name":"Ain Bni Mathar",
                "Longlat":[-2.026,34.021],
                "A_Upop":[0,0,0,0,0,12162,15052,16518],
                "Metropole":"No"
                },
                  {
                 "ID":[3,27,4877],
                "A_Name":"Goulmima",
                "Longlat":[-4.968,31.688],
                "A_Upop":[0,0,0,0,10071,15449,16493,16406],
                "Metropole":"No"
                },
                  {
                 "ID":[3,27,4931],
                "A_Name":"Ain Dorij",
                "Longlat":[-5.314,34.632],
                "A_Upop":[0,0,0,0,0,0,0,16233],
                "Metropole":"No"
                },
                  {
                 "ID":[3,27,4968],
                "A_Name":"Bounjniba",
                "Longlat":[-6.778,32.9],
                "A_Upop":[0,0,0,10086,12804,14730,15602,16107],
                "Metropole":"No"
                },
                  {
                 "ID":[3,27,5021],
                "A_Name":"Lalla Mimouna",
                "Longlat":[-6.068,34.849],
                "A_Upop":[0,0,0,0,0,11011,15308,15997],
                "Metropole":"No"
                },
                  {
                 "ID":[3,27,5041],
                "A_Name":"Boumia",
                "Longlat":[-5.102,32.727],
                "A_Upop":[0,0,0,0,0,10751,14436,15924],
                "Metropole":"No"
                },
                  {
                 "ID":[3,27,5264],
                "A_Name":"Driouch",
                "Longlat":[-3.41,34.977],
                "A_Upop":[0,0,0,0,0,0,12314,15134],
                "Metropole":"No"
                },
                  {
                 "ID":[3,27,5318],
                "A_Name":"Oulad Salah",
                "Longlat":[-7.683,33.383],
                "A_Upop":[0,0,0,0,0,0,0,14975],
                "Metropole":"No"
                },
                  {
                 "ID":[3,27,5326],
                "A_Name":"Midar",
                "Longlat":[-3.539,34.938],
                "A_Upop":[0,0,0,0,0,0,0,14948],
                "Metropole":"No"
                },
                  {
                 "ID":[3,27,5376],
                "A_Name":"Ifrane",
                "Longlat":[-5.119,33.527],
                "A_Upop":[0,0,0,0,0,12246,14057,14785],
                "Metropole":"No"
                },
                  {
                 "ID":[3,27,5401],
                "A_Name":"Assa",
                "Longlat":[-9.433,28.61],
                "A_Upop":[0,0,0,11759,0,10710,13838,14703],
                "Metropole":"No"
                },
                  {
                 "ID":[3,27,5420],
                "A_Name":"Ait Iaaza",
                "Longlat":[-8.797,30.506],
                "A_Upop":[0,0,0,0,0,0,12255,14645],
                "Metropole":"No"
                },
                  {
                 "ID":[3,27,5496],
                "A_Name":"Bouizakarne",
                "Longlat":[-9.711,29.179],
                "A_Upop":[0,0,0,0,0,10426,13226,14413],
                "Metropole":"No"
                },
                  {
                 "ID":[3,27,5498],
                "A_Name":"Aguelmous",
                "Longlat":[-5.844,33.157],
                "A_Upop":[0,0,0,0,0,10335,12648,14412],
                "Metropole":"No"
                },
                  {
                 "ID":[3,27,5721],
                "A_Name":"Sid L Mokhtar",
                "Longlat":[-9.014,31.579],
                "A_Upop":[0,0,0,0,0,10408,12007,13758],
                "Metropole":"No"
                },
                  {
                 "ID":[3,27,5809],
                "A_Name":"Oulad Frej",
                "Longlat":[-8.216,32.96],
                "A_Upop":[0,0,0,0,0,0,11839,13518],
                "Metropole":"No"
                },
                  {
                 "ID":[3,27,5863],
                "A_Name":"Zemamra",
                "Longlat":[-8.699,32.625],
                "A_Upop":[0,0,0,0,0,11194,12673,13389],
                "Metropole":"No"
                },
                  {
                 "ID":[3,27,5925],
                "A_Name":"Amizmiz",
                "Longlat":[-8.237,31.222],
                "A_Upop":[0,0,0,0,0,0,0,13209],
                "Metropole":"No"
                },
                  {
                 "ID":[3,27,5978],
                "A_Name":"Sid Zouin",
                "Longlat":[-8.348,31.669],
                "A_Upop":[0,0,0,0,0,0,11341,13073],
                "Metropole":"No"
                },
                  {
                 "ID":[3,27,6039],
                "A_Name":"Loudaya",
                "Longlat":[-8.26,31.627],
                "A_Upop":[0,0,0,0,0,0,0,12940],
                "Metropole":"No"
                },
                  {
                 "ID":[3,27,6082],
                "A_Name":"Ouled Gnaou",
                "Longlat":[-6.502,32.33],
                "A_Upop":[0,0,0,0,0,0,0,12837],
                "Metropole":"No"
                },
                  {
                 "ID":[3,27,6121],
                "A_Name":"El Menzel",
                "Longlat":[-4.549,33.84],
                "A_Upop":[0,0,0,0,0,11182,12136,12732],
                "Metropole":"No"
                },
                  {
                 "ID":[3,27,6151],
                "A_Name":"Tahannaout",
                "Longlat":[-7.944,31.362],
                "A_Upop":[0,0,0,0,0,0,0,12667],
                "Metropole":"No"
                },
                  {
                 "ID":[3,27,6264],
                "A_Name":"Boumalne Dades",
                "Longlat":[-5.984,31.374],
                "A_Upop":[0,0,0,0,0,10620,65271,12419],
                "Metropole":"No"
                },
                  {
                 "ID":[3,27,6303],
                "A_Name":"Jorf",
                "Longlat":[-4.401,31.489],
                "A_Upop":[0,12866,14923,18008,14178,12138,12231,12315],
                "Metropole":"No"
                },
                  {
                 "ID":[3,27,6306],
                "A_Name":"Rommmani",
                "Longlat":[-6.604,33.529],
                "A_Upop":[0,0,0,0,10511,11852,12244,12306],
                "Metropole":"No"
                },
                  {
                 "ID":[3,27,6352],
                "A_Name":"Aetishaq",
                "Longlat":[-5.725,32.761],
                "A_Upop":[0,0,0,0,0,11213,12502,12207],
                "Metropole":"No"
                },
                  {
                 "ID":[3,27,6641],
                "A_Name":"Dar Oulad Zidouh",
                "Longlat":[-6.906,32.308],
                "A_Upop":[0,0,0,0,0,0,10746,11627],
                "Metropole":"No"
                },
                  {
                 "ID":[3,27,6682],
                "A_Name":"Moulay Driss Zerhoun",
                "Longlat":[-5.518,34.057],
                "A_Upop":[10421,0,0,10701,12009,12573,12028,11544],
                "Metropole":"No"
                },
                  {
                 "ID":[3,27,6708],
                "A_Name":"Boudnib",
                "Longlat":[-3.606,31.951],
                "A_Upop":[0,0,0,0,0,0,10707,11495],
                "Metropole":"No"
                },
                  {
                 "ID":[3,27,6781],
                "A_Name":"Tissa",
                "Longlat":[-4.668,34.29],
                "A_Upop":[0,0,0,0,0,0,10471,11328],
                "Metropole":"No"
                },
                  {
                 "ID":[3,27,6812],
                "A_Name":"Oulmes",
                "Longlat":[-6.004,33.428],
                "A_Upop":[0,0,0,0,0,0,10573,11283],
                "Metropole":"No"
                },
                  {
                 "ID":[3,27,6834],
                "A_Name":"Ounagha",
                "Longlat":[-9.549,31.535],
                "A_Upop":[0,0,0,0,0,0,0,11223],
                "Metropole":"No"
                },
                  {
                 "ID":[3,27,6970],
                "A_Name":"Jamaat Shaim",
                "Longlat":[-8.839,32.35],
                "A_Upop":[0,0,0,0,0,0,0,10993],
                "Metropole":"No"
                },
                  {
                 "ID":[3,27,7005],
                "A_Name":"Loualidia",
                "Longlat":[-9.031,32.734],
                "A_Upop":[0,0,0,0,0,0,0,10945],
                "Metropole":"No"
                },
                  {
                 "ID":[3,27,7015],
                "A_Name":"Agdz",
                "Longlat":[-6.451,30.701],
                "A_Upop":[0,0,0,0,0,0,0,10920],
                "Metropole":"No"
                },
                  {
                 "ID":[3,27,7095],
                "A_Name":"Figuig",
                "Longlat":[-1.232,32.106],
                "A_Upop":[0,0,0,0,0,0,0,10754],
                "Metropole":"No"
                },
                  {
                 "ID":[3,27,7167],
                "A_Name":"Tamanar",
                "Longlat":[-9.675,31.002],
                "A_Upop":[0,0,0,0,0,0,10325,10630],
                "Metropole":"No"
                },
                  {
                 "ID":[3,27,7199],
                "A_Name":"Oued Amlil",
                "Longlat":[-4.265,34.189],
                "A_Upop":[0,0,0,0,0,0,0,10588],
                "Metropole":"No"
                },
                  {
                 "ID":[3,27,7255],
                "A_Name":"Khenichet",
                "Longlat":[-5.683,34.438],
                "A_Upop":[0,0,0,18145,0,0,0,10498],
                "Metropole":"No"
                },
                  {
                 "ID":[3,27,7380],
                "A_Name":"Guigou",
                "Longlat":[-4.834,33.385],
                "A_Upop":[0,0,0,0,0,0,0,10312],
                "Metropole":"No"
                },
                  {
                 "ID":[3,27,7626],
                "A_Name":"Temara",
                "Longlat":[-6.908,33.931],
                "A_Upop":[0,0,0,45000,92140,178898,0,0],
                "Metropole":"No"
                },
                  {
                 "ID":[3,27,7651],
                "A_Name":"Dar Bouazza",
                "Longlat":[-7.78567,33.5072],
                "A_Upop":[0,17999,30661,40852,44472,77453,0,0],
                "Metropole":"No"
                },
                  {
                 "ID":[3,27,7690],
                "A_Name":"Bouskoura",
                "Longlat":[-7.64984,33.4555],
                "A_Upop":[0,12454,17348,24395,24008,50950,0,0],
                "Metropole":"No"
                },
                  {
                 "ID":[3,27,7739],
                "A_Name":"Ain Harrouda",
                "Longlat":[-7.45671,33.636],
                "A_Upop":[0,20415,28837,44154,33862,35141,0,0],
                "Metropole":"No"
                },
                  {
                 "ID":[3,27,7747],
                "A_Name":"Echchallalate",
                "Longlat":[-7.43924,33.606],
                "A_Upop":[0,0,0,0,0,33511,0,0],
                "Metropole":"No"
                },
                  {
                 "ID":[3,27,7832],
                "A_Name":"Bouizazarene Ihaddadene",
                "Longlat":[-2.95401,35.1643],
                "A_Upop":[0,0,0,0,0,21161,0,0],
                "Metropole":"No"
                },
                  {
                 "ID":[3,27,7855],
                "A_Name":"Zeghanghane",
                "Longlat":[-2.99613,35.156],
                "A_Upop":[0,0,0,0,15465,19676,0,0],
                "Metropole":"No"
                },
                  {
                 "ID":[3,27,7907],
                "A_Name":"Ain Attig",
                "Longlat":[-6.95002,33.891],
                "A_Upop":[0,0,0,0,0,16729,0,0],
                "Metropole":"No"
                },
                  {
                 "ID":[3,27,7922],
                "A_Name":"Souk Lakhmiss Dades",
                "Longlat":[-6.053,31.285],
                "A_Upop":[0,0,10225,13010,14992,16100,0,0],
                "Metropole":"No"
                },
                  {
                 "ID":[3,27,7987],
                "A_Name":"Ait Sedrate Sahl El Gharbia",
                "Longlat":[-6.09254,31.2477],
                "A_Upop":[0,0,0,0,0,13672,0,0],
                "Metropole":"No"
                },
                  {
                 "ID":[3,27,8000],
                "A_Name":"Toudgha Essoufla",
                "Longlat":[-5.47269,31.4769],
                "A_Upop":[0,0,0,0,0,13158,0,0],
                "Metropole":"No"
                },
                  {
                 "ID":[3,27,8002],
                "A_Name":"Sidi Ahmed Ou Amar",
                "Longlat":[-9.16295,30.4228],
                "A_Upop":[0,0,0,0,0,13036,0,0],
                "Metropole":"No"
                },
                  {
                 "ID":[3,27,8016],
                "A_Name":"Taghzoute N'Ait Atta",
                "Longlat":[-5.426,31.469],
                "A_Upop":[0,0,0,0,0,12775,0,0],
                "Metropole":"No"
                },
                  {
                 "ID":[3,27,8025],
                "A_Name":"Kalaat M'Gouna",
                "Longlat":[-6.081,31.27],
                "A_Upop":[0,0,0,0,0,12497,0,0],
                "Metropole":"No"
                },
                  {
                 "ID":[3,27,8230],
                "A_Name":"Inezgane",
                "Longlat":[-9.53831,30.3533],
                "A_Upop":[0,0,10850,0,0,0,0,0],
                "Metropole":"No"
                },
                  {
                 "ID":[3,27,8947],
                "A_Name":"Mohammedia",
                "Longlat":[-7.401,33.689],
                "A_Upop":[24995,35010,65021,96841,143422,180497,266969,0],
                "Metropole":"No"
                },
                  {
                 "ID":[3,27,8948],
                "A_Name":"Lgliaa",
                "Longlat":[-9.465,30.296],
                "A_Upop":[0,0,0,0,0,0,65777,0],
                "Metropole":"No"
                },
                  {
                 "ID":[3,27,8949],
                "A_Name":"Martil",
                "Longlat":[-5.28126,35.622],
                "A_Upop":[0,0,0,0,16683,31247,52022,0],
                "Metropole":"No"
                },
                  {
                 "ID":[3,27,8950],
                "A_Name":"Deroua",
                "Longlat":[-7.51923,33.4082],
                "A_Upop":[0,0,0,0,0,0,48425,0],
                "Metropole":"No"
                },
                  {
                 "ID":[3,27,8951],
                "A_Name":"Tit Mellil",
                "Longlat":[-7.48809,33.5478],
                "A_Upop":[0,0,0,0,0,0,21165,0],
                "Metropole":"No"
                },
                  {
                 "ID":[3,27,8952],
                "A_Name":"Bouarg",
                "Longlat":[-2.92741,35.1302],
                "A_Upop":[0,0,0,0,0,0,30789,0],
                "Metropole":"No"
                },
                  {
                 "ID":[3,27,8953],
                "A_Name":"Sahel Oulad H'Riz",
                "Longlat":[-7.84144,33.4156],
                "A_Upop":[0,0,0,0,0,0,35766,0],
                "Metropole":"No"
                },
                  {
                 "ID":[3,27,8954],
                "A_Name":"Sidi Bouknadel",
                "Longlat":[-6.72528,34.1245],
                "A_Upop":[0,0,0,0,0,0,16528,0],
                "Metropole":"No"
                },
                  {
                 "ID":[3,27,8955],
                "A_Name":"Mehdia",
                "Longlat":[-6.649,34.2625],
                "A_Upop":[0,0,0,0,0,10573,22515,0],
                "Metropole":"No"
                },
                  {
                 "ID":[3,27,8956],
                "A_Name":"Sidi Slimane Echcherraa",
                "Longlat":[-2.354,34.905],
                "A_Upop":[0,0,0,0,0,19933,26852,0],
                "Metropole":"No"
                },
                  {
                 "ID":[3,27,8957],
                "A_Name":"Sidi Rahal Chatai",
                "Longlat":[-7.95606,33.4741],
                "A_Upop":[0,0,0,0,0,0,17328,0],
                "Metropole":"No"
                },
                  {
                "ID":[3,27,8958],
                "A_Name":"Oulad Tayeb",
                "Longlat":[-4.947,33.929],
                "A_Upop":[0,0,0,0,0,0,0,0],
                "Metropole":"No"
                }]
}