{
    "EN_country":"Mozambique",
    "FR_country":"Mozambique",
    "ID":[4,29,0],
    "Upop":[135865,263000,590526,1618702,2396957,4769502,7574459],
    "Urbanlevel":[0.02,0.04,0.07,0.14,0.18,0.29,0.33,0.34],
    "Numagglos":[2,3,6,15,15,65,165,167],
    "Mpop":[0.69,0.7,0.75,0.44,0.44,0.31,0.27,0.29],
    "ADBA":[719,804,257,134,122,55,26,28.8],
    "Agglomerations":[
    {
                 "ID":[4,29,28],
                "A_Name":"Cidade de Maputo",
                "Longlat":[32.552,-25.758],
                "A_Upop":[93265,183800,444526,718432,1057984,1485334,2060273,2607026],
                "Metropole":"Yes"
                },
                  {
                 "ID":[4,29,140],
                "A_Name":"Cidade da Beira",
                "Longlat":[34.857,-19.761],
                "A_Upop":[42600,58200,46300,213417,307632,406810,457845,509421],
                "Metropole":"No"
                },
                  {
                 "ID":[4,29,163],
                "A_Name":"Cidade de Nampula",
                "Longlat":[39.282,-15.127],
                "A_Upop":[0,0,23100,145555,224193,343917,337014,422998],
                "Metropole":"No"
                },
                  {
                 "ID":[4,29,204],
                "A_Name":"Cidade de Chimoio",
                "Longlat":[33.467,-19.125],
                "A_Upop":[0,0,0,67986,116987,187784,262486,328872],
                "Metropole":"No"
                },
                  {
                 "ID":[4,29,222],
                "A_Name":"Cidade de Quelimane",
                "Longlat":[36.927,-17.834],
                "A_Upop":[0,0,10500,58823,102068,161315,227262,304155],
                "Metropole":"No"
                },
                  {
                 "ID":[4,29,387],
                "A_Name":"Cidade de Xai-Xai",
                "Longlat":[33.689,-25.066],
                "A_Upop":[0,0,0,43612,70823,103830,162627,180839],
                "Metropole":"No"
                },
                  {
                 "ID":[4,29,390],
                "A_Name":"Cidade de Nacala Porto",
                "Longlat":[40.692,-14.595],
                "A_Upop":[0,0,0,74885,116289,170675,172844,180457],
                "Metropole":"No"
                },
                  {
                 "ID":[4,29,432],
                "A_Name":"Cidade de Tete (Leste)",
                "Longlat":[33.606,-16.142],
                "A_Upop":[0,0,0,44857,72720,85000,116618,163323],
                "Metropole":"No"
                },
                  {
                 "ID":[4,29,457],
                "A_Name":"Cidade de Lichinga",
                "Longlat":[35.254,-13.303],
                "A_Upop":[0,0,0,38757,61837,99045,125809,154035],
                "Metropole":"No"
                },
                  {
                 "ID":[4,29,563],
                "A_Name":"Cidade de Maxixe",
                "Longlat":[35.255,-23.954],
                "A_Upop":[0,0,42300,55000,70000,97985,117244,124675],
                "Metropole":"No"
                },
                  {
                 "ID":[4,29,640],
                "A_Name":"Cidade de Pemba",
                "Longlat":[40.534,-13.01],
                "A_Upop":[0,21000,0,41079,62961,97615,90965,109729],
                "Metropole":"No"
                },
                  {
                 "ID":[4,29,733],
                "A_Name":"Cidade de Montepuez",
                "Longlat":[39.005,-13.124],
                "A_Upop":[0,0,0,0,0,61449,83328,96851],
                "Metropole":"No"
                },
                  {
                 "ID":[4,29,855],
                "A_Name":"Cidade de Cuamba",
                "Longlat":[36.528,-14.806],
                "A_Upop":[0,0,0,0,0,62707,70118,83904],
                "Metropole":"No"
                },
                  {
                 "ID":[4,29,860],
                "A_Name":"Cidade de Tete (Oeste)",
                "Longlat":[33.578,-16.182],
                "A_Upop":[0,0,0,0,13000,30000,59667,83564],
                "Metropole":"No"
                },
                  {
                 "ID":[4,29,915],
                "A_Name":"Municipio de Manhiça",
                "Longlat":[32.751,-25.45],
                "A_Upop":[0,0,0,0,0,16777,23721,78891],
                "Metropole":"No"
                },
                  {
                 "ID":[4,29,996],
                "A_Name":"Cidade de Dondo",
                "Longlat":[34.739,-19.626],
                "A_Upop":[0,0,0,0,0,71408,63770,72937],
                "Metropole":"No"
                },
                  {
                 "ID":[4,29,1108],
                "A_Name":"Cidade de Chibuto",
                "Longlat":[33.556,-24.695],
                "A_Upop":[0,0,23800,30000,40000,54548,67623,66926],
                "Metropole":"No"
                },
                  {
                 "ID":[4,29,1121],
                "A_Name":"Municipio de Milange",
                "Longlat":[35.76,-16.093],
                "A_Upop":[0,0,0,0,0,19745,47886,66141],
                "Metropole":"No"
                },
                  {
                 "ID":[4,29,1130],
                "A_Name":"Chokwe",
                "Longlat":[32.98,-24.527],
                "A_Upop":[0,0,0,10812,26530,50655,57526,65817],
                "Metropole":"No"
                },
                  {
                 "ID":[4,29,1195],
                "A_Name":"Vila de Namialo",
                "Longlat":[39.986,-14.918],
                "A_Upop":[0,0,0,0,0,30617,48513,61694],
                "Metropole":"No"
                },
                  {
                 "ID":[4,29,1249],
                "A_Name":"Cidade de Angoche",
                "Longlat":[39.91,-16.213],
                "A_Upop":[0,0,0,0,0,86903,49445,59407],
                "Metropole":"No"
                },
                  {
                 "ID":[4,29,1365],
                "A_Name":"Municipio de Massinga",
                "Longlat":[35.351,-23.314],
                "A_Upop":[0,0,0,0,0,18464,49517,54831],
                "Metropole":"No"
                },
                  {
                 "ID":[4,29,1379],
                "A_Name":"Cidade de Gurué",
                "Longlat":[36.979,-15.478],
                "A_Upop":[0,0,0,0,0,110714,49281,54217],
                "Metropole":"No"
                },
                  {
                 "ID":[4,29,1412],
                "A_Name":"Municipio de Moatize",
                "Longlat":[33.718,-16.116],
                "A_Upop":[0,0,0,0,0,29609,41683,52679],
                "Metropole":"No"
                },
                  {
                 "ID":[4,29,1418],
                "A_Name":"Cidade de Mocuba",
                "Longlat":[36.96,-16.853],
                "A_Upop":[0,0,0,0,0,135858,44307,52520],
                "Metropole":"No"
                },
                  {
                 "ID":[4,29,1432],
                "A_Name":"Municipio de Vilankulo",
                "Longlat":[35.296,-21.994],
                "A_Upop":[0,0,0,0,0,23718,43564,52053],
                "Metropole":"No"
                },
                  {
                 "ID":[4,29,1433],
                "A_Name":"Cidade de Inhambane",
                "Longlat":[35.406,-23.903],
                "A_Upop":[0,0,0,56250,53934,55724,47037,52034],
                "Metropole":"No"
                },
                  {
                 "ID":[4,29,1447],
                "A_Name":"Cidade de Manica",
                "Longlat":[32.868,-18.941],
                "A_Upop":[0,0,0,0,0,30539,40627,51733],
                "Metropole":"No"
                },
                  {
                 "ID":[4,29,1485],
                "A_Name":"Vila de Mocimboa da Praia",
                "Longlat":[40.348,-11.355],
                "A_Upop":[0,0,0,0,0,45287,42884,50214],
                "Metropole":"No"
                },
                  {
                 "ID":[4,29,1491],
                "A_Name":"Nerrir-Mutonga",
                "Longlat":[36.81,-17.597],
                "A_Upop":[0,0,0,0,0,0,31687,50051],
                "Metropole":"No"
                },
                  {
                 "ID":[4,29,1538],
                "A_Name":"Vila de Caia",
                "Longlat":[35.334,-17.824],
                "A_Upop":[0,0,0,0,0,12261,37932,48876],
                "Metropole":"No"
                },
                  {
                 "ID":[4,29,1628],
                "A_Name":"Eduardo Mondlane [prov. Sofala]",
                "Longlat":[34.631,-19.539],
                "A_Upop":[0,0,0,0,0,0,40619,46459],
                "Metropole":"No"
                },
                  {
                 "ID":[4,29,1703],
                "A_Name":"Vila de Alto Molocue (Malua)",
                "Longlat":[37.679,-15.639],
                "A_Upop":[0,0,0,0,0,18608,39972,44729],
                "Metropole":"No"
                },
                  {
                 "ID":[4,29,1756],
                "A_Name":"Vila de Boane",
                "Longlat":[32.343,-26.038],
                "A_Upop":[0,0,0,0,0,18819,30379,43523],
                "Metropole":"No"
                },
                  {
                 "ID":[4,29,1770],
                "A_Name":"Vila de Marromeu",
                "Longlat":[35.937,-18.294],
                "A_Upop":[0,0,0,0,0,22983,37585,43353],
                "Metropole":"No"
                },
                  {
                 "ID":[4,29,1947],
                "A_Name":"Vila de Mueda",
                "Longlat":[39.56,-11.659],
                "A_Upop":[0,0,0,0,0,17456,28526,39460],
                "Metropole":"No"
                },
                  {
                 "ID":[4,29,2011],
                "A_Name":"Vila de Gondola",
                "Longlat":[33.648,-19.084],
                "A_Upop":[0,0,0,0,0,28324,36655,38605],
                "Metropole":"No"
                },
                  {
                 "ID":[4,29,2078],
                "A_Name":"Vila de Chiure",
                "Longlat":[39.791,-13.382],
                "A_Upop":[0,0,0,0,0,21609,30990,37371],
                "Metropole":"No"
                },
                  {
                 "ID":[4,29,2165],
                "A_Name":"Caroa",
                "Longlat":[39.913,-14.377],
                "A_Upop":[0,0,0,0,0,0,30504,35607],
                "Metropole":"No"
                },
                  {
                 "ID":[4,29,2166],
                "A_Name":"Municipio de Bilene Macia",
                "Longlat":[33.106,-25.022],
                "A_Upop":[0,0,0,0,0,22868,35711,35594],
                "Metropole":"No"
                },
                  {
                 "ID":[4,29,2200],
                "A_Name":"Vila de Nhamatanda",
                "Longlat":[34.209,-19.269],
                "A_Upop":[0,0,0,0,0,18663,28464,35171],
                "Metropole":"No"
                },
                  {
                 "ID":[4,29,2226],
                "A_Name":"Vila de Nacala Velha",
                "Longlat":[40.62,-14.548],
                "A_Upop":[0,0,0,19237,0,0,21184,34936],
                "Metropole":"No"
                },
                  {
                 "ID":[4,29,2236],
                "A_Name":"Muanalavo",
                "Longlat":[35.031,-17.452],
                "A_Upop":[0,0,0,0,0,0,27009,34802],
                "Metropole":"No"
                },
                  {
                 "ID":[4,29,2304],
                "A_Name":"Maneia",
                "Longlat":[39.944,-15.607],
                "A_Upop":[0,0,0,0,0,0,17124,33971],
                "Metropole":"No"
                },
                  {
                 "ID":[4,29,2502],
                "A_Name":"Vila de Murrupula",
                "Longlat":[38.677,-15.46],
                "A_Upop":[0,0,0,0,0,14484,25332,31372],
                "Metropole":"No"
                },
                  {
                 "ID":[4,29,2572],
                "A_Name":"Vila de Namapa",
                "Longlat":[39.817,-13.717],
                "A_Upop":[0,0,0,0,0,11618,25404,30615],
                "Metropole":"No"
                },
                  {
                 "ID":[4,29,2595],
                "A_Name":"Vila de Nametil",
                "Longlat":[39.342,-15.712],
                "A_Upop":[0,0,0,0,0,12651,24316,30356],
                "Metropole":"No"
                },
                  {
                 "ID":[4,29,2658],
                "A_Name":"Vila de Quissico",
                "Longlat":[34.734,-24.712],
                "A_Upop":[0,0,0,0,0,0,27994,29657],
                "Metropole":"No"
                },
                  {
                 "ID":[4,29,2748],
                "A_Name":"Morimone",
                "Longlat":[40.42,-14.615],
                "A_Upop":[0,0,0,0,0,0,17478,28825],
                "Metropole":"No"
                },
                  {
                 "ID":[4,29,2803],
                "A_Name":"Municipio de Catandica",
                "Longlat":[33.178,-18.052],
                "A_Upop":[0,0,0,0,0,23971,24359,28284],
                "Metropole":"No"
                },
                  {
                 "ID":[4,29,2834],
                "A_Name":"OUA",
                "Longlat":[33.714,-24.896],
                "A_Upop":[0,0,0,0,0,0,25167,27985],
                "Metropole":"No"
                },
                  {
                 "ID":[4,29,2841],
                "A_Name":"Xilembene",
                "Longlat":[33.18,-24.706],
                "A_Upop":[0,0,0,0,0,0,15000,27921],
                "Metropole":"No"
                },
                  {
                 "ID":[4,29,2861],
                "A_Name":"Chibabel",
                "Longlat":[33.196,-24.561],
                "A_Upop":[0,0,0,0,0,0,24518,27717],
                "Metropole":"No"
                },
                  {
                 "ID":[4,29,2868],
                "A_Name":"Mwamatibyane",
                "Longlat":[32.862,-25.274],
                "A_Upop":[0,0,0,0,0,0,24030,27635],
                "Metropole":"No"
                },
                  {
                 "ID":[4,29,2891],
                "A_Name":"Muawasse",
                "Longlat":[33.509,-24.903],
                "A_Upop":[0,0,0,0,0,0,24622,27379],
                "Metropole":"No"
                },
                  {
                 "ID":[4,29,2914],
                "A_Name":"Guro sede",
                "Longlat":[33.353,-17.425],
                "A_Upop":[0,0,0,0,0,0,22844,27205],
                "Metropole":"No"
                },
                  {
                 "ID":[4,29,2968],
                "A_Name":"Vila de Moma",
                "Longlat":[39.221,-16.753],
                "A_Upop":[0,0,0,0,0,18484,23689,26767],
                "Metropole":"No"
                },
                  {
                 "ID":[4,29,3003],
                "A_Name":"Yacub Ossumane",
                "Longlat":[40.73,-14.729],
                "A_Upop":[0,0,0,0,0,0,24001,26463],
                "Metropole":"No"
                },
                  {
                 "ID":[4,29,3049],
                "A_Name":"Vila de Pebane",
                "Longlat":[38.157,-17.267],
                "A_Upop":[0,0,0,0,0,10313,25359,26069],
                "Metropole":"No"
                },
                  {
                 "ID":[4,29,3094],
                "A_Name":"Vila de Morrumbala",
                "Longlat":[35.589,-17.33],
                "A_Upop":[0,0,0,0,0,13077,21994,25650],
                "Metropole":"No"
                },
                  {
                 "ID":[4,29,3267],
                "A_Name":"Villa de Mossuril",
                "Longlat":[40.696,-14.958],
                "A_Upop":[0,0,0,0,0,18637,22046,24428],
                "Metropole":"No"
                },
                  {
                 "ID":[4,29,3398],
                "A_Name":"Balama sede",
                "Longlat":[38.579,-13.354],
                "A_Upop":[0,0,0,0,0,0,19492,23538],
                "Metropole":"No"
                },
                  {
                 "ID":[4,29,3432],
                "A_Name":"Vila de Mandimba",
                "Longlat":[35.649,-14.355],
                "A_Upop":[0,0,0,0,0,11289,18314,23349],
                "Metropole":"No"
                },
                  {
                 "ID":[4,29,3511],
                "A_Name":"Chicumbane",
                "Longlat":[33.533,-24.98],
                "A_Upop":[0,0,0,0,0,0,20622,22932],
                "Metropole":"No"
                },
                  {
                 "ID":[4,29,3542],
                "A_Name":"Muindji",
                "Longlat":[36.86,-18.004],
                "A_Upop":[0,0,0,0,0,0,22700,22757],
                "Metropole":"No"
                },
                  {
                 "ID":[4,29,3576],
                "A_Name":"Cidade de Ilha de Moçambique (Lumbo)",
                "Longlat":[40.695,-15.038],
                "A_Upop":[0,0,0,0,0,0,19257,22516],
                "Metropole":"No"
                },
                  {
                 "ID":[4,29,3656],
                "A_Name":"Cidade de Ilha de Moçambique (Ampapa)",
                "Longlat":[40.624,-15.02],
                "A_Upop":[0,0,0,0,0,0,18871,22066],
                "Metropole":"No"
                },
                  {
                 "ID":[4,29,3662],
                "A_Name":"Iaia",
                "Longlat":[40.411,-15.557],
                "A_Upop":[0,0,0,0,0,0,11098,22017],
                "Metropole":"No"
                },
                  {
                 "ID":[4,29,3704],
                "A_Name":"Vila de Malema",
                "Longlat":[37.419,-14.949],
                "A_Upop":[0,0,0,0,0,0,18686,21768],
                "Metropole":"No"
                },
                  {
                 "ID":[4,29,3758],
                "A_Name":"Nevila",
                "Longlat":[39.913,-13.923],
                "A_Upop":[0,0,0,0,0,0,0,21376],
                "Metropole":"No"
                },
                  {
                 "ID":[4,29,3870],
                "A_Name":"Mulenva",
                "Longlat":[39.73,-16.052],
                "A_Upop":[0,0,0,0,0,0,17303,20790],
                "Metropole":"No"
                },
                  {
                 "ID":[4,29,3915],
                "A_Name":"Maquival (Mugogoda)",
                "Longlat":[37.076,-17.789],
                "A_Upop":[0,0,0,0,0,0,18041,20570],
                "Metropole":"No"
                },
                  {
                 "ID":[4,29,3919],
                "A_Name":"Vila de Iapala",
                "Longlat":[38.047,-15.025],
                "A_Upop":[0,0,0,0,0,11323,16435,20517],
                "Metropole":"No"
                },
                  {
                 "ID":[4,29,3942],
                "A_Name":"Vila de Songo",
                "Longlat":[32.762,-15.606],
                "A_Upop":[0,0,0,0,0,15331,16461,20392],
                "Metropole":"No"
                },
                  {
                 "ID":[4,29,3983],
                "A_Name":"Vila de Homoine",
                "Longlat":[35.158,-23.902],
                "A_Upop":[0,0,0,0,0,0,19531,20190],
                "Metropole":"No"
                },
                  {
                 "ID":[4,29,4004],
                "A_Name":"Municipio de Ulongoe",
                "Longlat":[34.356,-14.715],
                "A_Upop":[0,0,0,0,0,18884,15762,20107],
                "Metropole":"No"
                },
                  {
                 "ID":[4,29,4043],
                "A_Name":"Vila de Inhaminga",
                "Longlat":[35.034,-18.407],
                "A_Upop":[0,0,0,0,0,0,15234,19962],
                "Metropole":"No"
                },
                  {
                 "ID":[4,29,4050],
                "A_Name":"Napuco",
                "Longlat":[40.521,-14.181],
                "A_Upop":[0,0,0,0,0,0,17062,19927],
                "Metropole":"No"
                },
                  {
                 "ID":[4,29,4095],
                "A_Name":"Mulemba",
                "Longlat":[37.501,-17.368],
                "A_Upop":[0,0,0,0,0,0,19162,19758],
                "Metropole":"No"
                },
                  {
                 "ID":[4,29,4154],
                "A_Name":"Chali",
                "Longlat":[32.585,-26.047],
                "A_Upop":[0,0,0,0,0,0,15348,19507],
                "Metropole":"No"
                },
                  {
                 "ID":[4,29,4176],
                "A_Name":"Vila de Messica",
                "Longlat":[33.074,-18.995],
                "A_Upop":[0,0,0,0,0,11253,15240,19406],
                "Metropole":"No"
                },
                  {
                 "ID":[4,29,4202],
                "A_Name":"Vila de Machipanda",
                "Longlat":[32.724,-18.981],
                "A_Upop":[0,0,0,0,0,13413,17500,19299],
                "Metropole":"No"
                },
                  {
                 "ID":[4,29,4203],
                "A_Name":"Palma Sede",
                "Longlat":[40.465,-10.778],
                "A_Upop":[0,0,0,0,0,0,16945,19297],
                "Metropole":"No"
                },
                  {
                 "ID":[4,29,4310],
                "A_Name":"Vilalo",
                "Longlat":[38.724,-17.019],
                "A_Upop":[0,0,0,0,0,0,18293,18805],
                "Metropole":"No"
                },
                  {
                 "ID":[4,29,4358],
                "A_Name":"Nantide",
                "Longlat":[36.703,-17.572],
                "A_Upop":[0,0,0,0,0,0,16318,18606],
                "Metropole":"No"
                },
                  {
                 "ID":[4,29,4363],
                "A_Name":"Vila de Namacurra",
                "Longlat":[37.029,-17.483],
                "A_Upop":[0,0,0,0,0,0,16319,18599],
                "Metropole":"No"
                },
                  {
                 "ID":[4,29,4443],
                "A_Name":"Mbiluane",
                "Longlat":[33.052,-24.587],
                "A_Upop":[0,0,0,0,0,0,15936,18233],
                "Metropole":"No"
                },
                  {
                 "ID":[4,29,4454],
                "A_Name":"Cabuir",
                "Longlat":[37.666,-17.489],
                "A_Upop":[0,0,0,0,0,0,17638,18186],
                "Metropole":"No"
                },
                  {
                 "ID":[4,29,4571],
                "A_Name":"Gilé",
                "Longlat":[38.364,-16.151],
                "A_Upop":[0,0,0,0,0,0,15337,17579],
                "Metropole":"No"
                },
                  {
                 "ID":[4,29,4597],
                "A_Name":"Municipio de Monapo",
                "Longlat":[40.297,-14.917],
                "A_Upop":[0,0,0,0,0,25230,14973,17465],
                "Metropole":"No"
                },
                  {
                 "ID":[4,29,4615],
                "A_Name":"Vila de Marrupa",
                "Longlat":[37.5,-13.195],
                "A_Upop":[0,0,0,0,0,0,12689,17424],
                "Metropole":"No"
                },
                  {
                 "ID":[4,29,4627],
                "A_Name":"Vila de Xinavane",
                "Longlat":[32.782,-25.054],
                "A_Upop":[0,0,0,0,0,0,15084,17346],
                "Metropole":"No"
                },
                  {
                 "ID":[4,29,4676],
                "A_Name":"Cidade de Ilha de Moçambique",
                "Longlat":[40.733,-15.036],
                "A_Upop":[0,0,0,0,0,20776,14663,17145],
                "Metropole":"No"
                },
                  {
                 "ID":[4,29,4732],
                "A_Name":"Vanduzi sede",
                "Longlat":[33.262,-18.953],
                "A_Upop":[0,0,0,0,0,0,13329,16973],
                "Metropole":"No"
                },
                  {
                 "ID":[4,29,4764],
                "A_Name":"Nancuenhe",
                "Longlat":[35.897,-14.99],
                "A_Upop":[0,0,0,0,0,0,12240,16838],
                "Metropole":"No"
                },
                  {
                 "ID":[4,29,4810],
                "A_Name":"Nicurupo",
                "Longlat":[38.332,-15.044],
                "A_Upop":[0,0,0,0,0,0,13338,16651],
                "Metropole":"No"
                },
                  {
                 "ID":[4,29,4817],
                "A_Name":"Mundinwe",
                "Longlat":[36.989,-17.964],
                "A_Upop":[0,0,0,0,0,0,14580,16623],
                "Metropole":"No"
                },
                  {
                 "ID":[4,29,4828],
                "A_Name":"Carapira",
                "Longlat":[40.222,-14.918],
                "A_Upop":[0,0,0,0,0,0,14215,16581],
                "Metropole":"No"
                },
                  {
                 "ID":[4,29,4859],
                "A_Name":"Chapala",
                "Longlat":[38.984,-15.832],
                "A_Upop":[0,0,0,0,0,0,13191,16467],
                "Metropole":"No"
                },
                  {
                 "ID":[4,29,4896],
                "A_Name":"Municipio de Ribaue",
                "Longlat":[38.321,-14.944],
                "A_Upop":[0,0,0,0,0,0,13111,16367],
                "Metropole":"No"
                },
                  {
                 "ID":[4,29,4899],
                "A_Name":"Vila de Magude",
                "Longlat":[32.633,-25.018],
                "A_Upop":[0,0,0,0,0,0,14953,16356],
                "Metropole":"No"
                },
                  {
                 "ID":[4,29,4953],
                "A_Name":"Vila de Mangaja (Bala)",
                "Longlat":[37.501,-17.31],
                "A_Upop":[0,0,0,0,0,11725,15696,16183],
                "Metropole":"No"
                },
                  {
                 "ID":[4,29,4988],
                "A_Name":"Nhamizara",
                "Longlat":[33.29,-19.392],
                "A_Upop":[0,0,0,0,0,0,14057,16058],
                "Metropole":"No"
                },
                  {
                 "ID":[4,29,5040],
                "A_Name":"Municipio de Namaacha",
                "Longlat":[32.016,-25.984],
                "A_Upop":[0,0,0,0,0,10717,14750,15930],
                "Metropole":"No"
                },
                  {
                 "ID":[4,29,5133],
                "A_Name":"Sulemane (extens.)",
                "Longlat":[36.964,-17.904],
                "A_Upop":[0,0,0,0,0,0,13680,15598],
                "Metropole":"No"
                },
                  {
                 "ID":[4,29,5189],
                "A_Name":"Vila de Inhassoro",
                "Longlat":[35.198,-21.542],
                "A_Upop":[0,0,0,0,0,0,14267,15413],
                "Metropole":"No"
                },
                  {
                 "ID":[4,29,5230],
                "A_Name":"Nacare",
                "Longlat":[36.8,-14.323],
                "A_Upop":[0,0,0,0,0,0,11328,15274],
                "Metropole":"No"
                },
                  {
                 "ID":[4,29,5242],
                "A_Name":"Zobue sede",
                "Longlat":[34.437,-15.593],
                "A_Upop":[0,0,0,0,0,0,12035,15210],
                "Metropole":"No"
                },
                  {
                 "ID":[4,29,5244],
                "A_Name":"Vila de Inharime",
                "Longlat":[35.037,-24.463],
                "A_Upop":[0,0,0,0,0,0,13535,15205],
                "Metropole":"No"
                },
                  {
                 "ID":[4,29,5323],
                "A_Name":"Mieze sede",
                "Longlat":[40.454,-13.105],
                "A_Upop":[0,0,0,0,0,0,12582,14953],
                "Metropole":"No"
                },
                  {
                 "ID":[4,29,5352],
                "A_Name":"Comome",
                "Longlat":[38.815,-13.615],
                "A_Upop":[0,0,0,0,0,0,12680,14883],
                "Metropole":"No"
                },
                  {
                 "ID":[4,29,5363],
                "A_Name":"Vila de Macomia",
                "Longlat":[40.142,-12.236],
                "A_Upop":[0,0,0,0,0,14843,12271,14818],
                "Metropole":"No"
                },
                  {
                 "ID":[4,29,5407],
                "A_Name":"Mutubua",
                "Longlat":[37.171,-16.041],
                "A_Upop":[0,0,0,0,0,0,14565,14692],
                "Metropole":"No"
                },
                  {
                 "ID":[4,29,5431],
                "A_Name":"Cidade de Quelimane (Bairro Icidua)",
                "Longlat":[36.916,-17.884],
                "A_Upop":[0,0,0,0,0,0,10853,14599],
                "Metropole":"No"
                },
                  {
                 "ID":[4,29,5482],
                "A_Name":"Vila de Moamba",
                "Longlat":[32.244,-25.602],
                "A_Upop":[0,0,0,0,0,0,11888,14477],
                "Metropole":"No"
                },
                  {
                 "ID":[4,29,5502],
                "A_Name":"Municipio de Metangula",
                "Longlat":[34.816,-12.693],
                "A_Upop":[0,0,0,0,0,0,10252,14402],
                "Metropole":"No"
                },
                  {
                 "ID":[4,29,5559],
                "A_Name":"Cuacua",
                "Longlat":[35.71,-17.978],
                "A_Upop":[0,0,0,0,0,0,13061,14212],
                "Metropole":"No"
                },
                  {
                 "ID":[4,29,5606],
                "A_Name":"Magige Sede",
                "Longlat":[36.75,-15.328],
                "A_Upop":[0,0,0,0,0,0,11861,14097],
                "Metropole":"No"
                },
                  {
                 "ID":[4,29,5622],
                "A_Name":"Metuchira",
                "Longlat":[34.201,-19.174],
                "A_Upop":[0,0,0,0,0,0,0,14037],
                "Metropole":"No"
                },
                  {
                 "ID":[4,29,5655],
                "A_Name":"Carangache",
                "Longlat":[32.772,-15.746],
                "A_Upop":[0,0,0,0,0,0,11278,13972],
                "Metropole":"No"
                },
                  {
                 "ID":[4,29,5671],
                "A_Name":"Murrua",
                "Longlat":[36.866,-17.57],
                "A_Upop":[0,0,0,0,0,0,12210,13922],
                "Metropole":"No"
                },
                  {
                 "ID":[4,29,5697],
                "A_Name":"Marriebe",
                "Longlat":[36.901,-17.784],
                "A_Upop":[0,0,0,0,0,0,12127,13827],
                "Metropole":"No"
                },
                  {
                 "ID":[4,29,5760],
                "A_Name":"Bungane",
                "Longlat":[33.694,-24.859],
                "A_Upop":[0,0,0,0,0,0,12284,13660],
                "Metropole":"No"
                },
                  {
                 "ID":[4,29,5771],
                "A_Name":"Nivale",
                "Longlat":[40.102,-13.964],
                "A_Upop":[0,0,0,0,0,0,11659,13617],
                "Metropole":"No"
                },
                  {
                 "ID":[4,29,5860],
                "A_Name":"Sambane",
                "Longlat":[40.556,-13.356],
                "A_Upop":[0,0,0,0,0,0,11109,13396],
                "Metropole":"No"
                },
                  {
                 "ID":[4,29,5880],
                "A_Name":"Econha",
                "Longlat":[40.113,-15.289],
                "A_Upop":[0,0,0,0,0,0,0,13327],
                "Metropole":"No"
                },
                  {
                 "ID":[4,29,5991],
                "A_Name":"Colina",
                "Longlat":[39.015,-15.289],
                "A_Upop":[0,0,0,0,0,0,14083,13042],
                "Metropole":"No"
                },
                  {
                 "ID":[4,29,6021],
                "A_Name":"Vila de Morrumbene",
                "Longlat":[35.339,-23.65],
                "A_Upop":[0,0,0,0,0,12644,12315,12986],
                "Metropole":"No"
                },
                  {
                 "ID":[4,29,6040],
                "A_Name":"Netia",
                "Longlat":[39.979,-14.748],
                "A_Upop":[0,0,0,0,0,0,28830,12939],
                "Metropole":"No"
                },
                  {
                 "ID":[4,29,6068],
                "A_Name":"Guarneia",
                "Longlat":[39.565,-16.25],
                "A_Upop":[0,0,0,0,0,0,11392,12872],
                "Metropole":"No"
                },
                  {
                 "ID":[4,29,6077],
                "A_Name":"Mpeme",
                "Longlat":[39.675,-11.596],
                "A_Upop":[0,0,0,0,0,0,0,12851],
                "Metropole":"No"
                },
                  {
                 "ID":[4,29,6123],
                "A_Name":"Tombua",
                "Longlat":[36.86,-15.955],
                "A_Upop":[0,0,0,0,0,0,11665,12724],
                "Metropole":"No"
                },
                  {
                 "ID":[4,29,6207],
                "A_Name":"Municipio de Mandlakaze",
                "Longlat":[33.879,-24.713],
                "A_Upop":[0,0,0,0,0,18507,57412,12524],
                "Metropole":"No"
                },
                  {
                 "ID":[4,29,6375],
                "A_Name":"Furquia",
                "Longlat":[37.198,-17.486],
                "A_Upop":[0,0,0,0,0,0,10665,12154],
                "Metropole":"No"
                },
                  {
                 "ID":[4,29,6379],
                "A_Name":"Vila de Insaca",
                "Longlat":[35.873,-15.193],
                "A_Upop":[0,0,0,0,0,0,0,12148],
                "Metropole":"No"
                },
                  {
                 "ID":[4,29,6394],
                "A_Name":"Manhaca",
                "Longlat":[39.671,-14.997],
                "A_Upop":[0,0,0,0,0,0,0,12130],
                "Metropole":"No"
                },
                  {
                 "ID":[4,29,6400],
                "A_Name":"Ginama",
                "Longlat":[39.159,-16.086],
                "A_Upop":[0,0,0,0,0,0,10727,12121],
                "Metropole":"No"
                },
                  {
                 "ID":[4,29,6409],
                "A_Name":"Canhona",
                "Longlat":[38.689,-14.941],
                "A_Upop":[0,0,0,0,0,0,0,12104],
                "Metropole":"No"
                },
                  {
                 "ID":[4,29,6592],
                "A_Name":"Muambula",
                "Longlat":[39.816,-11.82],
                "A_Upop":[0,0,0,0,0,0,10030,11715],
                "Metropole":"No"
                },
                  {
                 "ID":[4,29,6599],
                "A_Name":"Tica-Sede",
                "Longlat":[34.436,-19.411],
                "A_Upop":[0,0,0,0,0,0,0,11702],
                "Metropole":"No"
                },
                  {
                 "ID":[4,29,6614],
                "A_Name":"Rapale",
                "Longlat":[39.133,-15.021],
                "A_Upop":[0,0,0,0,0,0,12633,11697],
                "Metropole":"No"
                },
                  {
                 "ID":[4,29,6621],
                "A_Name":"Furancungo sede",
                "Longlat":[33.615,-14.911],
                "A_Upop":[0,0,0,0,0,0,0,11689],
                "Metropole":"No"
                },
                  {
                 "ID":[4,29,6703],
                "A_Name":"Mao Tse Tung",
                "Longlat":[33.408,-24.857],
                "A_Upop":[0,0,0,0,0,0,11381,11499],
                "Metropole":"No"
                },
                  {
                 "ID":[4,29,6725],
                "A_Name":"Namatil",
                "Longlat":[39.48,-11.115],
                "A_Upop":[0,0,0,0,0,0,0,11450],
                "Metropole":"No"
                },
                  {
                 "ID":[4,29,6760],
                "A_Name":"Vila de Chinde",
                "Longlat":[36.445,-18.596],
                "A_Upop":[0,0,0,0,0,16374,10531,11366],
                "Metropole":"No"
                },
                  {
                 "ID":[4,29,6801],
                "A_Name":"Cidade de Maputo (Incassane)",
                "Longlat":[32.531,-26.018],
                "A_Upop":[0,0,0,0,0,0,0,11295],
                "Metropole":"No"
                },
                  {
                 "ID":[4,29,6809],
                "A_Name":"Nhassacara",
                "Longlat":[33.252,-17.608],
                "A_Upop":[0,0,0,0,0,0,0,11289],
                "Metropole":"No"
                },
                  {
                 "ID":[4,29,6842],
                "A_Name":"Vila de Meconta (N)",
                "Longlat":[39.838,-14.961],
                "A_Upop":[0,0,0,0,0,12027,0,11208],
                "Metropole":"No"
                },
                  {
                 "ID":[4,29,6851],
                "A_Name":"Eduardo Mondlane",
                "Longlat":[32.35,-26.157],
                "A_Upop":[0,0,0,0,0,0,0,11199],
                "Metropole":"No"
                },
                  {
                 "ID":[4,29,6873],
                "A_Name":"Koca Missava",
                "Longlat":[33.646,-24.798],
                "A_Upop":[0,0,0,0,0,0,10367,11131],
                "Metropole":"No"
                },
                  {
                 "ID":[4,29,6917],
                "A_Name":"Nabula",
                "Longlat":[38.888,-16.79],
                "A_Upop":[0,0,0,0,0,0,10755,11056],
                "Metropole":"No"
                },
                  {
                 "ID":[4,29,6943],
                "A_Name":"Murrebue sede",
                "Longlat":[40.548,-13.135],
                "A_Upop":[0,0,0,0,0,0,0,11003],
                "Metropole":"No"
                },
                  {
                 "ID":[4,29,6946],
                "A_Name":"Vila de Gorongosa (Norte)",
                "Longlat":[34.078,-18.661],
                "A_Upop":[0,0,0,0,0,13600,0,11000],
                "Metropole":"No"
                },
                  {
                 "ID":[4,29,6947],
                "A_Name":"Vila de Gorongosa (Sul)",
                "Longlat":[34.07,-18.684],
                "A_Upop":[0,0,0,0,0,0,0,11000],
                "Metropole":"No"
                },
                  {
                 "ID":[4,29,6969],
                "A_Name":"Junta",
                "Longlat":[34.985,-12.759],
                "A_Upop":[0,0,0,0,0,0,0,10995],
                "Metropole":"No"
                },
                  {
                 "ID":[4,29,7000],
                "A_Name":"Mienguelue",
                "Longlat":[40.093,-11.833],
                "A_Upop":[0,0,0,0,0,0,0,10955],
                "Metropole":"No"
                },
                  {
                 "ID":[4,29,7091],
                "A_Name":"Funganha",
                "Longlat":[37.044,-17.263],
                "A_Upop":[0,0,0,0,0,0,0,10758],
                "Metropole":"No"
                },
                  {
                 "ID":[4,29,7142],
                "A_Name":"Manono",
                "Longlat":[40.386,-12.97],
                "A_Upop":[0,0,0,0,0,0,0,10678],
                "Metropole":"No"
                },
                  {
                 "ID":[4,29,7221],
                "A_Name":"Vila de Ressano Garcia Sede",
                "Longlat":[31.997,-25.461],
                "A_Upop":[0,0,0,0,0,0,0,10539],
                "Metropole":"No"
                },
                  {
                 "ID":[4,29,7291],
                "A_Name":"Taninga Sede",
                "Longlat":[32.837,-25.174],
                "A_Upop":[0,0,0,0,0,0,0,10437],
                "Metropole":"No"
                },
                  {
                 "ID":[4,29,7361],
                "A_Name":"Chissano Sede",
                "Longlat":[33.362,-24.93],
                "A_Upop":[0,0,0,0,0,0,10137,10335],
                "Metropole":"No"
                },
                  {
                 "ID":[4,29,7368],
                "A_Name":"Vila de Mutuali",
                "Longlat":[37.009,-14.839],
                "A_Upop":[0,0,0,0,0,28021,0,10328],
                "Metropole":"No"
                },
                  {
                 "ID":[4,29,7375],
                "A_Name":"Nulone",
                "Longlat":[39.431,-15.096],
                "A_Upop":[0,0,0,0,0,0,0,10319],
                "Metropole":"No"
                },
                  {
                 "ID":[4,29,7433],
                "A_Name":"Vila de Buzi",
                "Longlat":[34.598,-19.883],
                "A_Upop":[0,0,0,0,0,14135,0,10244],
                "Metropole":"No"
                },
                  {
                 "ID":[4,29,7449],
                "A_Name":"25 de Junho",
                "Longlat":[32.385,-26.109],
                "A_Upop":[0,0,0,0,0,0,0,10221],
                "Metropole":"No"
                },
                  {
                 "ID":[4,29,7485],
                "A_Name":"Nangade sede",
                "Longlat":[39.676,-11.075],
                "A_Upop":[0,0,0,0,0,0,0,10175],
                "Metropole":"No"
                },
                  {
                 "ID":[4,29,7592],
                "A_Name":"Chemba sede",
                "Longlat":[34.888,-17.166],
                "A_Upop":[0,0,0,0,0,0,0,10034],
                "Metropole":"No"
                },
                  {
                 "ID":[4,29,8119],
                "A_Name":"Marracuene",
                "Longlat":[32.667281,-25.747981],
                "A_Upop":[0,0,0,0,0,10554,0,0],
                "Metropole":"No"
                },
                  {
                "ID":[4,29,8231],
                "A_Name":"Matola",
                "Longlat":[32.530045,-25.8486],
                "A_Upop":[0,0,0,0,0,0,0,0],
                "Metropole":"No"
                }]
}