{
    "EN_country":"Namibia",
    "FR_country":"Namibie",
    "ID":[4,32,0],
    "Upop":[20205,48200,106200,169942,318371,513703,771567],
    "Urbanlevel":[0.05,0.09,0.14,0.17,0.23,0.29,0.37,0.4],
    "Numagglos":[1,2,4,7,12,16,18,17],
    "Mpop":[1,0.75,0.58,0.54,0.44,0.43,0.41,0.4],
    "ADBA":[0,266,342,162,162,133,126,134.4],
    "Agglomerations":[
    {
                 "ID":[4,32,188],
                "A_Name":"Windhoek",
                "Longlat":[17.059,-22.558],
                "A_Upop":[20205,36000,61800,91913,140925,221946,314132,357256],
                "Metropole":"Yes"
                },
                  {
                 "ID":[4,32,1022],
                "A_Name":"Rundu",
                "Longlat":[19.767,-17.922],
                "A_Upop":[0,0,0,11859,18522,34427,59773,71321],
                "Metropole":"No"
                },
                  {
                 "ID":[4,32,1069],
                "A_Name":"Walvis Bay",
                "Longlat":[14.512,-22.953],
                "A_Upop":[0,12200,21700,20617,22736,40647,59729,68605],
                "Metropole":"No"
                },
                  {
                 "ID":[4,32,1190],
                "A_Name":"Oshakati",
                "Longlat":[15.691,-17.773],
                "A_Upop":[0,0,0,0,18109,27433,35522,62231],
                "Metropole":"No"
                },
                  {
                 "ID":[4,32,1487],
                "A_Name":"Swakopmund",
                "Longlat":[14.548,-22.655],
                "A_Upop":[0,0,0,11389,17051,23041,41728,50203],
                "Metropole":"No"
                },
                  {
                 "ID":[4,32,2537],
                "A_Name":"Rehoboth",
                "Longlat":[17.088,-23.311],
                "A_Upop":[0,0,0,11411,20297,21322,27898,31024],
                "Metropole":"No"
                },
                  {
                 "ID":[4,32,2547],
                "A_Name":"Otjiwarongo",
                "Longlat":[16.664,-20.467],
                "A_Upop":[0,0,0,0,15053,19169,27138,30863],
                "Metropole":"No"
                },
                  {
                 "ID":[4,32,2555],
                "A_Name":"Katima Mulilo",
                "Longlat":[24.281,-17.51],
                "A_Upop":[0,0,0,0,12720,20941,27599,30768],
                "Metropole":"No"
                },
                  {
                 "ID":[4,32,2578],
                "A_Name":"Helao Nafidi",
                "Longlat":[15.896,-17.428],
                "A_Upop":[0,0,0,0,0,0,18000,30544],
                "Metropole":"No"
                },
                  {
                 "ID":[4,32,3079],
                "A_Name":"Ondangwa",
                "Longlat":[15.978,-17.91],
                "A_Upop":[0,0,0,0,0,10525,21040,25785],
                "Metropole":"No"
                },
                  {
                 "ID":[4,32,3168],
                "A_Name":"Okahandja",
                "Longlat":[16.902,-21.986],
                "A_Upop":[0,0,0,0,10518,13673,21480,25087],
                "Metropole":"No"
                },
                  {
                 "ID":[4,32,3567],
                "A_Name":"Keetmanshoop",
                "Longlat":[18.133,-26.571],
                "A_Upop":[0,0,10300,11376,14635,15694,20330,22544],
                "Metropole":"No"
                },
                  {
                 "ID":[4,32,3844],
                "A_Name":"Gobabis",
                "Longlat":[18.99,-22.437],
                "A_Upop":[0,0,0,0,0,13103,18438,20948],
                "Metropole":"No"
                },
                  {
                 "ID":[4,32,3924],
                "A_Name":"Tsumeb",
                "Longlat":[17.715,-19.251],
                "A_Upop":[0,0,12400,11377,15632,15065,18741,20489],
                "Metropole":"No"
                },
                  {
                 "ID":[4,32,4609],
                "A_Name":"Grootfontein",
                "Longlat":[18.102,-19.573],
                "A_Upop":[0,0,0,0,12175,14085,16351,17440],
                "Metropole":"No"
                },
                  {
                 "ID":[4,32,5849],
                "A_Name":"Mariental",
                "Longlat":[17.964,-24.624],
                "A_Upop":[0,0,0,0,0,0,12156,13413],
                "Metropole":"No"
                },
                  {
                 "ID":[4,32,6157],
                "A_Name":"Luderitz",
                "Longlat":[15.164,-26.642],
                "A_Upop":[0,0,0,0,0,12520,12618,12659],
                "Metropole":"No"
                },
                  {
                "ID":[4,32,8962],
                "A_Name":"Ongwediva",
                "Longlat":[15.766,-17.779],
                "A_Upop":[0,0,0,0,0,10112,18894,0],
                "Metropole":"No"
                }]
}