{
    "EN_country":"Niger",
    "FR_country":"Niger",
    "ID":[5,33,0],
    "Upop":[23300,84248,215538,519163,1091814,1705315,2504803],
    "Urbanlevel":[0.01,0.03,0.05,0.09,0.14,0.16,0.16,0.17],
    "Numagglos":[2,4,6,10,24,37,48,68],
    "Mpop":[0,0.4,0.47,0.5,0.39,0.39,0.36,0.33],
    "ADBA":[418,259,227,132,78,57,44,37.7],
    "Agglomerations":[
    {
                 "ID":[5,33,65],
                "A_Name":"Niamey",
                "Longlat":[2.116,13.518],
                "A_Upop":[0,33373,100820,260227,427810,660907,906683,1071481],
                "Metropole":"Yes"
                },
                  {
                 "ID":[5,33,185],
                "A_Name":"Maradi",
                "Longlat":[7.097,13.508],
                "A_Upop":[0,15170,29267,57499,114596,144613,235035,360960],
                "Metropole":"No"
                },
                  {
                 "ID":[5,33,254],
                "A_Name":"Zinder",
                "Longlat":[8.978,13.812],
                "A_Upop":[12400,19574,37764,70462,126353,164638,219203,260268],
                "Metropole":"No"
                },
                  {
                 "ID":[5,33,529],
                "A_Name":"Tahoua",
                "Longlat":[5.26,14.891],
                "A_Upop":[10900,16131,24115,35334,52471,67175,104839,134126],
                "Metropole":"No"
                },
                  {
                 "ID":[5,33,587],
                "A_Name":"Agadez",
                "Longlat":[7.992,16.966],
                "A_Upop":[0,0,12333,25749,52862,74464,102170,119502],
                "Metropole":"No"
                },
                  {
                 "ID":[5,33,1078],
                "A_Name":"Birni N'Konni",
                "Longlat":[5.258,13.793],
                "A_Upop":[0,0,11239,18058,30978,43202,58583,68114],
                "Metropole":"No"
                },
                  {
                 "ID":[5,33,1183],
                "A_Name":"Dosso",
                "Longlat":[3.2,13.038],
                "A_Upop":[0,0,0,12863,28466,41572,54887,62715],
                "Metropole":"No"
                },
                  {
                 "ID":[5,33,1420],
                "A_Name":"Arlit",
                "Longlat":[7.393,18.738],
                "A_Upop":[0,0,0,12945,33152,37905,46912,52419],
                "Metropole":"No"
                },
                  {
                 "ID":[5,33,1482],
                "A_Name":"Gaya",
                "Longlat":[3.453,11.894],
                "A_Upop":[0,0,0,0,16424,27008,41039,50368],
                "Metropole":"No"
                },
                  {
                 "ID":[5,33,1624],
                "A_Name":"Tessaoua",
                "Longlat":[7.988,13.752],
                "A_Upop":[0,0,0,13721,21142,30525,40532,46490],
                "Metropole":"No"
                },
                  {
                 "ID":[5,33,1701],
                "A_Name":"Diffa",
                "Longlat":[12.598,13.317],
                "A_Upop":[0,0,0,0,14573,22422,35574,44886],
                "Metropole":"No"
                },
                  {
                 "ID":[5,33,1992],
                "A_Name":"Dogondoutchi",
                "Longlat":[4.03,13.637],
                "A_Upop":[0,0,0,12305,21603,28450,35134,38904],
                "Metropole":"No"
                },
                  {
                 "ID":[5,33,2325],
                "A_Name":"Dakoro",
                "Longlat":[6.765,14.511],
                "A_Upop":[0,0,0,0,15157,18502,26624,33623],
                "Metropole":"No"
                },
                  {
                 "ID":[5,33,2467],
                "A_Name":"Tera",
                "Longlat":[0.751,14.003],
                "A_Upop":[0,0,0,0,13202,18828,26691,31768],
                "Metropole":"No"
                },
                  {
                 "ID":[5,33,2535],
                "A_Name":"Mirriah",
                "Longlat":[9.157,13.711],
                "A_Upop":[0,0,0,0,13994,18287,25964,31080],
                "Metropole":"No"
                },
                  {
                 "ID":[5,33,2600],
                "A_Name":"Matameye",
                "Longlat":[8.473,13.419],
                "A_Upop":[0,0,0,0,12039,17292,25140,30333],
                "Metropole":"No"
                },
                  {
                 "ID":[5,33,2612],
                "A_Name":"Tillaberi",
                "Longlat":[1.466,14.206],
                "A_Upop":[0,0,0,0,0,15823,21284,30188],
                "Metropole":"No"
                },
                  {
                 "ID":[5,33,2680],
                "A_Name":"Madaoua",
                "Longlat":[5.953,14.069],
                "A_Upop":[0,0,0,0,12862,21104,26595,29420],
                "Metropole":"No"
                },
                  {
                 "ID":[5,33,2760],
                "A_Name":"Akokan",
                "Longlat":[7.339,18.714],
                "A_Upop":[0,0,0,0,15568,28622,29352,28775],
                "Metropole":"No"
                },
                  {
                 "ID":[5,33,2815],
                "A_Name":"Magaria",
                "Longlat":[8.907,13.002],
                "A_Upop":[0,0,0,0,12509,17217,23885,28145],
                "Metropole":"No"
                },
                  {
                 "ID":[5,33,3074],
                "A_Name":"N'Guigmi",
                "Longlat":[13.111,14.251],
                "A_Upop":[0,0,0,0,10307,15305,21715,25801],
                "Metropole":"No"
                },
                  {
                 "ID":[5,33,3157],
                "A_Name":"Abalak",
                "Longlat":[6.284,15.46],
                "A_Upop":[0,0,0,0,0,11931,19435,25197],
                "Metropole":"No"
                },
                  {
                 "ID":[5,33,3186],
                "A_Name":"Tchadoua",
                "Longlat":[7.456,13.551],
                "A_Upop":[0,0,0,0,0,12618,18311,24960],
                "Metropole":"No"
                },
                  {
                 "ID":[5,33,3286],
                "A_Name":"Illela",
                "Longlat":[5.248,14.46],
                "A_Upop":[0,0,0,0,12260,15444,20831,24284],
                "Metropole":"No"
                },
                  {
                 "ID":[5,33,3354],
                "A_Name":"Tamaske",
                "Longlat":[5.656,14.829],
                "A_Upop":[0,0,0,0,10382,12674,19170,23860],
                "Metropole":"No"
                },
                  {
                 "ID":[5,33,3736],
                "A_Name":"Tanout",
                "Longlat":[8.88,14.973],
                "A_Upop":[0,0,0,0,12176,15412,19247,21493],
                "Metropole":"No"
                },
                  {
                 "ID":[5,33,4142],
                "A_Name":"Goure",
                "Longlat":[10.263,13.985],
                "A_Upop":[0,0,0,0,0,13010,17099,19561],
                "Metropole":"No"
                },
                  {
                 "ID":[5,33,4160],
                "A_Name":"Guidan Roumdji",
                "Longlat":[6.695,13.663],
                "A_Upop":[0,0,0,0,0,10400,15757,19492],
                "Metropole":"No"
                },
                  {
                 "ID":[5,33,4260],
                "A_Name":"Aguie",
                "Longlat":[7.78,13.503],
                "A_Upop":[0,0,0,0,0,10914,15892,19044],
                "Metropole":"No"
                },
                  {
                 "ID":[5,33,4591],
                "A_Name":"Balleyara",
                "Longlat":[2.944,13.78],
                "A_Upop":[0,0,0,0,0,10357,14755,17487],
                "Metropole":"No"
                },
                  {
                 "ID":[5,33,4666],
                "A_Name":"Tchintabaraden",
                "Longlat":[5.804,15.904],
                "A_Upop":[0,0,0,0,0,0,13632,17168],
                "Metropole":"No"
                },
                  {
                 "ID":[5,33,4712],
                "A_Name":"Guidimouni",
                "Longlat":[9.515,13.694],
                "A_Upop":[0,0,0,0,0,0,13793,17029],
                "Metropole":"No"
                },
                  {
                 "ID":[5,33,4855],
                "A_Name":"Dan Issa",
                "Longlat":[7.257,13.201],
                "A_Upop":[0,0,0,0,0,0,12502,16489],
                "Metropole":"No"
                },
                  {
                 "ID":[5,33,4991],
                "A_Name":"Gazaoua",
                "Longlat":[7.911,13.526],
                "A_Upop":[0,0,0,0,0,0,13413,16054],
                "Metropole":"No"
                },
                  {
                 "ID":[5,33,5029],
                "A_Name":"Kolbou Zarma",
                "Longlat":[2.955,13.285],
                "A_Upop":[0,0,0,0,0,0,0,15983],
                "Metropole":"No"
                },
                  {
                 "ID":[5,33,5054],
                "A_Name":"Kollo",
                "Longlat":[2.315,13.341],
                "A_Upop":[0,0,0,0,0,10055,13706,15865],
                "Metropole":"No"
                },
                  {
                 "ID":[5,33,5083],
                "A_Name":"Badaguichiri",
                "Longlat":[5.366,14.517],
                "A_Upop":[0,0,0,0,0,0,10745,15749],
                "Metropole":"No"
                },
                  {
                 "ID":[5,33,5199],
                "A_Name":"Birni N'Gaoure",
                "Longlat":[2.904,13.083],
                "A_Upop":[0,0,0,0,0,10328,13542,15376],
                "Metropole":"No"
                },
                  {
                 "ID":[5,33,5282],
                "A_Name":"Abala Maidagi",
                "Longlat":[3.431,14.929],
                "A_Upop":[0,0,0,0,0,0,0,15071],
                "Metropole":"No"
                },
                  {
                 "ID":[5,33,5321],
                "A_Name":"Matankari",
                "Longlat":[4.006,13.767],
                "A_Upop":[0,0,0,0,0,11200,13595,14960],
                "Metropole":"No"
                },
                  {
                 "ID":[5,33,5456],
                "A_Name":"Galmi",
                "Longlat":[5.67,13.965],
                "A_Upop":[0,0,0,0,0,10825,13287,14516],
                "Metropole":"No"
                },
                  {
                 "ID":[5,33,5527],
                "A_Name":"Kantche",
                "Longlat":[8.465,13.538],
                "A_Upop":[0,0,0,0,0,0,12143,14328],
                "Metropole":"No"
                },
                  {
                 "ID":[5,33,5529],
                "A_Name":"Say",
                "Longlat":[2.361,13.101],
                "A_Upop":[0,0,0,0,0,10102,12817,14317],
                "Metropole":"No"
                },
                  {
                 "ID":[5,33,5623],
                "A_Name":"Mayahi",
                "Longlat":[7.674,13.951],
                "A_Upop":[0,0,0,0,0,0,12334,14035],
                "Metropole":"No"
                },
                  {
                 "ID":[5,33,5682],
                "A_Name":"Maine Soroa",
                "Longlat":[12.025,13.218],
                "A_Upop":[0,0,0,0,0,0,12427,13886],
                "Metropole":"No"
                },
                  {
                 "ID":[5,33,5719],
                "A_Name":"Dungass",
                "Longlat":[9.341,13.062],
                "A_Upop":[0,0,0,0,0,0,0,13763],
                "Metropole":"No"
                },
                  {
                 "ID":[5,33,5810],
                "A_Name":"Tsernaoua",
                "Longlat":[5.341,13.895],
                "A_Upop":[0,0,0,0,0,0,0,13513],
                "Metropole":"No"
                },
                  {
                 "ID":[5,33,5840],
                "A_Name":"Ayorou Haoussa",
                "Longlat":[0.924,14.733],
                "A_Upop":[0,0,0,0,0,0,0,13434],
                "Metropole":"No"
                },
                  {
                 "ID":[5,33,5843],
                "A_Name":"Torodi",
                "Longlat":[1.798,13.119],
                "A_Upop":[0,0,0,0,0,0,10397,13421],
                "Metropole":"No"
                },
                  {
                 "ID":[5,33,5952],
                "A_Name":"Madarounfa",
                "Longlat":[7.161,13.304],
                "A_Upop":[0,0,0,0,0,0,11368,13136],
                "Metropole":"No"
                },
                  {
                 "ID":[5,33,5960],
                "A_Name":"Bengou",
                "Longlat":[3.594,11.99],
                "A_Upop":[0,0,0,0,0,0,11590,13115],
                "Metropole":"No"
                },
                  {
                 "ID":[5,33,6091],
                "A_Name":"Filingue",
                "Longlat":[3.326,14.356],
                "A_Upop":[0,0,0,0,0,11450,12382,12802],
                "Metropole":"No"
                },
                  {
                 "ID":[5,33,6280],
                "A_Name":"Yekoua Nagalabou",
                "Longlat":[8.676,13.036],
                "A_Upop":[0,0,0,0,0,0,0,12364],
                "Metropole":"No"
                },
                  {
                 "ID":[5,33,6730],
                "A_Name":"Ouallam",
                "Longlat":[2.09,14.32],
                "A_Upop":[0,0,0,0,0,0,0,11425],
                "Metropole":"No"
                },
                  {
                 "ID":[5,33,6780],
                "A_Name":"Bouza",
                "Longlat":[6.04,14.423],
                "A_Upop":[0,0,0,0,0,0,0,11331],
                "Metropole":"No"
                },
                  {
                 "ID":[5,33,6909],
                "A_Name":"Dogo Chaibou",
                "Longlat":[9.016,13.497],
                "A_Upop":[0,0,0,0,0,0,0,11074],
                "Metropole":"No"
                },
                  {
                 "ID":[5,33,7037],
                "A_Name":"Banigoungou",
                "Longlat":[2.854,12.605],
                "A_Upop":[0,0,0,0,0,0,0,10899],
                "Metropole":"No"
                },
                  {
                 "ID":[5,33,7042],
                "A_Name":"Tounfafi",
                "Longlat":[5.982,14.048],
                "A_Upop":[0,0,0,0,0,0,0,10892],
                "Metropole":"No"
                },
                  {
                 "ID":[5,33,7055],
                "A_Name":"Toumour",
                "Longlat":[13.125,13.669],
                "A_Upop":[0,0,0,0,0,0,0,10861],
                "Metropole":"No"
                },
                  {
                 "ID":[5,33,7083],
                "A_Name":"Keita",
                "Longlat":[5.778,14.76],
                "A_Upop":[0,0,0,0,0,0,0,10780],
                "Metropole":"No"
                },
                  {
                 "ID":[5,33,7157],
                "A_Name":"Bande Haoussa",
                "Longlat":[8.888,13.179],
                "A_Upop":[0,0,0,0,0,0,0,10647],
                "Metropole":"No"
                },
                  {
                 "ID":[5,33,7311],
                "A_Name":"Bagaroua",
                "Longlat":[4.349,14.64],
                "A_Upop":[0,0,0,0,0,0,0,10415],
                "Metropole":"No"
                },
                  {
                 "ID":[5,33,7318],
                "A_Name":"Bandio",
                "Longlat":[1.088,13.893],
                "A_Upop":[0,0,0,0,0,0,0,10407],
                "Metropole":"No"
                },
                  {
                 "ID":[5,33,7479],
                "A_Name":"Sanam",
                "Longlat":[3.918,14.837],
                "A_Upop":[0,0,0,0,0,0,0,10182],
                "Metropole":"No"
                },
                  {
                 "ID":[5,33,7546],
                "A_Name":"Toullou 1",
                "Longlat":[5.202,14.17],
                "A_Upop":[0,0,0,0,0,0,0,10097],
                "Metropole":"No"
                },
                  {
                 "ID":[5,33,7572],
                "A_Name":"Toro",
                "Longlat":[5.394,15.004],
                "A_Upop":[0,0,0,0,0,0,0,10052],
                "Metropole":"No"
                },
                  {
                 "ID":[5,33,7601],
                "A_Name":"Kaoura Abdou",
                "Longlat":[5.661,14.452],
                "A_Upop":[0,0,0,0,0,0,0,10025],
                "Metropole":"No"
                },
                  {
                 "ID":[5,33,7604],
                "A_Name":"Tchicadji",
                "Longlat":[7.121,13.407],
                "A_Upop":[0,0,0,0,0,0,0,10011],
                "Metropole":"No"
                },
                  {
                "ID":[5,33,8963],
                "A_Name":"Tibiri (Maradi) ",
                "Longlat":[7.061857,13.566765],
                "A_Upop":[0,0,0,0,10929,14736,22791,0],
                "Metropole":"No"
                }]
}