{
    "EN_country":"Republic of the Congo",
    "FR_country":"République du Congo",
    "ID":[1,10,0],
    "Upop":[102400,173500,372941,801521,1321373,1907492,2790185],
    "Urbanlevel":[0.15,0.2,0.33,0.5,0.6,0.65,0.66,0.66],
    "Numagglos":[2,3,4,9,15,17,24,27],
    "Mpop":[1,0.93,0.89,0.84,0.81,0.81,0.79,0.78],
    "ADBA":[376,168,116,100,86,83,67,65],
    "Agglomerations":[
    {
                 "ID":[1,10,50],
                "A_Name":"Brazzaville",
                "Longlat":[15.249,-4.242],
                "A_Upop":[81400,94000,216619,449723,702481,1017373,1451564,1588304],
                "Metropole":"Yes"
                },
                  {
                 "ID":[1,10,84],
                "A_Name":"Pointe Noire",
                "Longlat":[11.913,-4.825],
                "A_Upop":[21000,68000,114132,221157,365799,535320,758807,845481],
                "Metropole":"Yes"
                },
                  {
                 "ID":[1,10,731],
                "A_Name":"Dolisie",
                "Longlat":[12.674,-4.199],
                "A_Upop":[0,11500,22045,39571,61980,81266,88626,97291],
                "Metropole":"No"
                },
                  {
                 "ID":[1,10,864],
                "A_Name":"Nkayi",
                "Longlat":[13.277,-4.185],
                "A_Upop":[0,0,20144,33314,41100,54578,75746,83152],
                "Metropole":"No"
                },
                  {
                 "ID":[1,10,1050],
                "A_Name":"Kindamba",
                "Longlat":[14.511,-3.743],
                "A_Upop":[0,0,0,0,14662,33547,63338,69550],
                "Metropole":"No"
                },
                  {
                 "ID":[1,10,1941],
                "A_Name":"Impfondo",
                "Longlat":[18.057,1.623],
                "A_Upop":[0,0,0,0,13404,21025,35912,39513],
                "Metropole":"No"
                },
                  {
                 "ID":[1,10,2397],
                "A_Name":"Ouesso",
                "Longlat":[16.05,1.621],
                "A_Upop":[0,0,0,0,14446,21030,29792,32642],
                "Metropole":"No"
                },
                  {
                 "ID":[1,10,2640],
                "A_Name":"Madingou",
                "Longlat":[13.542,-4.183],
                "A_Upop":[0,0,0,10335,13414,15413,27191,29847],
                "Metropole":"No"
                },
                  {
                 "ID":[1,10,2826],
                "A_Name":"Owando",
                "Longlat":[15.897,-0.487],
                "A_Upop":[0,0,0,12777,17447,20913,25935,28063],
                "Metropole":"No"
                },
                  {
                 "ID":[1,10,2938],
                "A_Name":"Sibiti",
                "Longlat":[13.343,-3.68],
                "A_Upop":[0,0,0,11457,15731,18961,24400,27022],
                "Metropole":"No"
                },
                  {
                 "ID":[1,10,3614],
                "A_Name":"Loutélé",
                "Longlat":[13.863,-4.299],
                "A_Upop":[0,0,0,0,0,12025,20317,22301],
                "Metropole":"No"
                },
                  {
                 "ID":[1,10,3647],
                "A_Name":"Bouansa",
                "Longlat":[13.76,-4.216],
                "A_Upop":[0,0,0,0,0,0,20160,22129],
                "Metropole":"No"
                },
                  {
                 "ID":[1,10,3715],
                "A_Name":"Gamboma",
                "Longlat":[15.876,-1.873],
                "A_Upop":[0,0,0,10127,13391,16872,19642,21678],
                "Metropole":"No"
                },
                  {
                 "ID":[1,10,4675],
                "A_Name":"Mossaka",
                "Longlat":[16.792,-1.225],
                "A_Upop":[0,0,0,0,0,10866,15844,17145],
                "Metropole":"No"
                },
                  {
                 "ID":[1,10,4752],
                "A_Name":"Mindouli",
                "Longlat":[14.362,-4.271],
                "A_Upop":[0,0,0,0,0,0,15381,16889],
                "Metropole":"No"
                },
                  {
                 "ID":[1,10,4879],
                "A_Name":"Loudima Gare",
                "Longlat":[13.048,-4.162],
                "A_Upop":[0,0,0,0,10116,0,14942,16402],
                "Metropole":"No"
                },
                  {
                 "ID":[1,10,4936],
                "A_Name":"Oyo",
                "Longlat":[15.983,-1.156],
                "A_Upop":[0,0,0,0,0,0,14988,16218],
                "Metropole":"No"
                },
                  {
                 "ID":[1,10,4959],
                "A_Name":"Makoua",
                "Longlat":[15.619,-0.008],
                "A_Upop":[0,0,0,0,11097,12222,14930,16155],
                "Metropole":"No"
                },
                  {
                 "ID":[1,10,5203],
                "A_Name":"Mossendjo",
                "Longlat":[12.714,-2.947],
                "A_Upop":[0,0,0,13060,15388,15206,14001,15369],
                "Metropole":"No"
                },
                  {
                 "ID":[1,10,5384],
                "A_Name":"Mouyondzi",
                "Longlat":[13.925,-3.985],
                "A_Upop":[0,0,0,0,0,0,13425,14736],
                "Metropole":"No"
                },
                  {
                 "ID":[1,10,5635],
                "A_Name":"Boundji",
                "Longlat":[15.348,-1.034],
                "A_Upop":[0,0,0,0,0,0,0,14000],
                "Metropole":"No"
                },
                  {
                 "ID":[1,10,5939],
                "A_Name":"Ewo",
                "Longlat":[14.817,-0.87],
                "A_Upop":[0,0,0,0,0,0,0,13177],
                "Metropole":"No"
                },
                  {
                 "ID":[1,10,5968],
                "A_Name":"Bétou",
                "Longlat":[18.513,3.064],
                "A_Upop":[0,0,0,0,0,0,11903,13097],
                "Metropole":"No"
                },
                  {
                 "ID":[1,10,6079],
                "A_Name":"Pokola",
                "Longlat":[16.323,1.408],
                "A_Upop":[0,0,0,0,0,0,11302,12848],
                "Metropole":"No"
                },
                  {
                 "ID":[1,10,6232],
                "A_Name":"Djambala",
                "Longlat":[14.755,-2.539],
                "A_Upop":[0,0,0,0,0,0,11301,12472],
                "Metropole":"No"
                },
                  {
                 "ID":[1,10,6535],
                "A_Name":"Ngo",
                "Longlat":[15.747,-2.484],
                "A_Upop":[0,0,0,0,0,0,10738,11851],
                "Metropole":"No"
                },
                  {
                "ID":[1,10,7096],
                "A_Name":"Makabana",
                "Longlat":[12.609,-3.474],
                "A_Upop":[0,0,0,0,10918,10815,0,10751],
                "Metropole":"No"
                }]
}