{
    "EN_country":"Rwanda",
    "FR_country":"Rwanda",
    "ID":[2,35,0],
    "Upop":[22383,0,69900,208268,338541,2023828,5943406],
    "Urbanlevel":[0.01,0,0.02,0.04,0.05,0.26,0.59,0.56],
    "Numagglos":[2,0,2,5,7,53,41,41],
    "Mpop":[0.53,0,0.82,0.62,0.66,0.39,0.35,0.35],
    "ADBA":[81,0,73,43,37,10,12,12.7],
    "Agglomerations":[
    {
                 "ID":[2,35,37],
                "A_Name":"Kigali",
                "Longlat":[30.166,-1.797],
                "A_Upop":[11767,0,57400,129356,223157,790733,2052569,2202094],
                "Metropole":"Yes"
                },
                  {
                 "ID":[2,35,66],
                "A_Name":"Gisenyi/Kisoro[RWA]",
                "Longlat":[29.506,-1.576],
                "A_Upop":[0,0,0,13794,21222,20831,545256,1069680],
                "Metropole":"No"
                },
                  {
                 "ID":[2,35,115],
                "A_Name":"Ruhango",
                "Longlat":[29.824,-2.098],
                "A_Upop":[0,0,0,0,0,52732,568926,599923],
                "Metropole":"No"
                },
                  {
                 "ID":[2,35,318],
                "A_Name":"Butare",
                "Longlat":[29.774,-2.582],
                "A_Upop":[0,0,0,0,0,0,0,218328],
                "Metropole":"No"
                },
                  {
                 "ID":[2,35,327],
                "A_Name":"Kabarore",
                "Longlat":[30.256,-1.626],
                "A_Upop":[0,0,0,0,0,17292,189740,214935],
                "Metropole":"No"
                },
                  {
                 "ID":[2,35,509],
                "A_Name":"Cyangugu",
                "Longlat":[28.977,-2.47],
                "A_Upop":[0,0,0,0,0,21661,135193,137940],
                "Metropole":"No"
                },
                  {
                 "ID":[2,35,597],
                "A_Name":"Kinazi",
                "Longlat":[29.94,-2.205],
                "A_Upop":[0,0,0,0,0,25826,108620,116407],
                "Metropole":"No"
                },
                  {
                 "ID":[2,35,614],
                "A_Name":"Rwimiyaga",
                "Longlat":[30.406,-1.19],
                "A_Upop":[0,0,0,0,0,17364,93692,113435],
                "Metropole":"No"
                },
                  {
                 "ID":[2,35,636],
                "A_Name":"Ngeruka",
                "Longlat":[30.136,-2.307],
                "A_Upop":[0,0,0,0,0,26762,105242,110231],
                "Metropole":"No"
                },
                  {
                 "ID":[2,35,643],
                "A_Name":"Nyamata",
                "Longlat":[30.157,-2.158],
                "A_Upop":[0,0,0,0,0,19594,100702,109538],
                "Metropole":"No"
                },
                  {
                 "ID":[2,35,664],
                "A_Name":"Nzahaha",
                "Longlat":[28.911,-2.595],
                "A_Upop":[0,0,0,0,0,24095,102463,105875],
                "Metropole":"No"
                },
                  {
                 "ID":[2,35,778],
                "A_Name":"Katabagemu",
                "Longlat":[30.303,-1.464],
                "A_Upop":[0,0,0,0,0,22831,85275,91598],
                "Metropole":"No"
                },
                  {
                 "ID":[2,35,796],
                "A_Name":"Rubengera",
                "Longlat":[29.332,-2.08],
                "A_Upop":[0,0,0,0,0,22291,84609,89838],
                "Metropole":"No"
                },
                  {
                 "ID":[2,35,921],
                "A_Name":"Busasama",
                "Longlat":[29.719,-2.342],
                "A_Upop":[0,0,0,11953,13883,34946,73408,78414],
                "Metropole":"No"
                },
                  {
                 "ID":[2,35,931],
                "A_Name":"Niamiyaga",
                "Longlat":[29.94,-2.141],
                "A_Upop":[0,0,0,0,0,26297,71655,77654],
                "Metropole":"No"
                },
                  {
                 "ID":[2,35,1092],
                "A_Name":"Nyakabuye",
                "Longlat":[29.004,-2.564],
                "A_Upop":[0,0,0,0,0,25091,64880,67588],
                "Metropole":"No"
                },
                  {
                 "ID":[2,35,1124],
                "A_Name":"Gasaka",
                "Longlat":[29.559,-2.454],
                "A_Upop":[0,0,0,0,0,25987,61064,66071],
                "Metropole":"No"
                },
                  {
                 "ID":[2,35,1159],
                "A_Name":"Mugesera",
                "Longlat":[30.376,-2.127],
                "A_Upop":[0,0,0,0,0,19770,60150,64096],
                "Metropole":"No"
                },
                  {
                 "ID":[2,35,1166],
                "A_Name":"Gahini",
                "Longlat":[30.446,-1.814],
                "A_Upop":[0,0,0,0,0,22400,59470,63826],
                "Metropole":"No"
                },
                  {
                 "ID":[2,35,1209],
                "A_Name":"Kiramuruzi",
                "Longlat":[30.401,-1.777],
                "A_Upop":[0,0,0,0,0,22396,56763,61079],
                "Metropole":"No"
                },
                  {
                 "ID":[2,35,1244],
                "A_Name":"Mugunga",
                "Longlat":[29.593,-1.692],
                "A_Upop":[0,0,0,0,0,17616,58404,59805],
                "Metropole":"No"
                },
                  {
                 "ID":[2,35,1337],
                "A_Name":"Ngororero",
                "Longlat":[29.623,-1.846],
                "A_Upop":[0,0,0,0,0,26040,53251,56022],
                "Metropole":"No"
                },
                  {
                 "ID":[2,35,1471],
                "A_Name":"Muganza",
                "Longlat":[28.99,-2.615],
                "A_Upop":[0,0,0,0,0,17342,47172,50812],
                "Metropole":"No"
                },
                  {
                 "ID":[2,35,1528],
                "A_Name":"Rukoma",
                "Longlat":[29.915,-1.922],
                "A_Upop":[0,0,0,0,0,32064,47920,49084],
                "Metropole":"No"
                },
                  {
                 "ID":[2,35,1859],
                "A_Name":"Juru",
                "Longlat":[30.183,-2.114],
                "A_Upop":[0,0,0,0,0,19847,39049,41271],
                "Metropole":"No"
                },
                  {
                 "ID":[2,35,2296],
                "A_Name":"Busoro",
                "Longlat":[29.896,-2.306],
                "A_Upop":[0,0,0,0,0,24951,31778,34037],
                "Metropole":"No"
                },
                  {
                 "ID":[2,35,2342],
                "A_Name":"Kagano",
                "Longlat":[29.089,-2.345],
                "A_Upop":[0,0,0,0,0,27211,31833,33377],
                "Metropole":"No"
                },
                  {
                 "ID":[2,35,2379],
                "A_Name":"Kanjongo",
                "Longlat":[29.15,-2.328],
                "A_Upop":[0,0,0,0,0,25730,31109,32889],
                "Metropole":"No"
                },
                  {
                 "ID":[2,35,2613],
                "A_Name":"Bugarama",
                "Longlat":[29.006,-2.705],
                "A_Upop":[0,0,0,0,0,20941,27863,30169],
                "Metropole":"No"
                },
                  {
                 "ID":[2,35,2759],
                "A_Name":"Rweru",
                "Longlat":[30.275,-2.295],
                "A_Upop":[0,0,0,0,0,20291,26663,28782],
                "Metropole":"No"
                },
                  {
                 "ID":[2,35,2777],
                "A_Name":"Rukumberi",
                "Longlat":[30.285,-2.167],
                "A_Upop":[0,0,0,0,0,17538,25736,28560],
                "Metropole":"No"
                },
                  {
                 "ID":[2,35,2806],
                "A_Name":"Rwinkwavu",
                "Longlat":[30.626,-1.932],
                "A_Upop":[0,0,0,0,0,18201,25686,28225],
                "Metropole":"No"
                },
                  {
                 "ID":[2,35,3307],
                "A_Name":"Rubona",
                "Longlat":[30.365,-2.027],
                "A_Upop":[0,0,0,0,0,16402,22197,24136],
                "Metropole":"No"
                },
                  {
                 "ID":[2,35,3353],
                "A_Name":"Jarama",
                "Longlat":[30.364,-2.259],
                "A_Upop":[0,0,0,0,0,19046,22661,23861],
                "Metropole":"No"
                },
                  {
                 "ID":[2,35,3359],
                "A_Name":"Ndora",
                "Longlat":[29.811,-2.605],
                "A_Upop":[0,0,0,0,0,19193,22658,23813],
                "Metropole":"No"
                },
                  {
                 "ID":[2,35,3375],
                "A_Name":"Sake",
                "Longlat":[30.381,-2.217],
                "A_Upop":[0,0,0,0,0,17083,22055,23703],
                "Metropole":"No"
                },
                  {
                 "ID":[2,35,3549],
                "A_Name":"Mugombwa",
                "Longlat":[29.854,-2.695],
                "A_Upop":[0,0,0,0,0,19196,21817,22712],
                "Metropole":"No"
                },
                  {
                 "ID":[2,35,3665],
                "A_Name":"Gashora",
                "Longlat":[30.218,-2.24],
                "A_Upop":[0,0,0,0,0,15757,20445,22001],
                "Metropole":"No"
                },
                  {
                 "ID":[2,35,3742],
                "A_Name":"Kibirizi",
                "Longlat":[29.515,-2.47],
                "A_Upop":[0,0,0,0,0,18157,20635,21479],
                "Metropole":"No"
                },
                  {
                 "ID":[2,35,3800],
                "A_Name":"Musha",
                "Longlat":[30.336,-1.903],
                "A_Upop":[0,0,0,0,0,14262,19416,21145],
                "Metropole":"No"
                },
                  {
                 "ID":[2,35,3859],
                "A_Name":"Kamabuye",
                "Longlat":[30.112,-2.36],
                "A_Upop":[0,0,0,0,0,17980,20105,20843],
                "Metropole":"No"
                },
                  {
                 "ID":[2,35,7727],
                "A_Name":"Muhoza",
                "Longlat":[29.6544,-1.5118],
                "A_Upop":[0,0,12500,20255,28321,37005,0,0],
                "Metropole":"No"
                },
                  {
                 "ID":[2,35,7738],
                "A_Name":"Nyamabuye",
                "Longlat":[29.759,-2.0875],
                "A_Upop":[0,0,0,0,11400,35166,0,0],
                "Metropole":"No"
                },
                  {
                 "ID":[2,35,7755],
                "A_Name":"Kamembe",
                "Longlat":[30.3645,-2.2579],
                "A_Upop":[0,0,0,0,0,30885,0,0],
                "Metropole":"No"
                },
                  {
                 "ID":[2,35,7761],
                "A_Name":"Ngoma",
                "Longlat":[29.758,-2.5808],
                "A_Upop":[10616,0,0,32911,29009,29784,0,0],
                "Metropole":"No"
                },
                  {
                 "ID":[2,35,7784],
                "A_Name":"Bwishyura",
                "Longlat":[29.3439,-2.0701],
                "A_Upop":[0,0,0,0,0,26007,0,0],
                "Metropole":"No"
                },
                  {
                 "ID":[2,35,7796],
                "A_Name":"Kigabiro",
                "Longlat":[30.4578,-1.9383],
                "A_Upop":[0,0,0,0,0,24702,0,0],
                "Metropole":"No"
                },
                  {
                 "ID":[2,35,7799],
                "A_Name":"Kibungo",
                "Longlat":[30.5515,-2.1516],
                "A_Upop":[0,0,0,0,0,24061,0,0],
                "Metropole":"No"
                },
                  {
                 "ID":[2,35,7804],
                "A_Name":"Muyira",
                "Longlat":[29.015,-2.6999],
                "A_Upop":[0,0,0,0,0,23552,0,0],
                "Metropole":"No"
                },
                  {
                 "ID":[2,35,7836],
                "A_Name":"Gisenyi",
                "Longlat":[29.2095,-1.6572],
                "A_Upop":[0,0,0,13794,21222,20831,0,0],
                "Metropole":"No"
                },
                  {
                 "ID":[2,35,7853],
                "A_Name":"Mururu",
                "Longlat":[30.33,-2.18],
                "A_Upop":[0,0,0,0,0,19789,0,0],
                "Metropole":"No"
                },
                  {
                 "ID":[2,35,7860],
                "A_Name":"Giheke",
                "Longlat":[28.8964,-2.5063],
                "A_Upop":[0,0,0,0,0,19454,0,0],
                "Metropole":"No"
                },
                  {
                "ID":[2,35,7957],
                "A_Name":"Byumba",
                "Longlat":[30.0583,-1.5872],
                "A_Upop":[0,0,0,0,11550,14576,0,0],
                "Metropole":"No"
                }]
}