{
    "EN_country":"Sao Tome and Principe",
    "FR_country":"Sao Tomé-et-Principe",
    "ID":[1,41,0],
    "Upop":[10173,11373,30976,48486,67084,81482,132308],
    "Urbanlevel":[0.17,0.07,0.42,0.52,0.58,0.6,0.74,0.8],
    "Numagglos":[1,1,2,2,2,2,4,3],
    "Mpop":[0,0,0.63,0.73,0.76,0.77,0.68,0.84],
    "ADBA":[0,0,7,7,7,7,10,11.6],
    "Agglomerations":[
    {
                 "ID":[1,41,525],
                "A_Name":"Sao Tome",
                "Longlat":[6.7,0.333],
                "A_Upop":[0,0,19636,35386,51109,62563,90239,134746],
                "Metropole":"Yes"
                },
                  {
                 "ID":[1,41,5996],
                "A_Name":"Neves",
                "Longlat":[6.553,0.355],
                "A_Upop":[0,0,0,0,0,0,11533,13035],
                "Metropole":"No"
                },
                  {
                 "ID":[1,41,6327],
                "A_Name":"Santana",
                "Longlat":[6.74,0.256],
                "A_Upop":[0,0,0,0,0,0,10947,12270],
                "Metropole":"No"
                },
                  {
                "ID":[1,41,9030],
                "A_Name":"Trindade",
                "Longlat":[6.681,0.296],
                "A_Upop":[10173,11373,11340,13100,15975,18919,19589,0],
                "Metropole":"No"
                }]
}