{
    "EN_country":"Senegal",
    "FR_country":"Sénégal",
    "ID":[5,37,0],
    "Upop":[437500,595907,1052068,1972739,3041195,3999498,5806703],
    "Urbanlevel":[0.21,0.24,0.28,0.35,0.42,0.42,0.47,0.51],
    "Numagglos":[8,9,13,27,35,44,58,74],
    "Mpop":[0.52,0.53,0.53,0.49,0.52,0.49,0.45,0.43],
    "ADBA":[61,59,65,45,42,35,30,25],
    "Agglomerations":[
    {
                 "ID":[5,37,25],
                "A_Name":"Dakar",
                "Longlat":[-17.24,14.738],
                "A_Upop":[229000,315703,557256,967051,1586138,1962888,2608899,3067637],
                "Metropole":"Yes"
                },
                  {
                 "ID":[5,37,81],
                "A_Name":"Touba Mosquée",
                "Longlat":[-15.888,14.853],
                "A_Upop":[0,0,0,50623,161245,331428,684776,872732],
                "Metropole":"No"
                },
                  {
                 "ID":[5,37,187],
                "A_Name":"Thiès",
                "Longlat":[-16.918,14.782],
                "A_Upop":[30500,55720,90134,134973,182711,221542,290865,358806],
                "Metropole":"No"
                },
                  {
                 "ID":[5,37,210],
                "A_Name":"Mbour",
                "Longlat":[-16.921,14.429],
                "A_Upop":[0,12267,24560,48251,84764,136013,233369,317009],
                "Metropole":"No"
                },
                  {
                 "ID":[5,37,256],
                "A_Name":"Kaolack",
                "Longlat":[-16.069,14.164],
                "A_Upop":[37300,58234,85142,118475,153531,166382,221595,259582],
                "Metropole":"No"
                },
                  {
                 "ID":[5,37,309],
                "A_Name":"Saint-Louis",
                "Longlat":[-16.473,16.024],
                "A_Upop":[60400,44273,65846,96723,117204,134203,186030,222043],
                "Metropole":"No"
                },
                  {
                 "ID":[5,37,326],
                "A_Name":"Ziguinchor",
                "Longlat":[-16.274,12.558],
                "A_Upop":[17800,26298,45633,85153,128422,150106,188148,214936],
                "Metropole":"No"
                },
                  {
                 "ID":[5,37,502],
                "A_Name":"Diourbel",
                "Longlat":[-16.227,14.655],
                "A_Upop":[14300,24719,39209,60771,78766,90245,119269,139984],
                "Metropole":"No"
                },
                  {
                 "ID":[5,37,623],
                "A_Name":"Tambacounda",
                "Longlat":[-13.679,13.778],
                "A_Upop":[0,0,16438,30475,44899,62508,92757,112332],
                "Metropole":"No"
                },
                  {
                 "ID":[5,37,644],
                "A_Name":"Louga",
                "Longlat":[-16.226,15.618],
                "A_Upop":[15200,14841,23919,40246,54654,68915,93147,109250],
                "Metropole":"No"
                },
                  {
                 "ID":[5,37,837],
                "A_Name":"Kolda",
                "Longlat":[-14.934,12.895],
                "A_Upop":[0,0,10752,23293,36618,49743,71130,84908],
                "Metropole":"No"
                },
                  {
                 "ID":[5,37,954],
                "A_Name":"Tivaouane",
                "Longlat":[-16.815,14.941],
                "A_Upop":[0,0,11588,19990,28458,35815,57353,75232],
                "Metropole":"No"
                },
                  {
                 "ID":[5,37,1222],
                "A_Name":"Richard-Toll",
                "Longlat":[-15.694,16.461],
                "A_Upop":[0,0,0,0,31738,44158,71244,60596],
                "Metropole":"No"
                },
                  {
                 "ID":[5,37,1400],
                "A_Name":"Bargny",
                "Longlat":[-17.227,14.698],
                "A_Upop":[0,0,0,0,20024,24742,41306,53592],
                "Metropole":"No"
                },
                  {
                 "ID":[5,37,1569],
                "A_Name":"Joal-Fadiouth",
                "Longlat":[-16.846,14.178],
                "A_Upop":[0,0,0,13432,20564,29949,41287,48059],
                "Metropole":"No"
                },
                  {
                 "ID":[5,37,1748],
                "A_Name":"Bignoma",
                "Longlat":[-16.228,12.797],
                "A_Upop":[0,0,0,16825,22693,24997,39763,43732],
                "Metropole":"No"
                },
                  {
                 "ID":[5,37,1840],
                "A_Name":"Medina Gounass",
                "Longlat":[-13.76,13.141],
                "A_Upop":[0,0,0,13997,18413,25589,35438,41565],
                "Metropole":"No"
                },
                  {
                 "ID":[5,37,1852],
                "A_Name":"Kaffrine",
                "Longlat":[-15.552,14.102],
                "A_Upop":[0,0,0,13107,17970,23686,34335,41393],
                "Metropole":"No"
                },
                  {
                 "ID":[5,37,2133],
                "A_Name":"Mboro",
                "Longlat":[-16.88,15.122],
                "A_Upop":[0,0,0,0,0,10327,23791,36107],
                "Metropole":"No"
                },
                  {
                 "ID":[5,37,2255],
                "A_Name":"Dahra",
                "Longlat":[-15.479,15.35],
                "A_Upop":[0,0,0,10834,12624,22803,30714,34488],
                "Metropole":"No"
                },
                  {
                 "ID":[5,37,2323],
                "A_Name":"Velingara",
                "Longlat":[-14.112,13.152],
                "A_Upop":[0,0,0,10322,14933,19840,28210,33671],
                "Metropole":"No"
                },
                  {
                 "ID":[5,37,2492],
                "A_Name":"Kedougou",
                "Longlat":[-12.193,12.562],
                "A_Upop":[0,0,0,0,11894,15726,25005,31462],
                "Metropole":"No"
                },
                  {
                 "ID":[5,37,2607],
                "A_Name":"Bambey",
                "Longlat":[-16.455,14.695],
                "A_Upop":[0,0,0,11886,17494,20195,26086,30266],
                "Metropole":"No"
                },
                  {
                 "ID":[5,37,2660],
                "A_Name":"Fatick",
                "Longlat":[-16.417,14.336],
                "A_Upop":[0,0,0,14300,19078,22574,26675,29604],
                "Metropole":"No"
                },
                  {
                 "ID":[5,37,2710],
                "A_Name":"Pout",
                "Longlat":[-17.063,14.764],
                "A_Upop":[0,0,0,0,11436,15264,21099,29139],
                "Metropole":"No"
                },
                  {
                 "ID":[5,37,2767],
                "A_Name":"Sebikotane",
                "Longlat":[-17.137,14.741],
                "A_Upop":[0,0,0,0,11937,16695,24038,28689],
                "Metropole":"No"
                },
                  {
                 "ID":[5,37,2791],
                "A_Name":"Sendou",
                "Longlat":[-17.171,14.642],
                "A_Upop":[0,0,0,0,0,0,22771,28408],
                "Metropole":"No"
                },
                  {
                 "ID":[5,37,2799],
                "A_Name":"Nguekhokh",
                "Longlat":[-17.005,14.514],
                "A_Upop":[0,0,0,0,0,13407,23211,28303],
                "Metropole":"No"
                },
                  {
                 "ID":[5,37,2888],
                "A_Name":"Diaoube-Kabendou",
                "Longlat":[-14.136,12.912],
                "A_Upop":[0,0,0,0,0,0,17986,27394],
                "Metropole":"No"
                },
                  {
                 "ID":[5,37,3037],
                "A_Name":"Darou Mousty",
                "Longlat":[-16.049,15.045],
                "A_Upop":[0,0,0,10411,13951,19487,23717,26174],
                "Metropole":"No"
                },
                  {
                 "ID":[5,37,3132],
                "A_Name":"Sedhiou",
                "Longlat":[-15.563,12.701],
                "A_Upop":[0,0,0,10529,12896,11490,18926,25351],
                "Metropole":"No"
                },
                  {
                 "ID":[5,37,3231],
                "A_Name":"Kayar",
                "Longlat":[-17.121,14.915],
                "A_Upop":[0,0,0,0,0,14294,21018,24693],
                "Metropole":"No"
                },
                  {
                 "ID":[5,37,3233],
                "A_Name":"Diamniadio",
                "Longlat":[-17.184,14.722],
                "A_Upop":[0,0,0,0,0,0,19225,24653],
                "Metropole":"No"
                },
                  {
                 "ID":[5,37,3322],
                "A_Name":"Mekhe",
                "Longlat":[-16.636,15.113],
                "A_Upop":[0,0,0,0,12509,14604,20118,24022],
                "Metropole":"No"
                },
                  {
                 "ID":[5,37,3540],
                "A_Name":"Dagana",
                "Longlat":[-15.499,16.512],
                "A_Upop":[0,0,0,11809,16257,19560,21339,22771],
                "Metropole":"No"
                },
                  {
                 "ID":[5,37,3675],
                "A_Name":"Koungheul",
                "Longlat":[-14.803,13.976],
                "A_Upop":[0,0,0,0,10705,13130,18346,21926],
                "Metropole":"No"
                },
                  {
                 "ID":[5,37,3705],
                "A_Name":"Nioro du Rip",
                "Longlat":[-15.775,13.746],
                "A_Upop":[0,0,0,0,12136,13643,18349,21760],
                "Metropole":"No"
                },
                  {
                 "ID":[5,37,3861],
                "A_Name":"Kebemer",
                "Longlat":[-16.448,15.372],
                "A_Upop":[0,0,0,0,0,12870,17857,20837],
                "Metropole":"No"
                },
                  {
                 "ID":[5,37,4370],
                "A_Name":"Matam",
                "Longlat":[-13.255,15.652],
                "A_Upop":[0,0,0,0,31738,44158,71244,18536],
                "Metropole":"No"
                },
                  {
                 "ID":[5,37,4673],
                "A_Name":"Guinguineo",
                "Longlat":[-15.946,14.27],
                "A_Upop":[0,0,0,12099,12878,12837,15158,17156],
                "Metropole":"No"
                },
                  {
                 "ID":[5,37,4707],
                "A_Name":"Karang Poste",
                "Longlat":[-16.422,13.597],
                "A_Upop":[0,0,0,0,0,0,11719,17045],
                "Metropole":"No"
                },
                  {
                 "ID":[5,37,4822],
                "A_Name":"Rosso-Senegal",
                "Longlat":[-15.812,16.499],
                "A_Upop":[0,0,0,0,0,0,13444,16615],
                "Metropole":"No"
                },
                  {
                 "ID":[5,37,4831],
                "A_Name":"Ndioum",
                "Longlat":[-14.641,16.509],
                "A_Upop":[0,0,0,0,0,0,13466,16573],
                "Metropole":"No"
                },
                  {
                 "ID":[5,37,4890],
                "A_Name":"Ourossogui",
                "Longlat":[-13.325,15.606],
                "A_Upop":[0,0,0,0,0,11741,14866,16389],
                "Metropole":"No"
                },
                  {
                 "ID":[5,37,4912],
                "A_Name":"Khombole",
                "Longlat":[-16.693,14.765],
                "A_Upop":[0,0,0,0,0,10966,14076,16319],
                "Metropole":"No"
                },
                  {
                 "ID":[5,37,4939],
                "A_Name":"Linguere",
                "Longlat":[-15.118,15.395],
                "A_Upop":[0,0,0,0,10067,11311,14141,16209],
                "Metropole":"No"
                },
                  {
                 "ID":[5,37,5100],
                "A_Name":"Thiadaye",
                "Longlat":[-16.703,14.421],
                "A_Upop":[0,0,0,0,0,0,13321,15679],
                "Metropole":"No"
                },
                  {
                 "ID":[5,37,5183],
                "A_Name":"Sokone",
                "Longlat":[-16.367,13.878],
                "A_Upop":[0,0,0,0,0,10781,13552,15437],
                "Metropole":"No"
                },
                  {
                 "ID":[5,37,5484],
                "A_Name":"Sinthiou Bamambe",
                "Longlat":[-13.134,15.369],
                "A_Upop":[0,0,0,0,0,0,12075,14471],
                "Metropole":"No"
                },
                  {
                 "ID":[5,37,5485],
                "A_Name":"Gandiaye",
                "Longlat":[-16.272,14.244],
                "A_Upop":[0,0,0,0,0,0,12274,14468],
                "Metropole":"No"
                },
                  {
                 "ID":[5,37,5613],
                "A_Name":"Sangalkam",
                "Longlat":[-17.232,14.781],
                "A_Upop":[0,0,0,0,0,0,0,14072],
                "Metropole":"No"
                },
                  {
                 "ID":[5,37,5660],
                "A_Name":"Bakel",
                "Longlat":[-12.463,14.907],
                "A_Upop":[0,0,0,0,0,10434,12551,13955],
                "Metropole":"No"
                },
                  {
                 "ID":[5,37,5787],
                "A_Name":"Kanel",
                "Longlat":[-13.179,15.487],
                "A_Upop":[0,0,0,0,0,0,11511,13584],
                "Metropole":"No"
                },
                  {
                 "ID":[5,37,5813],
                "A_Name":"Ndoffane",
                "Longlat":[-15.928,13.917],
                "A_Upop":[0,0,0,0,0,0,11655,13504],
                "Metropole":"No"
                },
                  {
                 "ID":[5,37,5831],
                "A_Name":"Goudomp",
                "Longlat":[-15.883,12.572],
                "A_Upop":[0,0,0,0,0,0,10354,13473],
                "Metropole":"No"
                },
                  {
                 "ID":[5,37,5895],
                "A_Name":"Gossas",
                "Longlat":[-16.069,14.492],
                "A_Upop":[0,0,0,0,0,10225,11927,13294],
                "Metropole":"No"
                },
                  {
                 "ID":[5,37,5946],
                "A_Name":"Passy",
                "Longlat":[-16.261,13.986],
                "A_Upop":[0,0,0,0,0,0,10080,13161],
                "Metropole":"No"
                },
                  {
                 "ID":[5,37,6102],
                "A_Name":"Medina Wandifa",
                "Longlat":[-15.648,13.058],
                "A_Upop":[0,0,0,0,0,0,0,12778],
                "Metropole":"No"
                },
                  {
                 "ID":[5,37,6117],
                "A_Name":"Agnam Thiodaye",
                "Longlat":[-13.656,15.99],
                "A_Upop":[0,0,0,0,0,0,0,12747],
                "Metropole":"No"
                },
                  {
                 "ID":[5,37,6376],
                "A_Name":"Podor",
                "Longlat":[-14.956,16.654],
                "A_Upop":[0,0,0,0,0,0,10699,12153],
                "Metropole":"No"
                },
                  {
                 "ID":[5,37,6393],
                "A_Name":"Ross Bethio",
                "Longlat":[-16.14,16.276],
                "A_Upop":[0,0,0,0,0,0,0,12132],
                "Metropole":"No"
                },
                  {
                 "ID":[5,37,6440],
                "A_Name":"Ngoundiane Peye",
                "Longlat":[-16.742,14.719],
                "A_Upop":[0,0,0,0,0,0,0,12037],
                "Metropole":"No"
                },
                  {
                 "ID":[5,37,6539],
                "A_Name":"Diofior",
                "Longlat":[-16.662,14.188],
                "A_Upop":[0,0,0,0,0,0,10341,11843],
                "Metropole":"No"
                },
                  {
                 "ID":[5,37,6666],
                "A_Name":"Diaa Obedji",
                "Longlat":[-13.523,15.92],
                "A_Upop":[0,0,0,0,0,0,0,11584],
                "Metropole":"No"
                },
                  {
                 "ID":[5,37,6776],
                "A_Name":"Keur Moussa",
                "Longlat":[-17.111,14.782],
                "A_Upop":[0,0,0,0,0,0,10300,11340],
                "Metropole":"No"
                },
                  {
                 "ID":[5,37,6787],
                "A_Name":"Kounkane",
                "Longlat":[-14.076,12.927],
                "A_Upop":[0,0,0,0,0,0,0,11305],
                "Metropole":"No"
                },
                  {
                 "ID":[5,37,6932],
                "A_Name":"Keur Madiabel",
                "Longlat":[-16.058,13.847],
                "A_Upop":[0,0,0,0,0,0,0,11037],
                "Metropole":"No"
                },
                  {
                 "ID":[5,37,6944],
                "A_Name":"Nganda",
                "Longlat":[-15.405,13.83],
                "A_Upop":[0,0,0,0,0,0,0,11002],
                "Metropole":"No"
                },
                  {
                 "ID":[5,37,7010],
                "A_Name":"Nguidilone",
                "Longlat":[-13.351,15.935],
                "A_Upop":[0,0,0,0,0,0,0,10935],
                "Metropole":"No"
                },
                  {
                 "ID":[5,37,7012],
                "A_Name":"Thilogne",
                "Longlat":[-13.593,15.965],
                "A_Upop":[0,0,0,0,0,0,0,10931],
                "Metropole":"No"
                },
                  {
                 "ID":[5,37,7155],
                "A_Name":"Hamady Ounare",
                "Longlat":[-13.019,15.347],
                "A_Upop":[0,0,0,0,0,0,0,10653],
                "Metropole":"No"
                },
                  {
                 "ID":[5,37,7222],
                "A_Name":"Kidira",
                "Longlat":[-12.215,14.457],
                "A_Upop":[0,0,0,0,0,0,0,10538],
                "Metropole":"No"
                },
                  {
                 "ID":[5,37,7258],
                "A_Name":"Koumpentoum",
                "Longlat":[-14.563,13.977],
                "A_Upop":[0,0,0,0,0,0,0,10493],
                "Metropole":"No"
                },
                  {
                 "ID":[5,37,7384],
                "A_Name":"Wodabe 2 (Kadione)",
                "Longlat":[-15.089,16.516],
                "A_Upop":[0,0,0,0,0,0,0,10305],
                "Metropole":"No"
                },
                  {
                 "ID":[5,37,7695],
                "A_Name":"Mbacké",
                "Longlat":[-15.908,14.79],
                "A_Upop":[0,0,13707,29429,40402,48704,0,0],
                "Metropole":"No"
                },
                  {
                 "ID":[5,37,7986],
                "A_Name":"Matam",
                "Longlat":[-13.258,15.659],
                "A_Upop":[0,0,0,10144,11185,13681,0,0],
                "Metropole":"No"
                },
                  {
                "ID":[5,37,8255],
                "A_Name":"Rufisque",
                "Longlat":[-17.269,14.715],
                "A_Upop":[33000,43852,67882,107591,0,0,0,0],
                "Metropole":"No"
                }]
}