{
    "EN_country":"Sierra Leone",
    "FR_country":"Sierra Leone",
    "ID":[5,38,0],
    "Upop":[90739,158432,345986,637862,934349,1293566,1889344],
    "Urbanlevel":[0.05,0.07,0.14,0.2,0.24,0.28,0.32,0.37],
    "Numagglos":[2,4,7,10,13,16,20,25],
    "Mpop":[0.81,0.71,0.6,0.58,0.58,0.57,0.56,0.56],
    "ADBA":[175,93,48,39,43,40,34,31.4],
    "Agglomerations":[
    {
                 "ID":[5,38,53],
                "A_Name":"Freetown",
                "Longlat":[-13.137,8.394],
                "A_Upop":[73406,112529,206121,367152,538351,738431,1055000,1456596],
                "Metropole":"Yes"
                },
                  {
                 "ID":[5,38,354],
                "A_Name":"Kenema",
                "Longlat":[-11.185,7.879],
                "A_Upop":[0,10582,22639,40818,65075,104222,161079,200443],
                "Metropole":"No"
                },
                  {
                 "ID":[5,38,380],
                "A_Name":"Bo",
                "Longlat":[-11.724,7.946],
                "A_Upop":[17333,24106,33922,48693,74569,121010,161925,185781],
                "Metropole":"No"
                },
                  {
                 "ID":[5,38,458],
                "A_Name":"Makeni",
                "Longlat":[-12.058,8.88],
                "A_Upop":[0,11215,19924,36439,55303,71946,100772,153839],
                "Metropole":"No"
                },
                  {
                 "ID":[5,38,506],
                "A_Name":"Koidu",
                "Longlat":[-10.984,8.635],
                "A_Upop":[0,0,37263,79151,85776,87900,105136,138364],
                "Metropole":"No"
                },
                  {
                 "ID":[5,38,952],
                "A_Name":"Mahera",
                "Longlat":[-13.158,8.591],
                "A_Upop":[0,0,0,0,17726,30964,35612,75464],
                "Metropole":"No"
                },
                  {
                 "ID":[5,38,2285],
                "A_Name":"Lunsar",
                "Longlat":[-12.538,8.695],
                "A_Upop":[0,0,14801,16389,16190,16450,23947,34163],
                "Metropole":"No"
                },
                  {
                 "ID":[5,38,2312],
                "A_Name":"Kabala",
                "Longlat":[-11.555,9.577],
                "A_Upop":[0,0,0,12028,13967,14065,22028,33852],
                "Metropole":"No"
                },
                  {
                 "ID":[5,38,2331],
                "A_Name":"Port Loko",
                "Longlat":[-12.778,8.767],
                "A_Upop":[0,0,0,12696,16646,20170,27245,33541],
                "Metropole":"No"
                },
                  {
                 "ID":[5,38,2432],
                "A_Name":"Kambia",
                "Longlat":[-12.92,9.112],
                "A_Upop":[0,0,0,0,0,10689,19716,32234],
                "Metropole":"No"
                },
                  {
                 "ID":[5,38,2747],
                "A_Name":"Yonibana",
                "Longlat":[-12.219,8.464],
                "A_Upop":[0,0,0,0,11229,15469,22769,28829],
                "Metropole":"No"
                },
                  {
                 "ID":[5,38,3439],
                "A_Name":"Kailahun",
                "Longlat":[-10.57,8.275],
                "A_Upop":[0,0,0,0,0,12025,14152,23326],
                "Metropole":"No"
                },
                  {
                 "ID":[5,38,3471],
                "A_Name":"Magburaka",
                "Longlat":[-11.943,8.72],
                "A_Upop":[0,0,0,10677,12099,14883,19489,23136],
                "Metropole":"No"
                },
                  {
                 "ID":[5,38,4032],
                "A_Name":"Magbema",
                "Longlat":[-12.911,9.042],
                "A_Upop":[0,0,0,0,0,0,0,20000],
                "Metropole":"No"
                },
                  {
                 "ID":[5,38,4312],
                "A_Name":"Torgbonbu",
                "Longlat":[-11.062,8.221],
                "A_Upop":[0,0,0,0,0,0,18014,18800],
                "Metropole":"No"
                },
                  {
                 "ID":[5,38,4337],
                "A_Name":"Segbwema",
                "Longlat":[-10.95,7.998],
                "A_Upop":[0,0,0,0,0,0,0,18686],
                "Metropole":"No"
                },
                  {
                 "ID":[5,38,4908],
                "A_Name":"Moriba Town",
                "Longlat":[-12.301,7.795],
                "A_Upop":[0,0,0,0,0,0,0,16329],
                "Metropole":"No"
                },
                  {
                 "ID":[5,38,5006],
                "A_Name":"Daru",
                "Longlat":[-10.843,7.991],
                "A_Upop":[0,0,0,0,0,12494,16917,16021],
                "Metropole":"No"
                },
                  {
                 "ID":[5,38,5300],
                "A_Name":"Masingbi",
                "Longlat":[-11.471,8.639],
                "A_Upop":[0,0,0,0,0,0,0,15007],
                "Metropole":"No"
                },
                  {
                 "ID":[5,38,5320],
                "A_Name":"Kamakwie",
                "Longlat":[-12.24,9.497],
                "A_Upop":[0,0,0,0,0,12798,15408,14962],
                "Metropole":"No"
                },
                  {
                 "ID":[5,38,6668],
                "A_Name":"Mattru Jong",
                "Longlat":[-12.172,7.608],
                "A_Upop":[0,0,0,0,0,0,0,11581],
                "Metropole":"No"
                },
                  {
                 "ID":[5,38,6953],
                "A_Name":"Rokupr",
                "Longlat":[-12.947,9.016],
                "A_Upop":[0,0,0,0,0,0,10122,11000],
                "Metropole":"No"
                },
                  {
                 "ID":[5,38,7429],
                "A_Name":"Moyamba",
                "Longlat":[-12.432,8.159],
                "A_Upop":[0,0,0,0,0,10051,10838,10249],
                "Metropole":"No"
                },
                  {
                 "ID":[5,38,7515],
                "A_Name":"Kukuna",
                "Longlat":[-12.665,9.396],
                "A_Upop":[0,0,0,0,0,0,0,10122],
                "Metropole":"No"
                },
                  {
                 "ID":[5,38,7560],
                "A_Name":"Bonthe",
                "Longlat":[-12.511,7.529],
                "A_Upop":[0,0,0,0,0,0,0,10075],
                "Metropole":"No"
                },
                  {
                 "ID":[5,38,8256],
                "A_Name":"Waterloo",
                "Longlat":[-13.066,8.328],
                "A_Upop":[0,0,0,0,17229,0,0,0],
                "Metropole":"No"
                },
                  {
                 "ID":[5,38,9028],
                "A_Name":"Bathurst",
                "Longlat":[-13.224,8.441],
                "A_Upop":[0,0,0,0,0,0,13873,0],
                "Metropole":"No"
                },
                  {
                "ID":[5,38,9029],
                "A_Name":"Newton",
                "Longlat":[-13.01,8.335],
                "A_Upop":[0,0,0,0,0,0,35300,0],
                "Metropole":"No"
                }]
}