{
    "EN_country":"Somalia",
    "FR_country":"Somalie",
    "ID":[2,39,0],
    "Upop":[154068,268631,467228,837538,1316316,2074761,3431598],
    "Urbanlevel":[0.08,0.12,0.14,0.17,0.17,0.23,0.32,0.36],
    "Numagglos":[4,11,13,16,22,28,42,49],
    "Mpop":[0.51,0.52,0.61,0.65,0.63,0.61,0.57,0.53],
    "ADBA":[249,77,107,118,104,86,70,64.7],
    "Agglomerations":[
    {
                 "ID":[2,39,48],
                "A_Name":"Mogadisho",
                "Longlat":[45.305,2.059],
                "A_Upop":[47547,101539,232127,458682,668293,973693,1418657,1712400],
                "Metropole":"Yes"
                },
                  {
                 "ID":[2,39,99],
                "A_Name":"Hargeisa",
                "Longlat":[44.063,9.556],
                "A_Upop":[30375,38445,53260,85696,156567,286049,522613,706400],
                "Metropole":"Yes"
                },
                  {
                 "ID":[2,39,290],
                "A_Name":"Burao",
                "Longlat":[45.545,9.522],
                "A_Upop":[0,11363,24605,46839,74257,117726,186639,235000],
                "Metropole":"No"
                },
                  {
                 "ID":[2,39,381],
                "A_Name":"Galcaayo",
                "Longlat":[47.428,6.777],
                "A_Upop":[0,0,10992,17118,33702,66353,130636,183300],
                "Metropole":"No"
                },
                  {
                 "ID":[2,39,401],
                "A_Name":"Baledweyne",
                "Longlat":[45.216,4.74],
                "A_Upop":[0,0,12007,20299,37674,69923,129776,176800],
                "Metropole":"No"
                },
                  {
                 "ID":[2,39,415],
                "A_Name":"Baydhaba",
                "Longlat":[43.649,3.12],
                "A_Upop":[0,10583,18457,38354,58710,89869,137566,170200],
                "Metropole":"No"
                },
                  {
                 "ID":[2,39,599],
                "A_Name":"Boosaaso",
                "Longlat":[49.189,11.262],
                "A_Upop":[0,0,0,14415,26162,47483,86179,116100],
                "Metropole":"No"
                },
                  {
                 "ID":[2,39,675],
                "A_Name":"Kismaayo",
                "Longlat":[42.542,-0.351],
                "A_Upop":[0,11335,20785,35265,48086,65568,89405,104400],
                "Metropole":"No"
                },
                  {
                 "ID":[2,39,814],
                "A_Name":"Garowe",
                "Longlat":[48.485,8.399],
                "A_Upop":[0,0,0,0,0,20690,53901,87000],
                "Metropole":"No"
                },
                  {
                 "ID":[2,39,883],
                "A_Name":"Gurieel",
                "Longlat":[45.879,5.307],
                "A_Upop":[0,0,0,0,0,0,20000,81800],
                "Metropole":"No"
                },
                  {
                 "ID":[2,39,898],
                "A_Name":"Boorama",
                "Longlat":[43.183,9.941],
                "A_Upop":[0,0,0,0,16701,31330,58774,80500],
                "Metropole":"No"
                },
                  {
                 "ID":[2,39,957],
                "A_Name":"Aabudwaaq",
                "Longlat":[46.22,6.251],
                "A_Upop":[0,0,0,0,0,0,25136,75100],
                "Metropole":"No"
                },
                  {
                 "ID":[2,39,1235],
                "A_Name":"Aadado",
                "Longlat":[46.628,6.137],
                "A_Upop":[0,0,0,0,0,0,23714,60300],
                "Metropole":"No"
                },
                  {
                 "ID":[2,39,1561],
                "A_Name":"Baardheere",
                "Longlat":[42.285,2.339],
                "A_Upop":[0,0,0,0,13253,22231,37292,48300],
                "Metropole":"No"
                },
                  {
                 "ID":[2,39,1581],
                "A_Name":"Afgooye",
                "Longlat":[45.121,2.142],
                "A_Upop":[0,14917,13942,14259,20134,28429,40142,47700],
                "Metropole":"No"
                },
                  {
                 "ID":[2,39,1785],
                "A_Name":"Las Aanod",
                "Longlat":[47.364,8.476],
                "A_Upop":[0,0,0,0,0,15251,30485,43100],
                "Metropole":"No"
                },
                  {
                 "ID":[2,39,1895],
                "A_Name":"Jowhar",
                "Longlat":[45.507,2.778],
                "A_Upop":[14516,13808,14135,21742,25952,30978,36978,40400],
                "Metropole":"No"
                },
                  {
                 "ID":[2,39,1974],
                "A_Name":"Berbera",
                "Longlat":[45.013,10.432],
                "A_Upop":[0,11475,11990,13706,18492,24950,33662,39100],
                "Metropole":"No"
                },
                  {
                 "ID":[2,39,2349],
                "A_Name":"Merca",
                "Longlat":[44.768,1.715],
                "A_Upop":[61629,29683,19272,23170,25700,28506,31619,33300],
                "Metropole":"No"
                },
                  {
                 "ID":[2,39,2385],
                "A_Name":"Buuhoodle",
                "Longlat":[46.331,8.24],
                "A_Upop":[0,0,0,0,0,0,17751,32800],
                "Metropole":"No"
                },
                  {
                 "ID":[2,39,2531],
                "A_Name":"Eerigaabo",
                "Longlat":[47.366,10.616],
                "A_Upop":[0,0,0,0,12500,18000,21520,31100],
                "Metropole":"No"
                },
                  {
                 "ID":[2,39,2619],
                "A_Name":"Qardho",
                "Longlat":[49.087,9.51],
                "A_Upop":[0,0,0,0,10522,16020,24393,30100],
                "Metropole":"No"
                },
                  {
                 "ID":[2,39,2772],
                "A_Name":"Galdogob",
                "Longlat":[47.018,7.034],
                "A_Upop":[0,0,0,0,0,0,14217,28600],
                "Metropole":"No"
                },
                  {
                 "ID":[2,39,3044],
                "A_Name":"Wanlaweyne",
                "Longlat":[44.892,2.618],
                "A_Upop":[0,0,0,0,10736,15316,21851,26100],
                "Metropole":"No"
                },
                  {
                 "ID":[2,39,3153],
                "A_Name":"Gebilay",
                "Longlat":[43.624,9.702],
                "A_Upop":[0,0,0,0,0,12000,13853,25200],
                "Metropole":"No"
                },
                  {
                 "ID":[2,39,3457],
                "A_Name":"Beled Haawo",
                "Longlat":[41.877,3.928],
                "A_Upop":[0,0,0,0,0,0,17761,23200],
                "Metropole":"No"
                },
                  {
                 "ID":[2,39,3496],
                "A_Name":"Dhuusa Mareeb",
                "Longlat":[46.384,5.537],
                "A_Upop":[0,0,0,0,0,0,19668,23000],
                "Metropole":"No"
                },
                  {
                 "ID":[2,39,4226],
                "A_Name":"Qarbis",
                "Longlat":[45.164,2.101],
                "A_Upop":[0,0,0,0,0,0,12000,19200],
                "Metropole":"No"
                },
                  {
                 "ID":[2,39,4405],
                "A_Name":"Burtinle",
                "Longlat":[47.827,7.643],
                "A_Upop":[0,0,0,0,0,0,12630,18400],
                "Metropole":"No"
                },
                  {
                 "ID":[2,39,4799],
                "A_Name":"Bardaale",
                "Longlat":[43.196,3.215],
                "A_Upop":[0,0,0,0,0,0,15118,16700],
                "Metropole":"No"
                },
                  {
                 "ID":[2,39,4970],
                "A_Name":"Wajale",
                "Longlat":[43.343,9.607],
                "A_Upop":[0,0,0,0,0,0,0,16100],
                "Metropole":"No"
                },
                  {
                 "ID":[2,39,5071],
                "A_Name":"Jalalaqsi",
                "Longlat":[45.599,3.381],
                "A_Upop":[0,0,0,0,0,10000,12229,15800],
                "Metropole":"No"
                },
                  {
                 "ID":[2,39,5162],
                "A_Name":"Qoryooley",
                "Longlat":[44.53,1.79],
                "A_Upop":[0,15000,17391,11116,12223,13441,14781,15500],
                "Metropole":"No"
                },
                  {
                 "ID":[2,39,5678],
                "A_Name":"Wajid",
                "Longlat":[43.246,3.808],
                "A_Upop":[0,0,0,0,0,0,0,13900],
                "Metropole":"No"
                },
                  {
                 "ID":[2,39,5777],
                "A_Name":"Baraawe",
                "Longlat":[44.026,1.114],
                "A_Upop":[0,0,0,0,0,10487,12471,13600],
                "Metropole":"No"
                },
                  {
                 "ID":[2,39,5778],
                "A_Name":"Diinsoor",
                "Longlat":[42.975,2.408],
                "A_Upop":[0,0,0,14904,14519,14144,13779,13600],
                "Metropole":"No"
                },
                  {
                 "ID":[2,39,5965],
                "A_Name":"Buur 'Acaba",
                "Longlat":[44.082,2.797],
                "A_Upop":[0,0,0,0,0,10014,11978,13100],
                "Metropole":"No"
                },
                  {
                 "ID":[2,39,6014],
                "A_Name":"Luuq",
                "Longlat":[42.547,3.803],
                "A_Upop":[0,0,0,0,0,0,11827,13000],
                "Metropole":"No"
                },
                  {
                 "ID":[2,39,6217],
                "A_Name":"Mareer",
                "Longlat":[44.521,1.631],
                "A_Upop":[0,0,0,0,0,0,0,12500],
                "Metropole":"No"
                },
                  {
                 "ID":[2,39,6311],
                "A_Name":"Afmadu",
                "Longlat":[42.071,0.517],
                "A_Upop":[0,0,0,0,0,0,10268,12300],
                "Metropole":"No"
                },
                  {
                 "ID":[2,39,6561],
                "A_Name":"Balaad",
                "Longlat":[45.384,2.361],
                "A_Upop":[0,0,0,10477,10839,11213,11601,11800],
                "Metropole":"No"
                },
                  {
                 "ID":[2,39,6605],
                "A_Name":"Buulobaarde",
                "Longlat":[45.564,3.849],
                "A_Upop":[0,0,0,0,0,0,10992,11700],
                "Metropole":"No"
                },
                  {
                 "ID":[2,39,6698],
                "A_Name":"Ballanbale",
                "Longlat":[45.762,5.767],
                "A_Upop":[0,0,0,0,0,0,0,11500],
                "Metropole":"No"
                },
                  {
                 "ID":[2,39,6741],
                "A_Name":"Doolaw",
                "Longlat":[42.083,4.162],
                "A_Upop":[0,0,0,0,0,0,11881,11400],
                "Metropole":"No"
                },
                  {
                 "ID":[2,39,6954],
                "A_Name":"Saao",
                "Longlat":[42.453,1.639],
                "A_Upop":[0,0,0,0,10000,14000,14956,11000],
                "Metropole":"No"
                },
                  {
                 "ID":[2,39,7075],
                "A_Name":"Jamaame",
                "Longlat":[42.751,0.071],
                "A_Upop":[0,10481,18264,11497,11293,11093,10897,10800],
                "Metropole":"No"
                },
                  {
                 "ID":[2,39,7123],
                "A_Name":"Ufurow",
                "Longlat":[42.892,2.764],
                "A_Upop":[0,0,0,0,0,0,0,10700],
                "Metropole":"No"
                },
                  {
                 "ID":[2,39,7327],
                "A_Name":"Xuddur",
                "Longlat":[43.888,4.119],
                "A_Upop":[0,0,0,0,0,0,0,10400],
                "Metropole":"No"
                },
                  {
                "ID":[2,39,7537],
                "A_Name":"Jilib",
                "Longlat":[42.778,0.495],
                "A_Upop":[0,0,0,0,0,0,0,10100],
                "Metropole":"No"
                }]
}