{
    "EN_country":"South Sudan",
    "FR_country":"Soudan du Sud",
    "ID":[2,40,0],
    "Upop":[18000,44480,170049,331117,507158,855016,2349842],
    "Urbanlevel":[0.01,0.02,0.06,0.07,0.08,0.12,0.25,0.27],
    "Numagglos":[1,3,8,12,14,19,68,90],
    "Mpop":[1,0.38,0.25,0.23,0.22,0.2,0.13,0.11],
    "ADBA":[0,471,167,131,121,121,40,31.8],
    "Agglomerations":[
    {
                 "ID":[2,40,175],
                "A_Name":"Juba",
                "Longlat":[31.561,4.846],
                "A_Upop":[18000,17007,42965,74906,111755,166962,304618,381600],
                "Metropole":"Yes"
                },
                  {
                 "ID":[2,40,284],
                "A_Name":"Rumbek",
                "Longlat":[29.68,6.79],
                "A_Upop":[0,0,13197,18888,32068,65754,175440,239800],
                "Metropole":"No"
                },
                  {
                 "ID":[2,40,366],
                "A_Name":"Wau",
                "Longlat":[27.989,7.69],
                "A_Upop":[0,13631,38601,56378,70824,94194,139102,192800],
                "Metropole":"No"
                },
                  {
                 "ID":[2,40,419],
                "A_Name":"Yambio",
                "Longlat":[28.403,4.592],
                "A_Upop":[0,0,0,16788,37372,66652,114271,168900],
                "Metropole":"No"
                },
                  {
                 "ID":[2,40,513],
                "A_Name":"Malakal",
                "Longlat":[31.664,9.527],
                "A_Upop":[0,13842,28190,34080,47504,77456,121312,136700],
                "Metropole":"No"
                },
                  {
                 "ID":[2,40,547],
                "A_Name":"Aweil",
                "Longlat":[27.378,8.749],
                "A_Upop":[0,0,12817,23017,32479,45344,86120,130100],
                "Metropole":"No"
                },
                  {
                 "ID":[2,40,760],
                "A_Name":"Yei",
                "Longlat":[30.678,4.087],
                "A_Upop":[0,0,0,19129,31785,49174,76801,93700],
                "Metropole":"No"
                },
                  {
                 "ID":[2,40,779],
                "A_Name":"Renk",
                "Longlat":[32.814,11.746],
                "A_Upop":[0,0,0,11804,22167,41630,75623,91500],
                "Metropole":"No"
                },
                  {
                 "ID":[2,40,821],
                "A_Name":"Jalimo",
                "Longlat":[31.665,3.842],
                "A_Upop":[0,0,0,0,0,0,65118,85900],
                "Metropole":"No"
                },
                  {
                 "ID":[2,40,884],
                "A_Name":"Bor",
                "Longlat":[31.58,6.199],
                "A_Upop":[0,0,0,15768,25670,41790,67630,81600],
                "Metropole":"No"
                },
                  {
                 "ID":[2,40,1038],
                "A_Name":"Yida Refugee Camp",
                "Longlat":[30.081,10.111],
                "A_Upop":[0,0,0,0,0,0,0,70000],
                "Metropole":"No"
                },
                  {
                 "ID":[2,40,1048],
                "A_Name":"Maridi",
                "Longlat":[29.466,4.909],
                "A_Upop":[0,0,0,0,14721,30802,59828,69600],
                "Metropole":"No"
                },
                  {
                 "ID":[2,40,1436],
                "A_Name":"Boung",
                "Longlat":[33.751,9.985],
                "A_Upop":[0,0,0,0,0,0,39419,52000],
                "Metropole":"No"
                },
                  {
                 "ID":[2,40,1541],
                "A_Name":"Torit",
                "Longlat":[32.572,4.407],
                "A_Upop":[0,0,10929,15088,19001,26105,38043,48800],
                "Metropole":"No"
                },
                  {
                 "ID":[2,40,1729],
                "A_Name":"Raga",
                "Longlat":[25.68,8.463],
                "A_Upop":[0,0,0,0,0,12302,31248,44200],
                "Metropole":"No"
                },
                  {
                 "ID":[2,40,1973],
                "A_Name":"Tonj",
                "Longlat":[28.674,7.272],
                "A_Upop":[0,0,0,0,11433,19604,32838,39100],
                "Metropole":"No"
                },
                  {
                 "ID":[2,40,1994],
                "A_Name":"Gogrial",
                "Longlat":[28.096,8.536],
                "A_Upop":[0,0,0,25272,26379,27535,31561,38900],
                "Metropole":"No"
                },
                  {
                 "ID":[2,40,2027],
                "A_Name":"Pacong",
                "Longlat":[29.764,6.621],
                "A_Upop":[0,0,0,0,0,0,16450,38300],
                "Metropole":"No"
                },
                  {
                 "ID":[2,40,2075],
                "A_Name":"Pariang",
                "Longlat":[29.978,9.911],
                "A_Upop":[0,0,0,0,0,0,28352,37400],
                "Metropole":"No"
                },
                  {
                 "ID":[2,40,2155],
                "A_Name":"Yirol",
                "Longlat":[30.494,6.555],
                "A_Upop":[0,0,10431,0,0,0,14932,35700],
                "Metropole":"No"
                },
                  {
                 "ID":[2,40,2172],
                "A_Name":"Mabok",
                "Longlat":[28.603,9.363],
                "A_Upop":[0,0,0,0,0,0,26911,35500],
                "Metropole":"No"
                },
                  {
                 "ID":[2,40,2237],
                "A_Name":"Kuacjok",
                "Longlat":[27.963,8.296],
                "A_Upop":[0,0,0,0,0,0,26381,34800],
                "Metropole":"No"
                },
                  {
                 "ID":[2,40,2282],
                "A_Name":"Aduel",
                "Longlat":[29.861,6.586],
                "A_Upop":[0,0,0,0,0,0,25926,34200],
                "Metropole":"No"
                },
                  {
                 "ID":[2,40,2301],
                "A_Name":"Kaya",
                "Longlat":[30.88,3.547],
                "A_Upop":[0,0,0,0,0,0,25774,34000],
                "Metropole":"No"
                },
                  {
                 "ID":[2,40,2315],
                "A_Name":"Tambura",
                "Longlat":[27.475,5.594],
                "A_Upop":[0,0,0,0,0,15677,27536,33800],
                "Metropole":"No"
                },
                  {
                 "ID":[2,40,2498],
                "A_Name":"Okau",
                "Longlat":[33.008,7.797],
                "A_Upop":[0,0,0,0,0,0,14858,31400],
                "Metropole":"No"
                },
                  {
                 "ID":[2,40,2520],
                "A_Name":"Nimule",
                "Longlat":[32.065,3.589],
                "A_Upop":[0,0,0,0,0,0,23652,31200],
                "Metropole":"No"
                },
                  {
                 "ID":[2,40,2530],
                "A_Name":"Jinkuata",
                "Longlat":[33.614,9.984],
                "A_Upop":[0,0,0,0,0,0,23576,31100],
                "Metropole":"No"
                },
                  {
                 "ID":[2,40,2929],
                "A_Name":"Gok Machar",
                "Longlat":[26.856,9.225],
                "A_Upop":[0,0,0,0,0,0,20544,27100],
                "Metropole":"No"
                },
                  {
                 "ID":[2,40,2980],
                "A_Name":"Kindi",
                "Longlat":[30.776,3.694],
                "A_Upop":[0,0,0,0,0,0,20240,26700],
                "Metropole":"No"
                },
                  {
                 "ID":[2,40,3088],
                "A_Name":"Mundri",
                "Longlat":[30.314,5.353],
                "A_Upop":[0,0,0,0,0,0,18228,25700],
                "Metropole":"No"
                },
                  {
                 "ID":[2,40,3152],
                "A_Name":"Mangolapuk",
                "Longlat":[28.426,8.706],
                "A_Upop":[0,0,0,0,0,0,19103,25200],
                "Metropole":"No"
                },
                  {
                 "ID":[2,40,3239],
                "A_Name":"Ayien",
                "Longlat":[28.425,9.09],
                "A_Upop":[0,0,0,0,0,0,18648,24600],
                "Metropole":"No"
                },
                  {
                 "ID":[2,40,3388],
                "A_Name":"Thuramon",
                "Longlat":[28.481,8.607],
                "A_Upop":[0,0,0,0,0,0,17890,23600],
                "Metropole":"No"
                },
                  {
                 "ID":[2,40,3424],
                "A_Name":"Pamat",
                "Longlat":[27.011,9.22],
                "A_Upop":[0,0,0,0,0,0,17739,23400],
                "Metropole":"No"
                },
                  {
                 "ID":[2,40,3479],
                "A_Name":"Nyainthokmalual",
                "Longlat":[31.588,9.314],
                "A_Upop":[0,0,0,0,0,0,0,23100],
                "Metropole":"No"
                },
                  {
                 "ID":[2,40,3582],
                "A_Name":"Acol Malek",
                "Longlat":[29.211,7.012],
                "A_Upop":[0,0,0,0,0,0,17056,22500],
                "Metropole":"No"
                },
                  {
                 "ID":[2,40,3684],
                "A_Name":"Lokurubang",
                "Longlat":[31.073,4.338],
                "A_Upop":[0,0,0,0,0,0,16602,21900],
                "Metropole":"No"
                },
                  {
                 "ID":[2,40,3698],
                "A_Name":"Nasir",
                "Longlat":[33.068,8.623],
                "A_Upop":[0,0,0,0,0,0,16526,21800],
                "Metropole":"No"
                },
                  {
                 "ID":[2,40,3699],
                "A_Name":"Phom",
                "Longlat":[31.16,9.405],
                "A_Upop":[0,0,0,0,0,0,16526,21800],
                "Metropole":"No"
                },
                  {
                 "ID":[2,40,3905],
                "A_Name":"Ludo Cok",
                "Longlat":[29.083,7.061],
                "A_Upop":[0,0,0,0,0,0,15616,20600],
                "Metropole":"No"
                },
                  {
                 "ID":[2,40,3940],
                "A_Name":"Luonyaker",
                "Longlat":[28.382,8.246],
                "A_Upop":[0,0,0,0,0,0,15465,20400],
                "Metropole":"No"
                },
                  {
                 "ID":[2,40,4057],
                "A_Name":"Alok",
                "Longlat":[27.609,8.362],
                "A_Upop":[0,0,0,0,0,0,15085,19900],
                "Metropole":"No"
                },
                  {
                 "ID":[2,40,4104],
                "A_Name":"Pankot",
                "Longlat":[28.444,7.896],
                "A_Upop":[0,0,0,0,0,0,14934,19700],
                "Metropole":"No"
                },
                  {
                 "ID":[2,40,4156],
                "A_Name":"Mayen Ulem",
                "Longlat":[27.294,9.048],
                "A_Upop":[0,0,0,0,0,0,14782,19500],
                "Metropole":"No"
                },
                  {
                 "ID":[2,40,4200],
                "A_Name":"Kapoeta",
                "Longlat":[33.594,4.765],
                "A_Upop":[0,0,0,0,0,11479,17318,19300],
                "Metropole":"No"
                },
                  {
                 "ID":[2,40,4271],
                "A_Name":"Kupera",
                "Longlat":[30.955,4.128],
                "A_Upop":[0,0,0,0,0,0,14403,19000],
                "Metropole":"No"
                },
                  {
                 "ID":[2,40,4446],
                "A_Name":"Angoot",
                "Longlat":[27.576,9.004],
                "A_Upop":[0,0,0,0,0,0,13797,18200],
                "Metropole":"No"
                },
                  {
                 "ID":[2,40,4561],
                "A_Name":"Manydeng",
                "Longlat":[31.538,6.509],
                "A_Upop":[0,0,0,0,0,0,13342,17600],
                "Metropole":"No"
                },
                  {
                 "ID":[2,40,4641],
                "A_Name":"Bori",
                "Longlat":[31.504,3.79],
                "A_Upop":[0,0,0,0,0,0,13115,17300],
                "Metropole":"No"
                },
                  {
                 "ID":[2,40,4642],
                "A_Name":"Melut",
                "Longlat":[32.203,10.442],
                "A_Upop":[0,0,0,0,0,0,15396,17300],
                "Metropole":"No"
                },
                  {
                 "ID":[2,40,4721],
                "A_Name":"Ameth-agok",
                "Longlat":[30.028,6.55],
                "A_Upop":[0,0,0,0,0,0,12887,17000],
                "Metropole":"No"
                },
                  {
                 "ID":[2,40,4748],
                "A_Name":"Aruch",
                "Longlat":[30.281,9.964],
                "A_Upop":[0,0,0,0,0,0,12811,16900],
                "Metropole":"No"
                },
                  {
                 "ID":[2,40,4798],
                "A_Name":"Makuac Akuel",
                "Longlat":[27.505,8.955],
                "A_Upop":[0,0,0,0,0,0,12660,16700],
                "Metropole":"No"
                },
                  {
                 "ID":[2,40,4824],
                "A_Name":"Kurum",
                "Longlat":[28.315,9.003],
                "A_Upop":[0,0,0,0,0,0,12584,16600],
                "Metropole":"No"
                },
                  {
                 "ID":[2,40,4881],
                "A_Name":"Majok Yinthiou",
                "Longlat":[27.769,9.684],
                "A_Upop":[0,0,0,0,0,0,12432,16400],
                "Metropole":"No"
                },
                  {
                 "ID":[2,40,5046],
                "A_Name":"Omeyo",
                "Longlat":[32.307,4.128],
                "A_Upop":[0,0,0,0,0,0,12053,15900],
                "Metropole":"No"
                },
                  {
                 "ID":[2,40,5070],
                "A_Name":"Rum-Aker",
                "Longlat":[27.614,9.144],
                "A_Upop":[0,0,0,0,0,0,11977,15800],
                "Metropole":"No"
                },
                  {
                 "ID":[2,40,5127],
                "A_Name":"Kilo Seven",
                "Longlat":[29.215,6.849],
                "A_Upop":[0,0,0,0,0,0,11826,15600],
                "Metropole":"No"
                },
                  {
                 "ID":[2,40,5225],
                "A_Name":"Ezo Centre",
                "Longlat":[27.47,5.078],
                "A_Upop":[0,0,0,0,0,0,11598,15300],
                "Metropole":"No"
                },
                  {
                 "ID":[2,40,5342],
                "A_Name":"Mankien",
                "Longlat":[29.095,9.051],
                "A_Upop":[0,0,0,0,0,0,0,14900],
                "Metropole":"No"
                },
                  {
                 "ID":[2,40,5370],
                "A_Name":"Wet-wil",
                "Longlat":[27.187,9.006],
                "A_Upop":[0,0,0,0,0,0,11219,14800],
                "Metropole":"No"
                },
                  {
                 "ID":[2,40,5406],
                "A_Name":"Manyiel",
                "Longlat":[27.499,9.001],
                "A_Upop":[0,0,0,0,0,0,11144,14700],
                "Metropole":"No"
                },
                  {
                 "ID":[2,40,5506],
                "A_Name":"Doong",
                "Longlat":[28.008,8.086],
                "A_Upop":[0,0,0,0,0,0,10916,14400],
                "Metropole":"No"
                },
                  {
                 "ID":[2,40,5507],
                "A_Name":"Rubkuay",
                "Longlat":[30.082,8.387],
                "A_Upop":[0,0,0,0,0,0,0,14400],
                "Metropole":"No"
                },
                  {
                 "ID":[2,40,5535],
                "A_Name":"Bereka",
                "Longlat":[31.121,4.371],
                "A_Upop":[0,0,0,0,0,0,10840,14300],
                "Metropole":"No"
                },
                  {
                 "ID":[2,40,5536],
                "A_Name":"Owiny-Kibul",
                "Longlat":[32.274,3.848],
                "A_Upop":[0,0,0,0,0,0,10840,14300],
                "Metropole":"No"
                },
                  {
                 "ID":[2,40,5710],
                "A_Name":"Avokaya",
                "Longlat":[29.863,4.595],
                "A_Upop":[0,0,0,0,0,0,10461,13800],
                "Metropole":"No"
                },
                  {
                 "ID":[2,40,5891],
                "A_Name":"Makol-chuei",
                "Longlat":[31.555,6.422],
                "A_Upop":[0,0,0,0,0,0,10082,13300],
                "Metropole":"No"
                },
                  {
                 "ID":[2,40,5892],
                "A_Name":"Ram-ateer",
                "Longlat":[29.221,7.196],
                "A_Upop":[0,0,0,0,0,0,10082,13300],
                "Metropole":"No"
                },
                  {
                 "ID":[2,40,5964],
                "A_Name":"Ameeth",
                "Longlat":[28.147,8.67],
                "A_Upop":[0,0,0,0,0,0,0,13100],
                "Metropole":"No"
                },
                  {
                 "ID":[2,40,6093],
                "A_Name":"Panliet",
                "Longlat":[28.257,8.836],
                "A_Upop":[0,0,0,0,0,0,0,12800],
                "Metropole":"No"
                },
                  {
                 "ID":[2,40,6173],
                "A_Name":"Garalei",
                "Longlat":[31.363,7.143],
                "A_Upop":[0,0,0,0,0,0,0,12600],
                "Metropole":"No"
                },
                  {
                 "ID":[2,40,6216],
                "A_Name":"Malualkon",
                "Longlat":[27.624,9.017],
                "A_Upop":[0,0,0,0,0,0,0,12500],
                "Metropole":"No"
                },
                  {
                 "ID":[2,40,6358],
                "A_Name":"Kuatta",
                "Longlat":[33.225,10.144],
                "A_Upop":[0,0,0,0,0,0,0,12200],
                "Metropole":"No"
                },
                  {
                 "ID":[2,40,6413],
                "A_Name":"Puolbar",
                "Longlat":[29.179,8.034],
                "A_Upop":[0,0,0,0,0,0,0,12100],
                "Metropole":"No"
                },
                  {
                 "ID":[2,40,6414],
                "A_Name":"Paloch",
                "Longlat":[32.541,10.464],
                "A_Upop":[0,0,0,0,0,0,0,12100],
                "Metropole":"No"
                },
                  {
                 "ID":[2,40,6459],
                "A_Name":"Obbo",
                "Longlat":[32.471,4.015],
                "A_Upop":[0,0,0,0,0,0,0,12000],
                "Metropole":"No"
                },
                  {
                 "ID":[2,40,6460],
                "A_Name":"Sokare",
                "Longlat":[31.419,3.798],
                "A_Upop":[0,0,0,0,0,0,0,12000],
                "Metropole":"No"
                },
                  {
                 "ID":[2,40,6461],
                "A_Name":"Leer",
                "Longlat":[30.145,8.304],
                "A_Upop":[0,0,0,0,0,13283,23733,12000],
                "Metropole":"No"
                },
                  {
                 "ID":[2,40,6560],
                "A_Name":"Pawel",
                "Longlat":[31.403,7.167],
                "A_Upop":[0,0,0,0,0,0,0,11800],
                "Metropole":"No"
                },
                  {
                 "ID":[2,40,6604],
                "A_Name":"Pakuem",
                "Longlat":[30.308,8.191],
                "A_Upop":[0,0,0,0,0,0,0,11700],
                "Metropole":"No"
                },
                  {
                 "ID":[2,40,6653],
                "A_Name":"Chimel Thii",
                "Longlat":[27.254,8.888],
                "A_Upop":[0,0,0,0,0,0,0,11600],
                "Metropole":"No"
                },
                  {
                 "ID":[2,40,6740],
                "A_Name":"Madebe Centre",
                "Longlat":[28.999,4.823],
                "A_Upop":[0,0,0,0,0,0,0,11400],
                "Metropole":"No"
                },
                  {
                 "ID":[2,40,6793],
                "A_Name":"Girili",
                "Longlat":[30.808,3.595],
                "A_Upop":[0,0,0,0,0,0,0,11300],
                "Metropole":"No"
                },
                  {
                 "ID":[2,40,6893],
                "A_Name":"Kuom",
                "Longlat":[28.035,7.707],
                "A_Upop":[0,0,0,0,0,0,0,11100],
                "Metropole":"No"
                },
                  {
                 "ID":[2,40,7030],
                "A_Name":"Pajok",
                "Longlat":[32.482,3.874],
                "A_Upop":[0,0,0,0,0,0,0,10900],
                "Metropole":"No"
                },
                  {
                 "ID":[2,40,7122],
                "A_Name":"Maridi",
                "Longlat":[32.161,9.24],
                "A_Upop":[0,0,0,0,14721,30802,59828,10700],
                "Metropole":"No"
                },
                  {
                 "ID":[2,40,7246],
                "A_Name":"Baka",
                "Longlat":[30.153,4.504],
                "A_Upop":[0,0,0,0,0,0,0,10500],
                "Metropole":"No"
                },
                  {
                "ID":[2,40,7391],
                "A_Name":"Malek",
                "Longlat":[31.153,6.454],
                "A_Upop":[0,0,0,0,0,0,0,10300],
                "Metropole":"No"
                }]
}