{
    "EN_country":"Sudan",
    "FR_country":"Soudan",
    "ID":[2,36,0],
    "Upop":[534692,869121,1696730,2985746,5415841,8895637,13195506],
    "Urbanlevel":[0.08,0.11,0.15,0.21,0.3,0.36,0.4,0.43],
    "Numagglos":[13,21,35,50,77,143,219,301],
    "Mpop":[0.43,0.39,0.39,0.4,0.4,0.39,0.35,0.32],
    "ADBA":[211,115,73,61,49,34,29,25.1],
    "Agglomerations":[
    {
                 "ID":[2,36,10],
                "A_Name":"Khartum",
                "Longlat":[32.527,15.522],
                "A_Upop":[229376,342728,664291,1184383,2165249,3454407,4664746,5264746],
                "Metropole":"Yes"
                },
                  {
                 "ID":[2,36,123],
                "A_Name":"Nyala",
                "Longlat":[24.887,12.054],
                "A_Upop":[0,18840,44352,95311,189200,331563,521379,564582],
                "Metropole":"No"
                },
                  {
                 "ID":[2,36,162],
                "A_Name":"Port Sudan",
                "Longlat":[37.187,19.559],
                "A_Upop":[39339,62738,107725,180924,276416,345642,372181,423772],
                "Metropole":"No"
                },
                  {
                 "ID":[2,36,186],
                "A_Name":"al-Ubayd",
                "Longlat":[30.217,13.178],
                "A_Upop":[48107,58181,79160,123533,200128,280942,352821,360709],
                "Metropole":"No"
                },
                  {
                 "ID":[2,36,189],
                "A_Name":"Kassala",
                "Longlat":[36.437,15.449],
                "A_Upop":[35745,50673,86398,128490,204599,263389,318499,356924],
                "Metropole":"No"
                },
                  {
                 "ID":[2,36,193],
                "A_Name":"Wad Madani",
                "Longlat":[33.527,14.362],
                "A_Upop":[46040,56899,89300,133414,190829,250449,311354,346340],
                "Metropole":"No"
                },
                  {
                 "ID":[2,36,194],
                "A_Name":"al-Qadarif",
                "Longlat":[35.381,14.035],
                "A_Upop":[18000,27195,57656,100211,167203,224551,298630,345672],
                "Metropole":"No"
                },
                  {
                 "ID":[2,36,227],
                "A_Name":"al-Duaiym",
                "Longlat":[26.131,11.464],
                "A_Upop":[0,0,14006,27679,58694,99192,145000,288581],
                "Metropole":"No"
                },
                  {
                 "ID":[2,36,262],
                "A_Name":"Kosty",
                "Longlat":[32.666,13.149],
                "A_Upop":[19944,29084,53846,82542,145486,191673,231465,256214],
                "Metropole":"No"
                },
                  {
                 "ID":[2,36,296],
                "A_Name":"al-Junaynah",
                "Longlat":[22.45,13.442],
                "A_Upop":[0,15629,29129,49359,71332,110957,142928,231552],
                "Metropole":"No"
                },
                  {
                 "ID":[2,36,301],
                "A_Name":"al-Fashir",
                "Longlat":[25.354,13.627],
                "A_Upop":[21712,33451,47662,74322,124426,174496,222920,228365],
                "Metropole":"No"
                },
                  {
                 "ID":[2,36,364],
                "A_Name":"al-Khalas",
                "Longlat":[32.383,15.795],
                "A_Upop":[0,0,0,0,0,0,162868,193557],
                "Metropole":"No"
                },
                  {
                 "ID":[2,36,447],
                "A_Name":"al-Damazin",
                "Longlat":[34.353,11.806],
                "A_Upop":[0,0,10789,22630,55897,98059,145044,158498],
                "Metropole":"No"
                },
                  {
                 "ID":[2,36,466],
                "A_Name":"Sennar",
                "Longlat":[33.589,13.547],
                "A_Upop":[0,12091,24147,37707,62301,93453,133784,150899],
                "Metropole":"No"
                },
                  {
                 "ID":[2,36,473],
                "A_Name":"Rabak",
                "Longlat":[32.741,13.186],
                "A_Upop":[0,0,15553,22823,46871,84638,134579,148969],
                "Metropole":"No"
                },
                  {
                 "ID":[2,36,520],
                "A_Name":"Zalingey",
                "Longlat":[23.502,12.911],
                "A_Upop":[0,0,11453,17402,25913,30499,37323,135500],
                "Metropole":"No"
                },
                  {
                 "ID":[2,36,546],
                "A_Name":"Atbara",
                "Longlat":[33.994,17.696],
                "A_Upop":[28960,42047,59506,71086,83607,99629,119157,130415],
                "Metropole":"No"
                },
                  {
                 "ID":[2,36,588],
                "A_Name":"al-Manaqil",
                "Longlat":[32.991,14.243],
                "A_Upop":[0,0,11204,27327,54733,80216,107313,119372],
                "Metropole":"No"
                },
                  {
                 "ID":[2,36,806],
                "A_Name":"al-Duwaym",
                "Longlat":[32.302,14.005],
                "A_Upop":[11548,14320,21985,32366,49652,64208,79974,88525],
                "Metropole":"No"
                },
                  {
                 "ID":[2,36,824],
                "A_Name":"al-Damir",
                "Longlat":[33.968,17.595],
                "A_Upop":[0,0,12791,23867,42964,60967,78346,85748],
                "Metropole":"No"
                },
                  {
                 "ID":[2,36,867],
                "A_Name":"al-Sururab West",
                "Longlat":[32.525,15.899],
                "A_Upop":[0,0,0,0,0,0,38423,82953],
                "Metropole":"No"
                },
                  {
                 "ID":[2,36,882],
                "A_Name":"Marabiya' al-Sharif",
                "Longlat":[32.691,15.535],
                "A_Upop":[0,0,0,0,0,0,68851,81824],
                "Metropole":"No"
                },
                  {
                 "ID":[2,36,916],
                "A_Name":"Tandalty",
                "Longlat":[31.868,13.015],
                "A_Upop":[0,0,0,13658,20793,38386,71122,78727],
                "Metropole":"No"
                },
                  {
                 "ID":[2,36,923],
                "A_Name":"Kaduqli",
                "Longlat":[29.717,10.999],
                "A_Upop":[0,0,15478,29434,53153,64394,78690,78329],
                "Metropole":"No"
                },
                  {
                 "ID":[2,36,945],
                "A_Name":"Halfa' al-Jadida",
                "Longlat":[35.604,15.324],
                "A_Upop":[0,0,18888,33610,49108,58501,67843,76028],
                "Metropole":"No"
                },
                  {
                 "ID":[2,36,966],
                "A_Name":"Anjakoaty",
                "Longlat":[22.599,12.128],
                "A_Upop":[0,0,0,0,0,0,44937,74802],
                "Metropole":"No"
                },
                  {
                 "ID":[2,36,979],
                "A_Name":"Shendi",
                "Longlat":[33.444,16.692],
                "A_Upop":[12440,13402,20800,31342,40301,52132,67807,74213],
                "Metropole":"No"
                },
                  {
                 "ID":[2,36,1058],
                "A_Name":"al-Nuhud",
                "Longlat":[28.426,12.693],
                "A_Upop":[0,18460,23583,29711,47039,59960,67660,69172],
                "Metropole":"No"
                },
                  {
                 "ID":[2,36,1061],
                "A_Name":"al-Dalanj",
                "Longlat":[29.652,12.047],
                "A_Upop":[0,0,16450,24817,40265,53781,69300,68982],
                "Metropole":"No"
                },
                  {
                 "ID":[2,36,1067],
                "A_Name":"Singa",
                "Longlat":[33.931,13.149],
                "A_Upop":[0,12076,18072,23995,35227,46746,60895,68685],
                "Metropole":"No"
                },
                  {
                 "ID":[2,36,1080],
                "A_Name":"al-Roseires",
                "Longlat":[34.394,11.857],
                "A_Upop":[0,0,10406,15510,28095,44332,62256,68031],
                "Metropole":"No"
                },
                  {
                 "ID":[2,36,1142],
                "A_Name":"Dongola",
                "Longlat":[30.469,19.152],
                "A_Upop":[0,0,0,0,12595,27680,59518,65280],
                "Metropole":"No"
                },
                  {
                 "ID":[2,36,1149],
                "A_Name":"Ardamata",
                "Longlat":[22.488,13.484],
                "A_Upop":[0,0,0,0,0,0,59227,64952],
                "Metropole":"No"
                },
                  {
                 "ID":[2,36,1152],
                "A_Name":"Madinat Kabkabiyya",
                "Longlat":[24.091,13.65],
                "A_Upop":[0,0,0,0,0,0,43367,64790],
                "Metropole":"No"
                },
                  {
                 "ID":[2,36,1174],
                "A_Name":"Kas",
                "Longlat":[24.286,12.504],
                "A_Upop":[0,0,0,0,0,0,26676,63280],
                "Metropole":"No"
                },
                  {
                 "ID":[2,36,1185],
                "A_Name":"Sifeay North",
                "Longlat":[32.902,13.071],
                "A_Upop":[0,0,0,0,0,0,52862,62580],
                "Metropole":"No"
                },
                  {
                 "ID":[2,36,1212],
                "A_Name":"Barsi",
                "Longlat":[33.532,14.441],
                "A_Upop":[0,0,0,0,0,38667,52405,61008],
                "Metropole":"No"
                },
                  {
                 "ID":[2,36,1214],
                "A_Name":"Garsaila",
                "Longlat":[23.139,12.386],
                "A_Upop":[0,0,0,0,0,23731,40650,60900],
                "Metropole":"No"
                },
                  {
                 "ID":[2,36,1250],
                "A_Name":"Um Rowaba",
                "Longlat":[31.217,12.907],
                "A_Upop":[0,10344,17519,24729,37623,48362,58100,59399],
                "Metropole":"No"
                },
                  {
                 "ID":[2,36,1306],
                "A_Name":"al-Sanwa",
                "Longlat":[32.287,15.591],
                "A_Upop":[0,0,0,0,0,0,48089,57150],
                "Metropole":"No"
                },
                  {
                 "ID":[2,36,1312],
                "A_Name":"Umm Dawwanban",
                "Longlat":[32.829,15.442],
                "A_Upop":[0,0,0,0,0,10844,32754,56925],
                "Metropole":"No"
                },
                  {
                 "ID":[2,36,1316],
                "A_Name":"al-Hasahisa",
                "Longlat":[33.289,14.742],
                "A_Upop":[0,0,16014,23837,34618,42551,50990,56720],
                "Metropole":"No"
                },
                  {
                 "ID":[2,36,1330],
                "A_Name":"Zamzam",
                "Longlat":[25.293,13.49],
                "A_Upop":[0,0,0,0,0,0,53832,56316],
                "Metropole":"No"
                },
                  {
                 "ID":[2,36,1356],
                "A_Name":"Abu Jubayha",
                "Longlat":[31.23,11.466],
                "A_Upop":[0,0,0,14333,28088,40942,55343,55089],
                "Metropole":"No"
                },
                  {
                 "ID":[2,36,1416],
                "A_Name":"Mellit",
                "Longlat":[25.547,14.136],
                "A_Upop":[0,0,0,15688,29523,41507,51338,52592],
                "Metropole":"No"
                },
                  {
                 "ID":[2,36,1423],
                "A_Name":"Wad Sharifay",
                "Longlat":[36.447,15.366],
                "A_Upop":[0,0,0,0,45411,48041,50824,52275],
                "Metropole":"No"
                },
                  {
                 "ID":[2,36,1460],
                "A_Name":"Khashim al-Girba",
                "Longlat":[35.896,14.959],
                "A_Upop":[0,0,0,15184,31400,40237,45770,51292],
                "Metropole":"No"
                },
                  {
                 "ID":[2,36,1559],
                "A_Name":"Mansur Kawti",
                "Longlat":[31.292,17.993],
                "A_Upop":[0,0,0,0,0,0,27079,48405],
                "Metropole":"No"
                },
                  {
                 "ID":[2,36,1576],
                "A_Name":"Tulus",
                "Longlat":[24.53,11.093],
                "A_Upop":[0,0,0,0,0,13818,44215,47879],
                "Metropole":"No"
                },
                  {
                 "ID":[2,36,1597],
                "A_Name":"al-Mujlad",
                "Longlat":[27.749,11.033],
                "A_Upop":[0,0,0,11570,25966,36195,47403,47185],
                "Metropole":"No"
                },
                  {
                 "ID":[2,36,1665],
                "A_Name":"Suakin",
                "Longlat":[37.334,19.098],
                "A_Upop":[0,0,0,10107,18070,29395,40048,45599],
                "Metropole":"No"
                },
                  {
                 "ID":[2,36,1669],
                "A_Name":"Kalma",
                "Longlat":[25.012,12.005],
                "A_Upop":[0,0,0,0,0,31765,40333,45448],
                "Metropole":"No"
                },
                  {
                 "ID":[2,36,1787],
                "A_Name":"Tebeldina",
                "Longlat":[25.719,12.656],
                "A_Upop":[0,0,0,0,0,30079,38192,43035],
                "Metropole":"No"
                },
                  {
                 "ID":[2,36,1926],
                "A_Name":"Tokar",
                "Longlat":[37.736,18.431],
                "A_Upop":[0,14422,13454,14084,13322,21542,34949,39794],
                "Metropole":"No"
                },
                  {
                 "ID":[2,36,1960],
                "A_Name":"al-Fao",
                "Longlat":[34.093,14.111],
                "A_Upop":[0,0,0,0,0,18970,33953,39301],
                "Metropole":"No"
                },
                  {
                 "ID":[2,36,2002],
                "A_Name":"al-Hawata",
                "Longlat":[34.635,13.414],
                "A_Upop":[0,0,0,13187,18379,24210,33460,38730],
                "Metropole":"No"
                },
                  {
                 "ID":[2,36,2020],
                "A_Name":"Qirayda",
                "Longlat":[25.148,11.265],
                "A_Upop":[0,0,0,0,0,26896,34150,38481],
                "Metropole":"No"
                },
                  {
                 "ID":[2,36,2031],
                "A_Name":"Sinkat",
                "Longlat":[36.835,18.835],
                "A_Upop":[0,0,0,0,11031,20383,33597,38254],
                "Metropole":"No"
                },
                  {
                 "ID":[2,36,2032],
                "A_Name":"Babanowsah",
                "Longlat":[27.811,11.331],
                "A_Upop":[0,0,0,17891,29280,33041,38420,38244],
                "Metropole":"No"
                },
                  {
                 "ID":[2,36,2035],
                "A_Name":"al-Ahad",
                "Longlat":[30.645,12.726],
                "A_Upop":[0,0,12058,15840,21377,30279,37332,38167],
                "Metropole":"No"
                },
                  {
                 "ID":[2,36,2123],
                "A_Name":"Kutum",
                "Longlat":[24.65,14.203],
                "A_Upop":[0,0,0,0,0,18570,35505,36372],
                "Metropole":"No"
                },
                  {
                 "ID":[2,36,2132],
                "A_Name":"Nertiti",
                "Longlat":[24.047,12.965],
                "A_Upop":[0,0,0,0,0,24154,31579,36108],
                "Metropole":"No"
                },
                  {
                 "ID":[2,36,2146],
                "A_Name":"Buram",
                "Longlat":[25.158,10.856],
                "A_Upop":[0,0,0,0,20083,26181,33133,35879],
                "Metropole":"No"
                },
                  {
                 "ID":[2,36,2149],
                "A_Name":"Shiariya",
                "Longlat":[25.58,12.438],
                "A_Upop":[0,0,0,0,0,0,51786,35770],
                "Metropole":"No"
                },
                  {
                 "ID":[2,36,2154],
                "A_Name":"Mukjar",
                "Longlat":[23.327,11.993],
                "A_Upop":[0,0,0,0,0,0,18300,35700],
                "Metropole":"No"
                },
                  {
                 "ID":[2,36,2228],
                "A_Name":"Um Durman",
                "Longlat":[34.301,12.429],
                "A_Upop":[0,0,0,0,0,14782,26220,34920],
                "Metropole":"No"
                },
                  {
                 "ID":[2,36,2248],
                "A_Name":"But",
                "Longlat":[33.382,11.419],
                "A_Upop":[0,0,0,0,0,19388,27620,34608],
                "Metropole":"No"
                },
                  {
                 "ID":[2,36,2267],
                "A_Name":"Hashaba",
                "Longlat":[24.953,11.951],
                "A_Upop":[0,0,0,0,0,0,0,34400],
                "Metropole":"No"
                },
                  {
                 "ID":[2,36,2287],
                "A_Name":"Sifeya South",
                "Longlat":[32.928,13.035],
                "A_Upop":[0,0,0,0,12086,10307,10161,34140],
                "Metropole":"No"
                },
                  {
                 "ID":[2,36,2305],
                "A_Name":"Rufa",
                "Longlat":[33.365,14.765],
                "A_Upop":[0,11753,15510,18537,24183,27164,30518,33947],
                "Metropole":"No"
                },
                  {
                 "ID":[2,36,2358],
                "A_Name":"Zarafah",
                "Longlat":[25.704,11.676],
                "A_Upop":[0,0,0,0,0,23170,29419,33150],
                "Metropole":"No"
                },
                  {
                 "ID":[2,36,2359],
                "A_Name":"Jubayt",
                "Longlat":[36.833,18.955],
                "A_Upop":[0,0,0,0,0,15347,29106,33140],
                "Metropole":"No"
                },
                  {
                 "ID":[2,36,2386],
                "A_Name":"Saraf Umra",
                "Longlat":[23.301,13.476],
                "A_Upop":[0,0,0,0,0,0,18744,32760],
                "Metropole":"No"
                },
                  {
                 "ID":[2,36,2424],
                "A_Name":"al-Geteina",
                "Longlat":[32.37,14.865],
                "A_Upop":[0,0,0,0,12655,19081,29213,32337],
                "Metropole":"No"
                },
                  {
                 "ID":[2,36,2449],
                "A_Name":"Hay al-Walad Mad",
                "Longlat":[32.434,15.261],
                "A_Upop":[0,0,0,0,0,19067,26930,32004],
                "Metropole":"No"
                },
                  {
                 "ID":[2,36,2506],
                "A_Name":"al-Dindir",
                "Longlat":[34.087,13.332],
                "A_Upop":[0,0,0,0,17010,22769,27773,31326],
                "Metropole":"No"
                },
                  {
                 "ID":[2,36,2509],
                "A_Name":"Osaylat/ Alosaylat",
                "Longlat":[32.865,15.382],
                "A_Upop":[0,0,0,0,0,18660,26354,31320],
                "Metropole":"No"
                },
                  {
                 "ID":[2,36,2549],
                "A_Name":"Adayla",
                "Longlat":[26.995,11.337],
                "A_Upop":[0,0,0,0,12754,21259,27187,30856],
                "Metropole":"No"
                },
                  {
                 "ID":[2,36,2585],
                "A_Name":"Barbar",
                "Longlat":[33.989,18.039],
                "A_Upop":[12347,11907,11971,11203,14597,20345,27872,30506],
                "Metropole":"No"
                },
                  {
                 "ID":[2,36,2588],
                "A_Name":"al-Laayt",
                "Longlat":[27.048,11.958],
                "A_Upop":[0,0,0,0,0,26578,29088,30430],
                "Metropole":"No"
                },
                  {
                 "ID":[2,36,2592],
                "A_Name":"al-Folah",
                "Longlat":[28.345,11.715],
                "A_Upop":[0,0,0,0,11577,18348,30516,30376],
                "Metropole":"No"
                },
                  {
                 "ID":[2,36,2646],
                "A_Name":"Rihade al-Birdi",
                "Longlat":[23.881,11.301],
                "A_Upop":[0,0,0,0,0,16547,26195,29782],
                "Metropole":"No"
                },
                  {
                 "ID":[2,36,2653],
                "A_Name":"Nabta East",
                "Longlat":[32.673,15.711],
                "A_Upop":[0,0,0,0,0,16343,24352,29725],
                "Metropole":"No"
                },
                  {
                 "ID":[2,36,2746],
                "A_Name":"Mayrno",
                "Longlat":[33.66,13.423],
                "A_Upop":[0,0,11318,17143,21832,26420,30034,28840],
                "Metropole":"No"
                },
                  {
                 "ID":[2,36,2754],
                "A_Name":"al-Soky",
                "Longlat":[33.886,13.328],
                "A_Upop":[0,0,14666,19775,26573,26131,25537,28804],
                "Metropole":"No"
                },
                  {
                 "ID":[2,36,2768],
                "A_Name":"al-Ibydiya",
                "Longlat":[33.96,18.217],
                "A_Upop":[0,0,0,0,0,0,16549,28675],
                "Metropole":"No"
                },
                  {
                 "ID":[2,36,2771],
                "A_Name":"24 al-Qurashy",
                "Longlat":[32.774,14.248],
                "A_Upop":[0,0,0,13878,22650,14082,21665,28630],
                "Metropole":"No"
                },
                  {
                 "ID":[2,36,2860],
                "A_Name":"al-Goled",
                "Longlat":[30.647,18.493],
                "A_Upop":[0,0,0,0,0,0,0,27750],
                "Metropole":"No"
                },
                  {
                 "ID":[2,36,2933],
                "A_Name":"al-Fashaqah (Shuwak)",
                "Longlat":[35.863,14.398],
                "A_Upop":[0,0,0,0,12892,17617,23396,27082],
                "Metropole":"No"
                },
                  {
                 "ID":[2,36,2948],
                "A_Name":"al-Tawila",
                "Longlat":[24.857,13.522],
                "A_Upop":[0,0,0,0,0,23548,25771,26960],
                "Metropole":"No"
                },
                  {
                 "ID":[2,36,2981],
                "A_Name":"Al-Gatati",
                "Longlat":[32.727,15.443],
                "A_Upop":[0,0,0,0,0,0,13992,26685],
                "Metropole":"No"
                },
                  {
                 "ID":[2,36,3012],
                "A_Name":"Aroma",
                "Longlat":[36.134,15.81],
                "A_Upop":[0,0,0,0,11096,16087,22230,26400],
                "Metropole":"No"
                },
                  {
                 "ID":[2,36,3027],
                "A_Name":"Merowe",
                "Longlat":[31.858,18.515],
                "A_Upop":[0,0,0,0,0,0,0,26240],
                "Metropole":"No"
                },
                  {
                 "ID":[2,36,3039],
                "A_Name":"NNA_2233_11",
                "Longlat":[36.225,15.273],
                "A_Upop":[0,0,0,0,0,14382,21429,26158],
                "Metropole":"No"
                },
                  {
                 "ID":[2,36,3048],
                "A_Name":"al-Gezira Aba",
                "Longlat":[32.614,13.306],
                "A_Upop":[0,12880,19591,20386,23333,23231,23554,26072],
                "Metropole":"No"
                },
                  {
                 "ID":[2,36,3076],
                "A_Name":"Attib",
                "Longlat":[34.12,12.518],
                "A_Upop":[0,0,0,0,0,15550,21793,25800],
                "Metropole":"No"
                },
                  {
                 "ID":[2,36,3087],
                "A_Name":"al-Sufr",
                "Longlat":[33.538,16.782],
                "A_Upop":[0,0,0,0,0,17302,22527,25704],
                "Metropole":"No"
                },
                  {
                 "ID":[2,36,3137],
                "A_Name":"Wad Sharifay Sharq",
                "Longlat":[36.384,15.374],
                "A_Upop":[0,0,0,0,12926,16908,22117,25296],
                "Metropole":"No"
                },
                  {
                 "ID":[2,36,3171],
                "A_Name":"Dar al-Salam Janub",
                "Longlat":[25.528,13.054],
                "A_Upop":[0,0,0,0,0,0,16071,25042],
                "Metropole":"No"
                },
                  {
                 "ID":[2,36,3194],
                "A_Name":"Moarny",
                "Longlat":[22.874,12.954],
                "A_Upop":[0,0,0,0,0,0,15355,24920],
                "Metropole":"No"
                },
                  {
                 "ID":[2,36,3200],
                "A_Name":"Umm Shawaka",
                "Longlat":[33.754,13.308],
                "A_Upop":[0,0,0,0,12441,16162,22054,24875],
                "Metropole":"No"
                },
                  {
                 "ID":[2,36,3273],
                "A_Name":"Abu Zabad",
                "Longlat":[29.232,12.352],
                "A_Upop":[0,0,0,0,13216,18517,23837,24370],
                "Metropole":"No"
                },
                  {
                 "ID":[2,36,3327],
                "A_Name":"Wad al-Hilayew",
                "Longlat":[35.876,14.238],
                "A_Upop":[0,0,0,0,19023,18150,17730,24000],
                "Metropole":"No"
                },
                  {
                 "ID":[2,36,3328],
                "A_Name":"Wad'Arud",
                "Longlat":[35.873,13.465],
                "A_Upop":[0,0,0,0,0,0,12248,24000],
                "Metropole":"No"
                },
                  {
                 "ID":[2,36,3348],
                "A_Name":"Doka Basonda",
                "Longlat":[35.76,13.525],
                "A_Upop":[0,0,0,10024,15623,17791,20646,23899],
                "Metropole":"No"
                },
                  {
                 "ID":[2,36,3370],
                "A_Name":"Ghubaysh",
                "Longlat":[27.333,12.154],
                "A_Upop":[0,0,0,0,10503,15100,23240,23759],
                "Metropole":"No"
                },
                  {
                 "ID":[2,36,3382],
                "A_Name":"Id al-Forsan",
                "Longlat":[24.317,11.506],
                "A_Upop":[0,0,0,0,0,0,12581,23640],
                "Metropole":"No"
                },
                  {
                 "ID":[2,36,3393],
                "A_Name":"Halfa' Dughaym (Sugar Complex)",
                "Longlat":[35.552,15.484],
                "A_Upop":[0,0,0,0,19666,20277,21043,23582],
                "Metropole":"No"
                },
                  {
                 "ID":[2,36,3415],
                "A_Name":"Jadid al-Atsha",
                "Longlat":[32.75,15.353],
                "A_Upop":[0,0,0,0,0,0,11314,23460],
                "Metropole":"No"
                },
                  {
                 "ID":[2,36,3420],
                "A_Name":"Abu Matariq",
                "Longlat":[26.203,10.987],
                "A_Upop":[0,0,0,0,0,16373,20789,23425],
                "Metropole":"No"
                },
                  {
                 "ID":[2,36,3454],
                "A_Name":"Waggar",
                "Longlat":[36.2,16.142],
                "A_Upop":[0,0,0,0,10339,12967,18718,23220],
                "Metropole":"No"
                },
                  {
                 "ID":[2,36,3505],
                "A_Name":"al-Kuraynik",
                "Longlat":[22.887,13.368],
                "A_Upop":[0,0,0,0,0,0,13645,22960],
                "Metropole":"No"
                },
                  {
                 "ID":[2,36,3529],
                "A_Name":"Qisar",
                "Longlat":[33.66,16.826],
                "A_Upop":[0,0,0,0,0,15363,20003,22824],
                "Metropole":"No"
                },
                  {
                 "ID":[2,36,3592],
                "A_Name":"Suri",
                "Longlat":[30.547,18.682],
                "A_Upop":[0,0,0,0,0,0,14329,22440],
                "Metropole":"No"
                },
                  {
                 "ID":[2,36,3600],
                "A_Name":"NNA_(New Setllement) 4000 houses",
                "Longlat":[36.037,14.261],
                "A_Upop":[0,0,0,0,0,14218,19251,22400],
                "Metropole":"No"
                },
                  {
                 "ID":[2,36,3617],
                "A_Name":"Tambul",
                "Longlat":[33.42,14.928],
                "A_Upop":[0,0,0,0,0,14066,20033,22284],
                "Metropole":"No"
                },
                  {
                 "ID":[2,36,3628],
                "A_Name":"al-Tiwaysha",
                "Longlat":[26.7,12.301],
                "A_Upop":[0,0,0,0,0,19401,21232,22212],
                "Metropole":"No"
                },
                  {
                 "ID":[2,36,3719],
                "A_Name":"Wawisy",
                "Longlat":[32.595,16.055],
                "A_Upop":[0,0,0,0,0,0,13594,21616],
                "Metropole":"No"
                },
                  {
                 "ID":[2,36,3732],
                "A_Name":"Mahagriya",
                "Longlat":[25.619,11.996],
                "A_Upop":[0,0,0,0,0,15040,19096,21518],
                "Metropole":"No"
                },
                  {
                 "ID":[2,36,3762],
                "A_Name":"Kumbar",
                "Longlat":[30.023,11.945],
                "A_Upop":[0,0,0,0,0,14289,18681,21360],
                "Metropole":"No"
                },
                  {
                 "ID":[2,36,3784],
                "A_Name":"Korai",
                "Longlat":[31.737,18.307],
                "A_Upop":[0,0,0,0,0,0,13020,21252],
                "Metropole":"No"
                },
                  {
                 "ID":[2,36,3804],
                "A_Name":"al-Mazmun",
                "Longlat":[33.544,12.27],
                "A_Upop":[0,0,0,0,15294,17401,19800,21120],
                "Metropole":"No"
                },
                  {
                 "ID":[2,36,3839],
                "A_Name":"Armagentolis",
                "Longlat":[27.685,10.15],
                "A_Upop":[0,0,0,0,0,14032,18345,20976],
                "Metropole":"No"
                },
                  {
                 "ID":[2,36,3860],
                "A_Name":"al-Hilalia TC",
                "Longlat":[33.242,14.94],
                "A_Upop":[0,0,0,10473,13898,16111,18736,20842],
                "Metropole":"No"
                },
                  {
                 "ID":[2,36,3894],
                "A_Name":"Nama",
                "Longlat":[28.221,10.579],
                "A_Upop":[0,0,0,0,0,13827,18077,20670],
                "Metropole":"No"
                },
                  {
                 "ID":[2,36,3904],
                "A_Name":"al-Khandaq",
                "Longlat":[30.591,18.558],
                "A_Upop":[0,0,0,0,0,0,10667,20600],
                "Metropole":"No"
                },
                  {
                 "ID":[2,36,3965],
                "A_Name":"Dulayq",
                "Longlat":[23.264,12.474],
                "A_Upop":[0,0,0,0,0,0,0,20300],
                "Metropole":"No"
                },
                  {
                 "ID":[2,36,3990],
                "A_Name":"Aasalaya",
                "Longlat":[32.733,13.254],
                "A_Upop":[0,0,0,18486,0,0,18219,20167],
                "Metropole":"No"
                },
                  {
                 "ID":[2,36,4030],
                "A_Name":"Amla Samki",
                "Longlat":[24.906,12.725],
                "A_Upop":[0,0,0,0,0,13979,17749,20000],
                "Metropole":"No"
                },
                  {
                 "ID":[2,36,4031],
                "A_Name":"New Settlement 4000 Houses",
                "Longlat":[35.96,13.992],
                "A_Upop":[0,0,0,0,0,0,0,20000],
                "Metropole":"No"
                },
                  {
                 "ID":[2,36,4081],
                "A_Name":"Kiling",
                "Longlat":[24.282,13.129],
                "A_Upop":[0,0,0,0,0,0,12581,19810],
                "Metropole":"No"
                },
                  {
                 "ID":[2,36,4100],
                "A_Name":"Umm Boim",
                "Longlat":[25.552,11.541],
                "A_Upop":[0,0,0,0,0,13776,17492,19710],
                "Metropole":"No"
                },
                  {
                 "ID":[2,36,4152],
                "A_Name":"al-Makaylab",
                "Longlat":[33.997,17.929],
                "A_Upop":[0,0,0,0,0,0,12559,19525],
                "Metropole":"No"
                },
                  {
                 "ID":[2,36,4228],
                "A_Name":"Rashad",
                "Longlat":[31.054,11.863],
                "A_Upop":[0,0,0,0,10631,10262,15007,19194],
                "Metropole":"No"
                },
                  {
                 "ID":[2,36,4229],
                "A_Name":"al-Abasiya",
                "Longlat":[31.302,12.166],
                "A_Upop":[0,0,0,0,10929,14045,19276,19188],
                "Metropole":"No"
                },
                  {
                 "ID":[2,36,4263],
                "A_Name":"Mistry",
                "Longlat":[22.185,13.124],
                "A_Upop":[0,0,0,0,0,0,10323,19040],
                "Metropole":"No"
                },
                  {
                 "ID":[2,36,4327],
                "A_Name":"al-Shagarab al-Shamali",
                "Longlat":[35.984,14.765],
                "A_Upop":[0,0,0,0,13508,15390,17534,18715],
                "Metropole":"No"
                },
                  {
                 "ID":[2,36,4335],
                "A_Name":"Ruru",
                "Longlat":[33.647,11.896],
                "A_Upop":[0,0,0,0,0,0,13784,18690],
                "Metropole":"No"
                },
                  {
                 "ID":[2,36,4339],
                "A_Name":"al-Bawgah",
                "Longlat":[33.889,18.269],
                "A_Upop":[0,0,0,11308,14444,15444,17071,18684],
                "Metropole":"No"
                },
                  {
                 "ID":[2,36,4476],
                "A_Name":"Takoi",
                "Longlat":[30.752,10.251],
                "A_Upop":[0,0,0,0,0,12094,15812,18080],
                "Metropole":"No"
                },
                  {
                 "ID":[2,36,4477],
                "A_Name":"Village 19",
                "Longlat":[34.019,14.084],
                "A_Upop":[0,0,0,0,0,12052,16308,18078],
                "Metropole":"No"
                },
                  {
                 "ID":[2,36,4494],
                "A_Name":"Gazirat Badin",
                "Longlat":[30.383,19.68],
                "A_Upop":[0,0,0,0,0,12132,15756,17955],
                "Metropole":"No"
                },
                  {
                 "ID":[2,36,4577],
                "A_Name":"Abu Karshulh Khawr al-Taina",
                "Longlat":[30.791,12.146],
                "A_Upop":[0,0,0,0,0,0,17620,17539],
                "Metropole":"No"
                },
                  {
                 "ID":[2,36,4581],
                "A_Name":"Um Dukhun",
                "Longlat":[22.965,11.144],
                "A_Upop":[0,0,0,0,0,0,11293,17520],
                "Metropole":"No"
                },
                  {
                 "ID":[2,36,4698],
                "A_Name":"al-Shagarab al-Awsatt",
                "Longlat":[35.973,14.746],
                "A_Upop":[0,0,0,0,14196,15280,16447,17064],
                "Metropole":"No"
                },
                  {
                 "ID":[2,36,4701],
                "A_Name":"Wadi Halfa",
                "Longlat":[31.361,21.801],
                "A_Upop":[11134,0,0,0,10887,13133,15550,17056],
                "Metropole":"No"
                },
                  {
                 "ID":[2,36,4703],
                "A_Name":"Shabashah",
                "Longlat":[32.228,14.131],
                "A_Upop":[0,0,0,0,10069,12160,15407,17054],
                "Metropole":"No"
                },
                  {
                 "ID":[2,36,4715],
                "A_Name":"Umm Shijara",
                "Longlat":[35.442,13.994],
                "A_Upop":[0,0,0,0,0,11345,15352,17018],
                "Metropole":"No"
                },
                  {
                 "ID":[2,36,4720],
                "A_Name":"al-Naiya",
                "Longlat":[32.596,15.996],
                "A_Upop":[0,0,0,0,0,0,11512,17000],
                "Metropole":"No"
                },
                  {
                 "ID":[2,36,4746],
                "A_Name":"al-Masodya II",
                "Longlat":[32.834,15.321],
                "A_Upop":[0,0,0,0,0,0,15194,16902],
                "Metropole":"No"
                },
                  {
                 "ID":[2,36,4814],
                "A_Name":"Abu Jabra",
                "Longlat":[26.74,11.064],
                "A_Upop":[0,0,0,0,0,0,12991,16632],
                "Metropole":"No"
                },
                  {
                 "ID":[2,36,4839],
                "A_Name":"Abu Guta",
                "Longlat":[32.733,14.93],
                "A_Upop":[0,0,0,0,0,11466,14877,16549],
                "Metropole":"No"
                },
                  {
                 "ID":[2,36,4864],
                "A_Name":"Talody",
                "Longlat":[30.377,10.627],
                "A_Upop":[0,0,0,0,0,11142,16520,16444],
                "Metropole":"No"
                },
                  {
                 "ID":[2,36,4893],
                "A_Name":"al-Ibbun",
                "Longlat":[27.328,11.283],
                "A_Upop":[0,0,0,0,0,10957,14325,16380],
                "Metropole":"No"
                },
                  {
                 "ID":[2,36,4980],
                "A_Name":"al-Khua",
                "Longlat":[29.218,13.087],
                "A_Upop":[0,0,0,0,0,14164,15414,16080],
                "Metropole":"No"
                },
                  {
                 "ID":[2,36,5008],
                "A_Name":"Kaboshyah",
                "Longlat":[33.695,16.9],
                "A_Upop":[0,0,0,0,0,17634,14637,16019],
                "Metropole":"No"
                },
                  {
                 "ID":[2,36,5038],
                "A_Name":"NNA_2215_11",
                "Longlat":[36.492,15.262],
                "A_Upop":[0,0,0,0,0,0,0,15936],
                "Metropole":"No"
                },
                  {
                 "ID":[2,36,5044],
                "A_Name":"al-Matamma",
                "Longlat":[33.358,16.719],
                "A_Upop":[0,0,0,0,0,0,14528,15901],
                "Metropole":"No"
                },
                  {
                 "ID":[2,36,5050],
                "A_Name":"al-Kabashi",
                "Longlat":[32.582,15.874],
                "A_Upop":[0,0,0,0,0,0,11781,15880],
                "Metropole":"No"
                },
                  {
                 "ID":[2,36,5052],
                "A_Name":"al-Bsaber",
                "Longlat":[32.991,16.518],
                "A_Upop":[0,0,0,0,0,10686,13914,15876],
                "Metropole":"No"
                },
                  {
                 "ID":[2,36,5064],
                "A_Name":"Gabir",
                "Longlat":[26.756,12.631],
                "A_Upop":[0,0,0,0,0,0,0,15822],
                "Metropole":"No"
                },
                  {
                 "ID":[2,36,5067],
                "A_Name":"NNA_6403_11",
                "Longlat":[27.152,11.298],
                "A_Upop":[0,0,0,0,0,11050,14031,15810],
                "Metropole":"No"
                },
                  {
                 "ID":[2,36,5087],
                "A_Name":"Kerma",
                "Longlat":[30.41,19.633],
                "A_Upop":[0,0,0,0,11708,12850,14349,15738],
                "Metropole":"No"
                },
                  {
                 "ID":[2,36,5101],
                "A_Name":"al-Barun/Hillat al-Mak/Shaykh Idr",
                "Longlat":[33.494,11.719],
                "A_Upop":[0,0,0,0,0,10667,13789,15678],
                "Metropole":"No"
                },
                  {
                 "ID":[2,36,5115],
                "A_Name":"Intekaina",
                "Longlat":[24.224,10.91],
                "A_Upop":[0,0,0,0,0,11736,14386,15650],
                "Metropole":"No"
                },
                  {
                 "ID":[2,36,5131],
                "A_Name":"al-Huda",
                "Longlat":[32.925,14.544],
                "A_Upop":[0,0,0,0,10468,11821,14023,15599],
                "Metropole":"No"
                },
                  {
                 "ID":[2,36,5161],
                "A_Name":"Ideira",
                "Longlat":[24.398,11.194],
                "A_Upop":[0,0,0,0,0,0,0,15500],
                "Metropole":"No"
                },
                  {
                 "ID":[2,36,5175],
                "A_Name":"Bara",
                "Longlat":[30.363,13.703],
                "A_Upop":[0,0,0,0,0,13609,14810,15450],
                "Metropole":"No"
                },
                  {
                 "ID":[2,36,5176],
                "A_Name":"al-Sulayk",
                "Longlat":[29.803,12.508],
                "A_Upop":[0,0,0,0,0,0,0,15450],
                "Metropole":"No"
                },
                  {
                 "ID":[2,36,5229],
                "A_Name":"Fagak",
                "Longlat":[26.878,11.766],
                "A_Upop":[0,0,0,0,0,13348,14608,15282],
                "Metropole":"No"
                },
                  {
                 "ID":[2,36,5231],
                "A_Name":"al-Jabalayn",
                "Longlat":[32.815,12.595],
                "A_Upop":[0,0,0,0,0,0,13799,15274],
                "Metropole":"No"
                },
                  {
                 "ID":[2,36,5261],
                "A_Name":"Abu Dawn",
                "Longlat":[31.125,17.988],
                "A_Upop":[0,0,0,0,0,0,0,15158],
                "Metropole":"No"
                },
                  {
                 "ID":[2,36,5270],
                "A_Name":"Birush",
                "Longlat":[26.932,13.54],
                "A_Upop":[0,0,0,0,0,0,11258,15120],
                "Metropole":"No"
                },
                  {
                 "ID":[2,36,5275],
                "A_Name":"Sinnar al-Tagato",
                "Longlat":[33.654,13.546],
                "A_Upop":[0,0,0,10609,12545,15000,16378,15105],
                "Metropole":"No"
                },
                  {
                 "ID":[2,36,5307],
                "A_Name":"NNA_(New settlement) b",
                "Longlat":[34.488,11.595],
                "A_Upop":[0,0,0,0,0,0,0,15000],
                "Metropole":"No"
                },
                  {
                 "ID":[2,36,5355],
                "A_Name":"Laqawa",
                "Longlat":[29.127,11.408],
                "A_Upop":[0,0,0,0,0,10811,14938,14870],
                "Metropole":"No"
                },
                  {
                 "ID":[2,36,5366],
                "A_Name":"Shadda",
                "Longlat":[30.567,20.049],
                "A_Upop":[0,0,0,0,0,10004,12991,14805],
                "Metropole":"No"
                },
                  {
                 "ID":[2,36,5405],
                "A_Name":"Qallabat/Metema [SUD]",
                "Longlat":[36.156,12.956],
                "A_Upop":[0,0,0,0,0,0,12043,14700],
                "Metropole":"No"
                },
                  {
                 "ID":[2,36,5439],
                "A_Name":"Darmali",
                "Longlat":[34.004,17.856],
                "A_Upop":[0,0,0,0,0,0,0,14575],
                "Metropole":"No"
                },
                  {
                 "ID":[2,36,5474],
                "A_Name":"Gira Barra",
                "Longlat":[31.014,18.016],
                "A_Upop":[0,0,0,10025,12155,13550,14693,14492],
                "Metropole":"No"
                },
                  {
                 "ID":[2,36,5542],
                "A_Name":"Hamsh Kurib",
                "Longlat":[36.746,17.127],
                "A_Upop":[0,0,0,0,0,0,12272,14280],
                "Metropole":"No"
                },
                  {
                 "ID":[2,36,5552],
                "A_Name":"al-Kamleen",
                "Longlat":[33.184,15.087],
                "A_Upop":[0,0,0,0,0,10727,12793,14230],
                "Metropole":"No"
                },
                  {
                 "ID":[2,36,5564],
                "A_Name":"Ali",
                "Longlat":[26.026,13.962],
                "A_Upop":[0,0,0,0,0,0,0,14200],
                "Metropole":"No"
                },
                  {
                 "ID":[2,36,5565],
                "A_Name":"Sharkayla",
                "Longlat":[31.41,12.795],
                "A_Upop":[0,0,0,0,0,0,0,14200],
                "Metropole":"No"
                },
                  {
                 "ID":[2,36,5575],
                "A_Name":"Banat",
                "Longlat":[33.999,17.809],
                "A_Upop":[0,0,0,0,0,0,10512,14175],
                "Metropole":"No"
                },
                  {
                 "ID":[2,36,5586],
                "A_Name":"Abu Hijar",
                "Longlat":[33.989,12.858],
                "A_Upop":[0,0,0,0,0,0,12550,14155],
                "Metropole":"No"
                },
                  {
                 "ID":[2,36,5595],
                "A_Name":"Munwashy",
                "Longlat":[25,12.689],
                "A_Upop":[0,0,0,0,0,0,0,14120],
                "Metropole":"No"
                },
                  {
                 "ID":[2,36,5605],
                "A_Name":"Village 18",
                "Longlat":[34.095,14.09],
                "A_Upop":[0,0,0,0,0,0,13061,14098],
                "Metropole":"No"
                },
                  {
                 "ID":[2,36,5608],
                "A_Name":"NNA_2227_0996",
                "Longlat":[36.348,15.742],
                "A_Upop":[0,0,0,0,0,0,12112,14094],
                "Metropole":"No"
                },
                  {
                 "ID":[2,36,5627],
                "A_Name":"Karkuj",
                "Longlat":[34.024,12.938],
                "A_Upop":[0,0,0,0,0,10811,12436,14027],
                "Metropole":"No"
                },
                  {
                 "ID":[2,36,5633],
                "A_Name":"Tabat",
                "Longlat":[33.091,14.667],
                "A_Upop":[0,0,0,0,0,10753,12588,14003],
                "Metropole":"No"
                },
                  {
                 "ID":[2,36,5643],
                "A_Name":"al-Kirimit",
                "Longlat":[32.944,14.348],
                "A_Upop":[0,0,0,0,0,0,12586,14000],
                "Metropole":"No"
                },
                  {
                 "ID":[2,36,5677],
                "A_Name":"Tegmala/Umm Qadd",
                "Longlat":[31.096,11.599],
                "A_Upop":[0,0,0,0,0,0,0,13900],
                "Metropole":"No"
                },
                  {
                 "ID":[2,36,5686],
                "A_Name":"al-Kitayab Janub",
                "Longlat":[33.689,17.18],
                "A_Upop":[0,0,0,0,0,0,0,13880],
                "Metropole":"No"
                },
                  {
                 "ID":[2,36,5689],
                "A_Name":"Abu Hamad",
                "Longlat":[33.324,19.536],
                "A_Upop":[0,0,0,0,0,0,12663,13860],
                "Metropole":"No"
                },
                  {
                 "ID":[2,36,5705],
                "A_Name":"Umm Shagara",
                "Longlat":[35.474,14.098],
                "A_Upop":[0,0,0,0,0,0,0,13814],
                "Metropole":"No"
                },
                  {
                 "ID":[2,36,5717],
                "A_Name":"al-Shagarab al-Janubi",
                "Longlat":[35.97,14.713],
                "A_Upop":[0,0,0,0,0,10239,12475,13770],
                "Metropole":"No"
                },
                  {
                 "ID":[2,36,5749],
                "A_Name":"al-Takayna",
                "Longlat":[33.063,15.216],
                "A_Upop":[0,0,0,0,0,10354,12841,13680],
                "Metropole":"No"
                },
                  {
                 "ID":[2,36,5765],
                "A_Name":"Jukhana",
                "Longlat":[25.294,11.114],
                "A_Upop":[0,0,0,0,0,0,12105,13640],
                "Metropole":"No"
                },
                  {
                 "ID":[2,36,5796],
                "A_Name":"Conry",
                "Longlat":[36.107,13.853],
                "A_Upop":[0,0,0,0,0,0,11101,13550],
                "Metropole":"No"
                },
                  {
                 "ID":[2,36,5811],
                "A_Name":"NNA_4212_0693",
                "Longlat":[33.409,12.868],
                "A_Upop":[0,0,0,0,0,0,11412,13510],
                "Metropole":"No"
                },
                  {
                 "ID":[2,36,5853],
                "A_Name":"Tandalty",
                "Longlat":[22.133,13.673],
                "A_Upop":[0,0,0,0,0,11725,13407,13408],
                "Metropole":"No"
                },
                  {
                 "ID":[2,36,5884],
                "A_Name":"Habeela (D)",
                "Longlat":[22.566,12.686],
                "A_Upop":[0,0,0,0,0,0,10463,13320],
                "Metropole":"No"
                },
                  {
                 "ID":[2,36,5955],
                "A_Name":"al-Ghaba",
                "Longlat":[30.717,18.214],
                "A_Upop":[0,0,0,0,0,0,11522,13130],
                "Metropole":"No"
                },
                  {
                 "ID":[2,36,5980],
                "A_Name":"Aqadi",
                "Longlat":[34.075,11.807],
                "A_Upop":[0,0,0,0,0,10770,12650,13068],
                "Metropole":"No"
                },
                  {
                 "ID":[2,36,6006],
                "A_Name":"Qawz al-Habashi",
                "Longlat":[32.862,16.548],
                "A_Upop":[0,0,0,0,0,0,0,13020],
                "Metropole":"No"
                },
                  {
                 "ID":[2,36,6013],
                "A_Name":"Rashid",
                "Longlat":[35.637,13.524],
                "A_Upop":[0,0,0,0,0,0,0,13000],
                "Metropole":"No"
                },
                  {
                 "ID":[2,36,6042],
                "A_Name":"al-Sayal al-Saqir",
                "Longlat":[33.409,16.729],
                "A_Upop":[0,0,0,0,0,0,0,12936],
                "Metropole":"No"
                },
                  {
                 "ID":[2,36,6064],
                "A_Name":"al-Azazi",
                "Longlat":[32.754,14.472],
                "A_Upop":[0,0,0,0,0,0,11583,12884],
                "Metropole":"No"
                },
                  {
                 "ID":[2,36,6071],
                "A_Name":"Sharawm",
                "Longlat":[32.773,15.501],
                "A_Upop":[0,0,0,0,0,0,10829,12870],
                "Metropole":"No"
                },
                  {
                 "ID":[2,36,6103],
                "A_Name":"Daywa",
                "Longlat":[34.372,12.352],
                "A_Upop":[0,0,0,0,0,0,11236,12775],
                "Metropole":"No"
                },
                  {
                 "ID":[2,36,6105],
                "A_Name":"Tawm Bishara",
                "Longlat":[26.963,12.46],
                "A_Upop":[0,0,0,0,0,0,10005,12771],
                "Metropole":"No"
                },
                  {
                 "ID":[2,36,6110],
                "A_Name":"NNA_(New settlement) 280 houses",
                "Longlat":[34.316,11.539],
                "A_Upop":[0,0,0,0,0,0,11230,12768],
                "Metropole":"No"
                },
                  {
                 "ID":[2,36,6113],
                "A_Name":"al-Samra'",
                "Longlat":[32.395,15.401],
                "A_Upop":[0,0,0,0,0,0,10737,12760],
                "Metropole":"No"
                },
                  {
                 "ID":[2,36,6114],
                "A_Name":"Kassala Airport",
                "Longlat":[36.308,15.396],
                "A_Upop":[0,0,0,0,0,0,10453,12760],
                "Metropole":"No"
                },
                  {
                 "ID":[2,36,6115],
                "A_Name":"al-Dabbah",
                "Longlat":[30.91,18.077],
                "A_Upop":[0,0,0,0,0,0,11624,12750],
                "Metropole":"No"
                },
                  {
                 "ID":[2,36,6116],
                "A_Name":"al-Giraishah",
                "Longlat":[35.925,13.716],
                "A_Upop":[0,0,0,0,0,11127,13159,12750],
                "Metropole":"No"
                },
                  {
                 "ID":[2,36,6129],
                "A_Name":"Shambata",
                "Longlat":[33.653,13.707],
                "A_Upop":[0,0,0,0,0,0,11291,12710],
                "Metropole":"No"
                },
                  {
                 "ID":[2,36,6171],
                "A_Name":"Iyal Amin",
                "Longlat":[26.866,12.201],
                "A_Upop":[0,0,0,0,0,11005,12044,12600],
                "Metropole":"No"
                },
                  {
                 "ID":[2,36,6172],
                "A_Name":"Deirirro",
                "Longlat":[22.906,12.97],
                "A_Upop":[0,0,0,0,0,0,0,12600],
                "Metropole":"No"
                },
                  {
                 "ID":[2,36,6215],
                "A_Name":"Sumayh",
                "Longlat":[30.829,12.72],
                "A_Upop":[0,0,0,0,0,0,0,12500],
                "Metropole":"No"
                },
                  {
                 "ID":[2,36,6244],
                "A_Name":"al-Shabarga",
                "Longlat":[33.651,14.256],
                "A_Upop":[0,0,0,0,0,0,10552,12456],
                "Metropole":"No"
                },
                  {
                 "ID":[2,36,6245],
                "A_Name":"Alti",
                "Longlat":[32.974,15.255],
                "A_Upop":[0,0,0,0,0,0,10866,12450],
                "Metropole":"No"
                },
                  {
                 "ID":[2,36,6285],
                "A_Name":"Abu Ushar",
                "Longlat":[33.209,14.922],
                "A_Upop":[0,0,0,0,11887,17010,15641,12355],
                "Metropole":"No"
                },
                  {
                 "ID":[2,36,6301],
                "A_Name":"Ahmar Mawjy",
                "Longlat":[34.268,12.411],
                "A_Upop":[0,0,0,0,0,0,10404,12317],
                "Metropole":"No"
                },
                  {
                 "ID":[2,36,6334],
                "A_Name":"Wad Rizk",
                "Longlat":[25.793,11.09],
                "A_Upop":[0,0,0,0,0,0,10879,12259],
                "Metropole":"No"
                },
                  {
                 "ID":[2,36,6343],
                "A_Name":"Wad Rawah",
                "Longlat":[33.132,15.168],
                "A_Upop":[0,0,0,0,0,10166,10988,12223],
                "Metropole":"No"
                },
                  {
                 "ID":[2,36,6357],
                "A_Name":"Transborder Agglomeration",
                "Longlat":[32.103,11.948],
                "A_Upop":[0,0,0,0,0,0,0,12200],
                "Metropole":"No"
                },
                  {
                 "ID":[2,36,6384],
                "A_Name":"Hafir",
                "Longlat":[30.367,19.575],
                "A_Upop":[0,0,0,0,0,0,0,12144],
                "Metropole":"No"
                },
                  {
                 "ID":[2,36,6401],
                "A_Name":"Aaliyab",
                "Longlat":[33.787,17.306],
                "A_Upop":[0,0,0,0,0,0,0,12120],
                "Metropole":"No"
                },
                  {
                 "ID":[2,36,6410],
                "A_Name":"Village 10",
                "Longlat":[34.142,13.961],
                "A_Upop":[0,0,0,0,0,11171,12847,12104],
                "Metropole":"No"
                },
                  {
                 "ID":[2,36,6430],
                "A_Name":"al-Haj Aabd Allah",
                "Longlat":[33.612,13.962],
                "A_Upop":[0,0,0,0,0,0,10138,12060],
                "Metropole":"No"
                },
                  {
                 "ID":[2,36,6431],
                "A_Name":"Qindil",
                "Longlat":[34.154,12.673],
                "A_Upop":[0,0,0,0,0,0,10187,12060],
                "Metropole":"No"
                },
                  {
                 "ID":[2,36,6438],
                "A_Name":"Kulbus",
                "Longlat":[22.461,14.369],
                "A_Upop":[0,0,0,0,0,0,0,12040],
                "Metropole":"No"
                },
                  {
                 "ID":[2,36,6449],
                "A_Name":"Umm Kedadda",
                "Longlat":[26.686,13.595],
                "A_Upop":[0,0,0,0,0,0,11722,12008],
                "Metropole":"No"
                },
                  {
                 "ID":[2,36,6543],
                "A_Name":"Jibrat al-Shaykh",
                "Longlat":[30.753,14.559],
                "A_Upop":[0,0,0,0,0,0,11567,11826],
                "Metropole":"No"
                },
                  {
                 "ID":[2,36,6559],
                "A_Name":"Fadasy al-Haleemab",
                "Longlat":[33.435,14.559],
                "A_Upop":[0,0,0,0,0,0,10703,11800],
                "Metropole":"No"
                },
                  {
                 "ID":[2,36,6625],
                "A_Name":"NNA_2318_11",
                "Longlat":[35.923,13.13],
                "A_Upop":[0,0,0,0,0,0,0,11680],
                "Metropole":"No"
                },
                  {
                 "ID":[2,36,6633],
                "A_Name":"Korti",
                "Longlat":[31.572,18.103],
                "A_Upop":[0,0,0,0,0,0,0,11649],
                "Metropole":"No"
                },
                  {
                 "ID":[2,36,6665],
                "A_Name":"Jabal Mayya",
                "Longlat":[33.311,13.495],
                "A_Upop":[0,0,0,0,0,0,0,11585],
                "Metropole":"No"
                },
                  {
                 "ID":[2,36,6707],
                "A_Name":"Butri",
                "Longlat":[32.693,15.468],
                "A_Upop":[0,0,0,0,0,0,0,11495],
                "Metropole":"No"
                },
                  {
                 "ID":[2,36,6713],
                "A_Name":"al-Masodya III",
                "Longlat":[32.864,15.306],
                "A_Upop":[0,0,0,0,0,10832,12037,11490],
                "Metropole":"No"
                },
                  {
                 "ID":[2,36,6758],
                "A_Name":"NNA_4409_11",
                "Longlat":[34.31,11.243],
                "A_Upop":[0,0,0,0,0,0,0,11370],
                "Metropole":"No"
                },
                  {
                 "ID":[2,36,6774],
                "A_Name":"Shaq Dughary",
                "Longlat":[26.666,11.848],
                "A_Upop":[0,0,0,0,0,0,10840,11340],
                "Metropole":"No"
                },
                  {
                 "ID":[2,36,6775],
                "A_Name":"Shingli Tubaya",
                "Longlat":[25.21,13.022],
                "A_Upop":[0,0,0,0,0,0,0,11340],
                "Metropole":"No"
                },
                  {
                 "ID":[2,36,6814],
                "A_Name":"Haya",
                "Longlat":[36.382,18.329],
                "A_Upop":[0,0,0,0,0,0,0,11271],
                "Metropole":"No"
                },
                  {
                 "ID":[2,36,6835],
                "A_Name":"Budayna",
                "Longlat":[33.583,14.908],
                "A_Upop":[0,0,0,0,0,0,0,11222],
                "Metropole":"No"
                },
                  {
                 "ID":[2,36,6848],
                "A_Name":"NNA_(New settlement) 2000 houses",
                "Longlat":[34.303,11.689],
                "A_Upop":[0,0,0,0,0,0,0,11200],
                "Metropole":"No"
                },
                  {
                 "ID":[2,36,6867],
                "A_Name":"Zurqa",
                "Longlat":[33.519,14.945],
                "A_Upop":[0,0,0,0,0,0,0,11165],
                "Metropole":"No"
                },
                  {
                 "ID":[2,36,6870],
                "A_Name":"al-Sharfa Barakat",
                "Longlat":[33.454,14.593],
                "A_Upop":[0,0,0,0,0,0,10161,11150],
                "Metropole":"No"
                },
                  {
                 "ID":[2,36,6874],
                "A_Name":"Kassab",
                "Longlat":[24.652,14.238],
                "A_Upop":[0,0,0,0,0,0,10639,11130],
                "Metropole":"No"
                },
                  {
                 "ID":[2,36,6892],
                "A_Name":"NNA_(New settlement)",
                "Longlat":[34.423,11.391],
                "A_Upop":[0,0,0,0,0,0,0,11100],
                "Metropole":"No"
                },
                  {
                 "ID":[2,36,6901],
                "A_Name":"Goly",
                "Longlat":[32.598,13.509],
                "A_Upop":[0,0,0,0,0,0,0,11091],
                "Metropole":"No"
                },
                  {
                 "ID":[2,36,6911],
                "A_Name":"Nyimeri",
                "Longlat":[23.889,11.1],
                "A_Upop":[0,0,0,0,0,0,0,11070],
                "Metropole":"No"
                },
                  {
                 "ID":[2,36,6931],
                "A_Name":"Abu Karinka",
                "Longlat":[26.545,11.585],
                "A_Upop":[0,0,0,0,0,0,0,11040],
                "Metropole":"No"
                },
                  {
                 "ID":[2,36,6938],
                "A_Name":"Umm Dawm",
                "Longlat":[32.631,15.54],
                "A_Upop":[0,0,0,0,0,0,0,11025],
                "Metropole":"No"
                },
                  {
                 "ID":[2,36,6939],
                "A_Name":"Hillat al-Shaykh Abu Qarun",
                "Longlat":[32.843,15.48],
                "A_Upop":[0,0,0,0,0,0,0,11025],
                "Metropole":"No"
                },
                  {
                 "ID":[2,36,6951],
                "A_Name":"NNA_New Settlement (2040 houses)",
                "Longlat":[36.03,14.182],
                "A_Upop":[0,0,0,0,0,0,0,11000],
                "Metropole":"No"
                },
                  {
                 "ID":[2,36,6952],
                "A_Name":"Name to be determined",
                "Longlat":[36.229,13.716],
                "A_Upop":[0,0,0,0,0,0,0,11000],
                "Metropole":"No"
                },
                  {
                 "ID":[2,36,6973],
                "A_Name":"Harun",
                "Longlat":[25.187,13.03],
                "A_Upop":[0,0,0,0,0,0,10505,10990],
                "Metropole":"No"
                },
                  {
                 "ID":[2,36,6982],
                "A_Name":"NNA_(New settlement) 1960 houses",
                "Longlat":[34.296,11.624],
                "A_Upop":[0,0,0,0,0,0,0,10976],
                "Metropole":"No"
                },
                  {
                 "ID":[2,36,7007],
                "A_Name":"Wad Abu Nahl",
                "Longlat":[34.938,13.106],
                "A_Upop":[0,0,0,0,0,0,0,10944],
                "Metropole":"No"
                },
                  {
                 "ID":[2,36,7011],
                "A_Name":"Village 13",
                "Longlat":[34.136,14.011],
                "A_Upop":[0,0,0,0,0,0,11211,10934],
                "Metropole":"No"
                },
                  {
                 "ID":[2,36,7028],
                "A_Name":"Mumu",
                "Longlat":[22.926,12.977],
                "A_Upop":[0,0,0,0,0,0,0,10900],
                "Metropole":"No"
                },
                  {
                 "ID":[2,36,7029],
                "A_Name":"Amara",
                "Longlat":[30.223,12.98],
                "A_Upop":[0,0,0,0,0,0,0,10900],
                "Metropole":"No"
                },
                  {
                 "ID":[2,36,7060],
                "A_Name":"Village 03",
                "Longlat":[34.265,13.852],
                "A_Upop":[0,0,0,0,0,0,0,10846],
                "Metropole":"No"
                },
                  {
                 "ID":[2,36,7082],
                "A_Name":"Wad al-Talud",
                "Longlat":[33.369,14.997],
                "A_Upop":[0,0,0,0,0,0,0,10788],
                "Metropole":"No"
                },
                  {
                 "ID":[2,36,7097],
                "A_Name":"NNA_5112_11",
                "Longlat":[27.789,11.706],
                "A_Upop":[0,0,0,0,0,0,10305,10750],
                "Metropole":"No"
                },
                  {
                 "ID":[2,36,7131],
                "A_Name":"al-Mrewa",
                "Longlat":[32.787,16.402],
                "A_Upop":[0,0,0,0,0,0,0,10692],
                "Metropole":"No"
                },
                  {
                 "ID":[2,36,7132],
                "A_Name":"Abud",
                "Longlat":[33.132,14.226],
                "A_Upop":[0,0,0,0,0,0,0,10692],
                "Metropole":"No"
                },
                  {
                 "ID":[2,36,7138],
                "A_Name":"Village 26",
                "Longlat":[34.005,14.224],
                "A_Upop":[0,0,0,0,0,0,0,10682],
                "Metropole":"No"
                },
                  {
                 "ID":[2,36,7141],
                "A_Name":"al-Kitayab Shamal",
                "Longlat":[33.709,17.209],
                "A_Upop":[0,0,0,0,0,0,0,10680],
                "Metropole":"No"
                },
                  {
                 "ID":[2,36,7170],
                "A_Name":"Maktab Taftisht",
                "Longlat":[35.441,15.548],
                "A_Upop":[0,0,0,0,0,0,0,10626],
                "Metropole":"No"
                },
                  {
                 "ID":[2,36,7181],
                "A_Name":"Dar al Awada",
                "Longlat":[30.452,19.531],
                "A_Upop":[0,0,0,0,0,0,0,10611],
                "Metropole":"No"
                },
                  {
                 "ID":[2,36,7188],
                "A_Name":"al-Qabati",
                "Longlat":[33.757,17.184],
                "A_Upop":[0,0,0,0,0,0,0,10600],
                "Metropole":"No"
                },
                  {
                 "ID":[2,36,7189],
                "A_Name":"Ghubaysha",
                "Longlat":[26.997,12.026],
                "A_Upop":[0,0,0,0,0,0,0,10600],
                "Metropole":"No"
                },
                  {
                 "ID":[2,36,7190],
                "A_Name":"NNA_SUD4403_1258",
                "Longlat":[33.637,11.371],
                "A_Upop":[0,0,0,0,0,0,0,10600],
                "Metropole":"No"
                },
                  {
                 "ID":[2,36,7226],
                "A_Name":"Village 08",
                "Longlat":[34.088,13.939],
                "A_Upop":[0,0,0,0,0,0,0,10530],
                "Metropole":"No"
                },
                  {
                 "ID":[2,36,7268],
                "A_Name":"NNA_4221_11",
                "Longlat":[33.939,13.057],
                "A_Upop":[0,0,0,0,0,0,0,10480],
                "Metropole":"No"
                },
                  {
                 "ID":[2,36,7279],
                "A_Name":"al-Sufi",
                "Longlat":[32.138,14.478],
                "A_Upop":[0,0,0,0,0,0,10755,10458],
                "Metropole":"No"
                },
                  {
                 "ID":[2,36,7284],
                "A_Name":"Haskanita",
                "Longlat":[26.63,11.963],
                "A_Upop":[0,0,0,0,0,0,0,10444],
                "Metropole":"No"
                },
                  {
                 "ID":[2,36,7286],
                "A_Name":"Urbi",
                "Longlat":[30.522,18.754],
                "A_Upop":[0,0,0,0,0,0,0,10442],
                "Metropole":"No"
                },
                  {
                 "ID":[2,36,7287],
                "A_Name":"al-Shuhaynab",
                "Longlat":[32.535,16.049],
                "A_Upop":[0,0,0,0,0,0,0,10440],
                "Metropole":"No"
                },
                  {
                 "ID":[2,36,7302],
                "A_Name":"Um Karadym",
                "Longlat":[29.8,13.661],
                "A_Upop":[0,0,0,0,0,10824,10850,10425],
                "Metropole":"No"
                },
                  {
                 "ID":[2,36,7310],
                "A_Name":"Barankaw",
                "Longlat":[33.261,14.978],
                "A_Upop":[0,0,0,0,0,0,0,10416],
                "Metropole":"No"
                },
                  {
                 "ID":[2,36,7336],
                "A_Name":"NNA_3106_1040",
                "Longlat":[32.673,15.423],
                "A_Upop":[0,0,0,0,0,0,0,10393],
                "Metropole":"No"
                },
                  {
                 "ID":[2,36,7342],
                "A_Name":"Turug",
                "Longlat":[25.917,12.788],
                "A_Upop":[0,0,0,0,0,0,0,10380],
                "Metropole":"No"
                },
                  {
                 "ID":[2,36,7427],
                "A_Name":"al-Damir I",
                "Longlat":[33.931,17.548],
                "A_Upop":[0,0,0,0,0,0,0,10250],
                "Metropole":"No"
                },
                  {
                 "ID":[2,36,7428],
                "A_Name":"Galgani",
                "Longlat":[34.219,12.447],
                "A_Upop":[0,0,0,0,0,0,10475,10250],
                "Metropole":"No"
                },
                  {
                 "ID":[2,36,7437],
                "A_Name":"al-Hawsh",
                "Longlat":[33.487,14.094],
                "A_Upop":[0,0,0,0,0,0,0,10239],
                "Metropole":"No"
                },
                  {
                 "ID":[2,36,7451],
                "A_Name":"Wad Aaysh al-Aaqliyn",
                "Longlat":[34.073,12.845],
                "A_Upop":[0,0,0,0,0,0,0,10220],
                "Metropole":"No"
                },
                  {
                 "ID":[2,36,7465],
                "A_Name":"Umm Dafog",
                "Longlat":[23.308,10.479],
                "A_Upop":[0,0,0,0,0,0,0,10200],
                "Metropole":"No"
                },
                  {
                 "ID":[2,36,7502],
                "A_Name":"Umm Sumayma",
                "Longlat":[29.62,13.123],
                "A_Upop":[0,0,0,0,0,0,0,10152],
                "Metropole":"No"
                },
                  {
                 "ID":[2,36,7509],
                "A_Name":"Dandru",
                "Longlat":[34.118,11.075],
                "A_Upop":[0,0,0,0,0,0,0,10140],
                "Metropole":"No"
                },
                  {
                 "ID":[2,36,7519],
                "A_Name":"km 26 (refugee camp)",
                "Longlat":[35.761,15.074],
                "A_Upop":[0,0,0,0,0,0,0,10117],
                "Metropole":"No"
                },
                  {
                 "ID":[2,36,7536],
                "A_Name":"al-Terter",
                "Longlat":[31.725,11.93],
                "A_Upop":[0,0,0,0,0,0,0,10100],
                "Metropole":"No"
                },
                  {
                 "ID":[2,36,7549],
                "A_Name":"Dalwat al-Bahar",
                "Longlat":[33.423,14.621],
                "A_Upop":[0,0,0,0,0,0,0,10092],
                "Metropole":"No"
                },
                  {
                 "ID":[2,36,7565],
                "A_Name":"al-Rawashida",
                "Longlat":[35.576,14.195],
                "A_Upop":[0,0,0,0,0,0,0,10063],
                "Metropole":"No"
                },
                  {
                 "ID":[2,36,7593],
                "A_Name":"Harun",
                "Longlat":[25.729,11.379],
                "A_Upop":[0,0,0,0,0,0,0,10032],
                "Metropole":"No"
                },
                  {
                 "ID":[2,36,7606],
                "A_Name":"Village 27",
                "Longlat":[33.96,14.254],
                "A_Upop":[0,0,0,0,0,10116,10856,10008],
                "Metropole":"No"
                },
                  {
                "ID":[2,36,7612],
                "A_Name":"Suq'at al-Jamal",
                "Longlat":[27.693,12.786],
                "A_Upop":[0,0,0,0,0,0,0,10000],
                "Metropole":"No"
                }]
}