{
    "EN_country":"Tanzania",
    "FR_country":"Tanzanie",
    "ID":[2,46,0],
    "Upop":[195907,424650,888801,2120076,3839267,10052076,15385182],
    "Urbanlevel":[0.02,0.04,0.07,0.11,0.16,0.31,0.36,0.38],
    "Numagglos":[7,13,19,43,77,234,264,249],
    "Mpop":[0.4,0.38,0.4,0.37,0.32,0.22,0.26,0.29],
    "ADBA":[217,150,145,80,56,23,22,23.9],
    "Agglomerations":[
    {
                 "ID":[2,46,9],
                "A_Name":"Dar es Salaam",
                "Longlat":[39.103,-6.807],
                "A_Upop":[78643,159469,352367,790173,1227792,2210295,3944106,5325879],
                "Metropole":"Yes"
                },
                  {
                 "ID":[2,46,86],
                "A_Name":"Arusha",
                "Longlat":[36.959,-3.378],
                "A_Upop":[0,14024,37240,58719,91443,430535,648589,833507],
                "Metropole":"No"
                },
                  {
                 "ID":[2,46,96],
                "A_Name":"Mwanza",
                "Longlat":[32.972,-2.547],
                "A_Upop":[12687,23329,45906,109447,178412,377617,636457,741876],
                "Metropole":"No"
                },
                  {
                 "ID":[2,46,97],
                "A_Name":"Zanzibar",
                "Longlat":[39.342,-6.113],
                "A_Upop":[47634,60756,77557,118153,176987,346076,631059,733039],
                "Metropole":"No"
                },
                  {
                 "ID":[2,46,128],
                "A_Name":"Mbeya",
                "Longlat":[33.388,-8.963],
                "A_Upop":[0,0,19751,79914,128885,253111,450791,530432],
                "Metropole":"No"
                },
                  {
                 "ID":[2,46,143],
                "A_Name":"Moshi",
                "Longlat":[37.328,-3.323],
                "A_Upop":[0,16621,30929,53052,102032,255185,330558,479698],
                "Metropole":"No"
                },
                  {
                 "ID":[2,46,151],
                "A_Name":"Mbomai",
                "Longlat":[37.549,-3.283],
                "A_Upop":[0,0,0,0,0,357584,415047,454194],
                "Metropole":"No"
                },
                  {
                 "ID":[2,46,195],
                "A_Name":"Morogoro",
                "Longlat":[37.674,-6.779],
                "A_Upop":[0,16991,32975,77652,127926,219500,306116,345548],
                "Metropole":"No"
                },
                  {
                 "ID":[2,46,240],
                "A_Name":"Kigoma",
                "Longlat":[29.652,-4.856],
                "A_Upop":[10163,17549,24384,38536,59227,132602,241013,272713],
                "Metropole":"No"
                },
                  {
                 "ID":[2,46,247],
                "A_Name":"Dodoma",
                "Longlat":[35.754,-6.124],
                "A_Upop":[10130,15776,27849,49361,82479,150750,220057,267470],
                "Metropole":"No"
                },
                  {
                 "ID":[2,46,293],
                "A_Name":"Tanga",
                "Longlat":[39.07,-5.11],
                "A_Upop":[23387,43543,61906,72581,130974,194394,208856,234284],
                "Metropole":"No"
                },
                  {
                 "ID":[2,46,391],
                "A_Name":"Tabora",
                "Longlat":[32.822,-5.031],
                "A_Upop":[13263,16796,29809,83090,97055,124176,155091,180307],
                "Metropole":"No"
                },
                  {
                 "ID":[2,46,398],
                "A_Name":"Songea",
                "Longlat":[35.636,-10.673],
                "A_Upop":[0,0,0,28318,52087,92944,159965,178428],
                "Metropole":"No"
                },
                  {
                 "ID":[2,46,424],
                "A_Name":"Bukoba",
                "Longlat":[31.789,-1.314],
                "A_Upop":[0,0,11019,26638,32256,60989,140941,165878],
                "Metropole":"No"
                },
                  {
                 "ID":[2,46,454],
                "A_Name":"Musoma",
                "Longlat":[33.821,-1.522],
                "A_Upop":[0,0,20223,47093,68246,110206,136637,155098],
                "Metropole":"No"
                },
                  {
                 "ID":[2,46,464],
                "A_Name":"Sumbawanga",
                "Longlat":[31.625,-7.971],
                "A_Upop":[0,0,37070,47198,52019,81974,128517,151588],
                "Metropole":"No"
                },
                  {
                 "ID":[2,46,526],
                "A_Name":"Iringa",
                "Longlat":[35.69,-7.77],
                "A_Upop":[0,12108,22867,29750,54843,90664,126737,134355],
                "Metropole":"No"
                },
                  {
                 "ID":[2,46,542],
                "A_Name":"Kahama",
                "Longlat":[32.596,-3.83],
                "A_Upop":[0,0,0,0,15616,56662,118663,131939],
                "Metropole":"No"
                },
                  {
                 "ID":[2,46,575],
                "A_Name":"Shinyanga",
                "Longlat":[33.402,-3.666],
                "A_Upop":[0,0,0,19983,22384,87600,109710,121984],
                "Metropole":"No"
                },
                  {
                 "ID":[2,46,595],
                "A_Name":"Kyela Mjini",
                "Longlat":[33.863,-9.586],
                "A_Upop":[0,0,0,0,15947,25876,80807,116990],
                "Metropole":"No"
                },
                  {
                 "ID":[2,46,610],
                "A_Name":"Masama",
                "Longlat":[37.204,-3.215],
                "A_Upop":[0,0,0,0,0,25249,46358,114135],
                "Metropole":"No"
                },
                  {
                 "ID":[2,46,652],
                "A_Name":"Kalangalala (Geita)",
                "Longlat":[32.232,-2.87],
                "A_Upop":[0,0,0,23068,20895,45644,94316,107975],
                "Metropole":"No"
                },
                  {
                 "ID":[2,46,655],
                "A_Name":"Katoro",
                "Longlat":[31.925,-3.004],
                "A_Upop":[0,0,0,0,34663,50360,93916,107518],
                "Metropole":"No"
                },
                  {
                 "ID":[2,46,663],
                "A_Name":"Tunduma",
                "Longlat":[32.754,-9.321],
                "A_Upop":[0,0,0,12179,14779,27555,92027,105878],
                "Metropole":"No"
                },
                  {
                 "ID":[2,46,674],
                "A_Name":"Kasulu Mjini",
                "Longlat":[30.121,-4.57],
                "A_Upop":[0,0,0,12062,27887,41087,92692,104885],
                "Metropole":"No"
                },
                  {
                 "ID":[2,46,682],
                "A_Name":"Singida",
                "Longlat":[34.748,-4.815],
                "A_Upop":[0,0,12709,31067,43136,71928,91663,103302],
                "Metropole":"No"
                },
                  {
                 "ID":[2,46,741],
                "A_Name":"Nansio",
                "Longlat":[33.107,-2.106],
                "A_Upop":[0,0,0,0,11164,45796,65369,95885],
                "Metropole":"No"
                },
                  {
                 "ID":[2,46,784],
                "A_Name":"Ifakara",
                "Longlat":[36.69,-8.124],
                "A_Upop":[0,0,0,17253,31440,63084,80641,91028],
                "Metropole":"No"
                },
                  {
                 "ID":[2,46,795],
                "A_Name":"Kashaulili (Mapnda)",
                "Longlat":[31.076,-6.355],
                "A_Upop":[0,0,0,14377,34767,42577,76064,89850],
                "Metropole":"No"
                },
                  {
                 "ID":[2,46,800],
                "A_Name":"Mtwara",
                "Longlat":[40.17,-10.302],
                "A_Upop":[0,16584,21406,26513,41106,74446,83737,89183],
                "Metropole":"No"
                },
                  {
                 "ID":[2,46,839],
                "A_Name":"Muriti",
                "Longlat":[32.913,-1.935],
                "A_Upop":[0,0,0,0,0,17880,21588,84809],
                "Metropole":"No"
                },
                  {
                 "ID":[2,46,850],
                "A_Name":"Sengerema",
                "Longlat":[32.648,-2.647],
                "A_Upop":[0,0,0,15274,26699,44994,72147,84097],
                "Metropole":"No"
                },
                  {
                 "ID":[2,46,852],
                "A_Name":"Tarime",
                "Longlat":[34.388,-1.359],
                "A_Upop":[0,0,0,10727,17421,60467,74015,84016],
                "Metropole":"No"
                },
                  {
                 "ID":[2,46,910],
                "A_Name":"Bunda",
                "Longlat":[33.884,-2.017],
                "A_Upop":[0,0,0,0,29471,51055,70000,79459],
                "Metropole":"No"
                },
                  {
                 "ID":[2,46,926],
                "A_Name":"Mkwajuni",
                "Longlat":[39.286,-5.877],
                "A_Upop":[0,0,0,0,0,18909,27433,78049],
                "Metropole":"No"
                },
                  {
                 "ID":[2,46,955],
                "A_Name":"Njombe Mjini",
                "Longlat":[34.769,-9.344],
                "A_Upop":[0,0,0,0,27266,39608,72211,75230],
                "Metropole":"No"
                },
                  {
                 "ID":[2,46,1059],
                "A_Name":"Matema",
                "Longlat":[33.965,-9.42],
                "A_Upop":[0,0,0,0,0,21892,60031,69068],
                "Metropole":"No"
                },
                  {
                 "ID":[2,46,1077],
                "A_Name":"Babati",
                "Longlat":[35.74,-4.217],
                "A_Upop":[0,0,0,11323,22830,26780,57852,68123],
                "Metropole":"No"
                },
                  {
                 "ID":[2,46,1148],
                "A_Name":"Makambako",
                "Longlat":[34.824,-8.86],
                "A_Upop":[0,0,0,11117,28313,43725,62379,64987],
                "Metropole":"No"
                },
                  {
                 "ID":[2,46,1153],
                "A_Name":"Nzega",
                "Longlat":[33.194,-4.212],
                "A_Upop":[0,0,0,10386,16093,39680,55672,64723],
                "Metropole":"No"
                },
                  {
                 "ID":[2,46,1164],
                "A_Name":"Masasi",
                "Longlat":[38.81,-10.72],
                "A_Upop":[0,0,0,14800,26120,32300,59963,63864],
                "Metropole":"No"
                },
                  {
                 "ID":[2,46,1181],
                "A_Name":"Karatu",
                "Longlat":[35.675,-3.35],
                "A_Upop":[0,0,0,0,0,16410,40102,62991],
                "Metropole":"No"
                },
                  {
                 "ID":[2,46,1211],
                "A_Name":"Vwawa",
                "Longlat":[32.944,-9.104],
                "A_Upop":[0,0,0,0,21619,34660,53064,61051],
                "Metropole":"No"
                },
                  {
                 "ID":[2,46,1278],
                "A_Name":"Mlowo",
                "Longlat":[33.034,-9.034],
                "A_Upop":[0,0,0,0,0,27849,50704,58335],
                "Metropole":"No"
                },
                  {
                 "ID":[2,46,1282],
                "A_Name":"Mwayaya",
                "Longlat":[29.801,-4.427],
                "A_Upop":[0,0,0,0,0,18219,32084,58244],
                "Metropole":"No"
                },
                  {
                 "ID":[2,46,1293],
                "A_Name":"Malindi",
                "Longlat":[38.345,-4.66],
                "A_Upop":[0,0,0,0,0,15786,17137,57829],
                "Metropole":"No"
                },
                  {
                 "ID":[2,46,1328],
                "A_Name":"Bagamoyo (Rungwe)",
                "Longlat":[33.639,-9.254],
                "A_Upop":[0,0,0,0,0,0,48996,56370],
                "Metropole":"No"
                },
                  {
                 "ID":[2,46,1344],
                "A_Name":"Igunga",
                "Longlat":[33.879,-4.285],
                "A_Upop":[0,0,0,0,12418,29634,48053,55866],
                "Metropole":"No"
                },
                  {
                 "ID":[2,46,1345],
                "A_Name":"Nyakahanga",
                "Longlat":[31.152,-1.58],
                "A_Upop":[0,0,0,0,0,21297,33774,55785],
                "Metropole":"No"
                },
                  {
                 "ID":[2,46,1348],
                "A_Name":"Korogwe",
                "Longlat":[38.452,-5.154],
                "A_Upop":[0,0,0,16359,22774,42009,49554,55588],
                "Metropole":"No"
                },
                  {
                 "ID":[2,46,1395],
                "A_Name":"Mafinga",
                "Longlat":[35.287,-8.294],
                "A_Upop":[0,0,0,11946,15280,16974,50653,53697],
                "Metropole":"No"
                },
                  {
                 "ID":[2,46,1398],
                "A_Name":"Magu Mjini",
                "Longlat":[33.439,-2.6],
                "A_Upop":[0,0,0,0,22360,32551,45986,53603],
                "Metropole":"No"
                },
                  {
                 "ID":[2,46,1425],
                "A_Name":"Gairo",
                "Longlat":[36.873,-6.148],
                "A_Upop":[0,0,0,15176,30177,22704,46296,52260],
                "Metropole":"No"
                },
                  {
                 "ID":[2,46,1521],
                "A_Name":"Bariadi",
                "Longlat":[33.983,-2.819],
                "A_Upop":[0,0,0,0,19339,30320,33921,49293],
                "Metropole":"No"
                },
                  {
                 "ID":[2,46,1547],
                "A_Name":"Hai Mjini",
                "Longlat":[37.138,-3.328],
                "A_Upop":[0,0,0,0,13085,22763,44453,48646],
                "Metropole":"No"
                },
                  {
                 "ID":[2,46,1551],
                "A_Name":"Mang'ula",
                "Longlat":[36.906,-7.839],
                "A_Upop":[0,0,0,0,0,35714,43033,48576],
                "Metropole":"No"
                },
                  {
                 "ID":[2,46,1555],
                "A_Name":"Lindi",
                "Longlat":[39.703,-9.988],
                "A_Upop":[0,11105,12388,11782,26247,39897,46240,48515],
                "Metropole":"No"
                },
                  {
                 "ID":[2,46,1565],
                "A_Name":"Ushirombo",
                "Longlat":[31.896,-3.46],
                "A_Upop":[0,0,0,0,0,38118,42166,48273],
                "Metropole":"No"
                },
                  {
                 "ID":[2,46,1615],
                "A_Name":"Bagamoyo (Pwani)",
                "Longlat":[38.892,-6.447],
                "A_Upop":[0,0,0,0,10805,29082,41804,46727],
                "Metropole":"No"
                },
                  {
                 "ID":[2,46,1623],
                "A_Name":"Chake Chake",
                "Longlat":[39.78,-5.235],
                "A_Upop":[0,0,0,0,12475,35777,40053,46525],
                "Metropole":"No"
                },
                  {
                 "ID":[2,46,1633],
                "A_Name":"Nkungwe",
                "Longlat":[29.732,-4.808],
                "A_Upop":[0,0,0,0,0,17218,21619,46412],
                "Metropole":"No"
                },
                  {
                 "ID":[2,46,1724],
                "A_Name":"Mpwapwa",
                "Longlat":[36.484,-6.363],
                "A_Upop":[0,0,0,0,24381,45237,39813,44318],
                "Metropole":"No"
                },
                  {
                 "ID":[2,46,1739],
                "A_Name":"Nyakafulu",
                "Longlat":[32.168,-3.645],
                "A_Upop":[0,0,0,0,0,30446,38386,43945],
                "Metropole":"No"
                },
                  {
                 "ID":[2,46,1759],
                "A_Name":"Lushoto",
                "Longlat":[38.298,-4.812],
                "A_Upop":[0,0,0,0,0,22199,38763,43482],
                "Metropole":"No"
                },
                  {
                 "ID":[2,46,1813],
                "A_Name":"Kibondo Mjini",
                "Longlat":[30.725,-3.586],
                "A_Upop":[0,0,0,0,16004,23148,37324,42233],
                "Metropole":"No"
                },
                  {
                 "ID":[2,46,1824],
                "A_Name":"Chato",
                "Longlat":[31.773,-2.637],
                "A_Upop":[0,0,0,0,0,23589,36619,41922],
                "Metropole":"No"
                },
                  {
                 "ID":[2,46,1835],
                "A_Name":"Chanika",
                "Longlat":[38.035,-5.42],
                "A_Upop":[0,0,0,10025,13848,27581,37155,41679],
                "Metropole":"No"
                },
                  {
                 "ID":[2,46,1870],
                "A_Name":"Mlimba",
                "Longlat":[35.81,-8.788],
                "A_Upop":[0,0,0,0,0,31782,36228,40895],
                "Metropole":"No"
                },
                  {
                 "ID":[2,46,1875],
                "A_Name":"Bugogwa",
                "Longlat":[32.932,-2.415],
                "A_Upop":[0,0,0,0,0,25513,34999,40796],
                "Metropole":"No"
                },
                  {
                 "ID":[2,46,1886],
                "A_Name":"Urambo",
                "Longlat":[32.073,-5.087],
                "A_Upop":[0,0,0,10984,13349,21668,34895,40569],
                "Metropole":"No"
                },
                  {
                 "ID":[2,46,1896],
                "A_Name":"Mbinga Mjini",
                "Longlat":[35.002,-10.953],
                "A_Upop":[0,0,0,0,0,21312,36204,40382],
                "Metropole":"No"
                },
                  {
                 "ID":[2,46,1920],
                "A_Name":"Tunduru",
                "Longlat":[37.334,-11.044],
                "A_Upop":[0,0,0,18774,22274,24254,35756,39884],
                "Metropole":"No"
                },
                  {
                 "ID":[2,46,1930],
                "A_Name":"Muheza",
                "Longlat":[38.795,-5.179],
                "A_Upop":[0,0,0,0,13742,26734,35403,39713],
                "Metropole":"No"
                },
                  {
                 "ID":[2,46,1936],
                "A_Name":"Igala",
                "Longlat":[32.994,-2.099],
                "A_Upop":[0,0,0,0,0,12560,16292,39664],
                "Metropole":"No"
                },
                  {
                 "ID":[2,46,1956],
                "A_Name":"Kidodi",
                "Longlat":[36.996,-7.6],
                "A_Upop":[0,0,0,0,0,0,34873,39366],
                "Metropole":"No"
                },
                  {
                 "ID":[2,46,1995],
                "A_Name":"Mkuranga",
                "Longlat":[39.2,-7.131],
                "A_Upop":[0,0,0,0,0,24761,34786,38884],
                "Metropole":"No"
                },
                  {
                 "ID":[2,46,2068],
                "A_Name":"Chalinze",
                "Longlat":[38.354,-6.642],
                "A_Upop":[0,0,0,0,0,21885,33552,37504],
                "Metropole":"No"
                },
                  {
                 "ID":[2,46,2087],
                "A_Name":"Mwangoi",
                "Longlat":[38.352,-4.594],
                "A_Upop":[0,0,0,0,0,0,0,37122],
                "Metropole":"No"
                },
                  {
                 "ID":[2,46,2094],
                "A_Name":"Nachingwea",
                "Longlat":[38.75,-10.358],
                "A_Upop":[0,0,0,0,14943,28201,35252,36985],
                "Metropole":"No"
                },
                  {
                 "ID":[2,46,2106],
                "A_Name":"Kibara",
                "Longlat":[33.458,-2.151],
                "A_Upop":[0,0,0,0,0,0,0,36645],
                "Metropole":"No"
                },
                  {
                 "ID":[2,46,2136],
                "A_Name":"Magugu",
                "Longlat":[35.774,-3.998],
                "A_Upop":[0,0,0,0,0,22058,30612,36047],
                "Metropole":"No"
                },
                  {
                 "ID":[2,46,2205],
                "A_Name":"Rwinga",
                "Longlat":[36.132,-10.477],
                "A_Upop":[0,0,0,0,0,33735,31474,35107],
                "Metropole":"No"
                },
                  {
                 "ID":[2,46,2214],
                "A_Name":"Matongo",
                "Longlat":[34.524,-1.464],
                "A_Upop":[0,0,0,0,14347,0,30838,35005],
                "Metropole":"No"
                },
                  {
                 "ID":[2,46,2223],
                "A_Name":"Kidatu",
                "Longlat":[36.955,-7.705],
                "A_Upop":[0,0,0,12497,30633,35785,30981,34972],
                "Metropole":"No"
                },
                  {
                 "ID":[2,46,2234],
                "A_Name":"Wete",
                "Longlat":[39.733,-5.059],
                "A_Upop":[0,0,10444,13864,19876,23737,29987,34833],
                "Metropole":"No"
                },
                  {
                 "ID":[2,46,2244],
                "A_Name":"Mbulu Mjini",
                "Longlat":[35.552,-3.86],
                "A_Upop":[0,0,0,0,0,23409,29478,34712],
                "Metropole":"No"
                },
                  {
                 "ID":[2,46,2277],
                "A_Name":"Ikwiriri",
                "Longlat":[38.982,-7.94],
                "A_Upop":[0,0,0,0,0,23842,30702,34318],
                "Metropole":"No"
                },
                  {
                 "ID":[2,46,2279],
                "A_Name":"Vigoi",
                "Longlat":[36.716,-8.682],
                "A_Upop":[0,0,0,0,0,25476,30380,34293],
                "Metropole":"No"
                },
                  {
                 "ID":[2,46,2299],
                "A_Name":"Kaseke",
                "Longlat":[29.746,-4.892],
                "A_Upop":[0,0,0,0,0,20794,30059,34012],
                "Metropole":"No"
                },
                  {
                 "ID":[2,46,2307],
                "A_Name":"Kayanga",
                "Longlat":[31.142,-1.52],
                "A_Upop":[0,0,0,0,0,22119,28826,33926],
                "Metropole":"No"
                },
                  {
                 "ID":[2,46,2328],
                "A_Name":"Misungwi",
                "Longlat":[33.084,-2.832],
                "A_Upop":[0,0,0,0,0,19825,28823,33598],
                "Metropole":"No"
                },
                  {
                 "ID":[2,46,2422],
                "A_Name":"Uyovu",
                "Longlat":[31.531,-3.344],
                "A_Upop":[0,0,0,0,0,22531,28267,32361],
                "Metropole":"No"
                },
                  {
                 "ID":[2,46,2451],
                "A_Name":"Rujewa",
                "Longlat":[34.371,-8.702],
                "A_Upop":[0,0,0,0,0,26985,27801,31985],
                "Metropole":"No"
                },
                  {
                 "ID":[2,46,2473],
                "A_Name":"Ubaruku",
                "Longlat":[34.312,-8.668],
                "A_Upop":[0,0,0,0,10119,32367,27540,31686],
                "Metropole":"No"
                },
                  {
                 "ID":[2,46,2495],
                "A_Name":"Kondoa Mjini",
                "Longlat":[35.785,-4.904],
                "A_Upop":[0,0,0,12640,15639,20406,28240,31436],
                "Metropole":"No"
                },
                  {
                 "ID":[2,46,2561],
                "A_Name":"Liwale Mjini",
                "Longlat":[37.938,-9.803],
                "A_Upop":[0,0,0,0,12252,17975,29282,30722],
                "Metropole":"No"
                },
                  {
                 "ID":[2,46,2611],
                "A_Name":"Ngudu",
                "Longlat":[33.339,-2.965],
                "A_Upop":[0,0,0,0,15525,19707,25918,30210],
                "Metropole":"No"
                },
                  {
                 "ID":[2,46,2647],
                "A_Name":"Mirerani",
                "Longlat":[36.982,-3.563],
                "A_Upop":[0,0,0,0,0,35492,25286,29774],
                "Metropole":"No"
                },
                  {
                 "ID":[2,46,2669],
                "A_Name":"Muganza",
                "Longlat":[31.738,-2.378],
                "A_Upop":[0,0,0,0,0,17447,25749,29478],
                "Metropole":"No"
                },
                  {
                 "ID":[2,46,2671],
                "A_Name":"Kalinzi",
                "Longlat":[29.754,-4.63],
                "A_Upop":[0,0,0,0,0,17919,26047,29473],
                "Metropole":"No"
                },
                  {
                 "ID":[2,46,2674],
                "A_Name":"Luchingu",
                "Longlat":[39.28,-10.925],
                "A_Upop":[0,0,0,18851,21622,25755,27642,29440],
                "Metropole":"No"
                },
                  {
                 "ID":[2,46,2678],
                "A_Name":"Mlandege",
                "Longlat":[35.694,-7.799],
                "A_Upop":[0,0,0,0,0,16380,27760,29429],
                "Metropole":"No"
                },
                  {
                 "ID":[2,46,2700],
                "A_Name":"Igowole",
                "Longlat":[35.216,-8.553],
                "A_Upop":[0,0,0,0,0,10675,13135,29236],
                "Metropole":"No"
                },
                  {
                 "ID":[2,46,2704],
                "A_Name":"Nguruka",
                "Longlat":[31.04,-5.113],
                "A_Upop":[0,0,0,0,13586,16669,25813,29208],
                "Metropole":"No"
                },
                  {
                 "ID":[2,46,2735],
                "A_Name":"Mwena",
                "Longlat":[39.033,-10.489],
                "A_Upop":[0,0,0,0,0,27254,27183,28951],
                "Metropole":"No"
                },
                  {
                 "ID":[2,46,2736],
                "A_Name":"Sirari",
                "Longlat":[34.473,-1.26],
                "A_Upop":[0,0,0,0,0,21966,25498,28942],
                "Metropole":"No"
                },
                  {
                 "ID":[2,46,2779],
                "A_Name":"Muleba",
                "Longlat":[31.664,-1.837],
                "A_Upop":[0,0,0,0,0,14550,24231,28518],
                "Metropole":"No"
                },
                  {
                 "ID":[2,46,2783],
                "A_Name":"Mugumu Mjini",
                "Longlat":[34.672,-1.841],
                "A_Upop":[0,0,0,0,0,15758,25114,28508],
                "Metropole":"No"
                },
                  {
                 "ID":[2,46,2821],
                "A_Name":"Nyalikungu",
                "Longlat":[33.777,-3.183],
                "A_Upop":[0,0,0,0,13051,21896,25565,28107],
                "Metropole":"No"
                },
                  {
                 "ID":[2,46,2886],
                "A_Name":"Kiwira",
                "Longlat":[33.543,-9.166],
                "A_Upop":[0,0,0,0,0,19123,23812,27396],
                "Metropole":"No"
                },
                  {
                 "ID":[2,46,2896],
                "A_Name":"Manyoni",
                "Longlat":[34.838,-5.744],
                "A_Upop":[0,0,0,0,18188,23905,24264,27344],
                "Metropole":"No"
                },
                  {
                 "ID":[2,46,2898],
                "A_Name":"Ilula",
                "Longlat":[36.051,-7.668],
                "A_Upop":[0,0,0,0,0,21745,25779,27329],
                "Metropole":"No"
                },
                  {
                 "ID":[2,46,2908],
                "A_Name":"Chimala",
                "Longlat":[34.028,-8.858],
                "A_Upop":[0,0,0,0,0,15637,23683,27247],
                "Metropole":"No"
                },
                  {
                 "ID":[2,46,2915],
                "A_Name":"Kiomboi",
                "Longlat":[34.397,-4.274],
                "A_Upop":[0,0,0,0,11112,21601,24140,27205],
                "Metropole":"No"
                },
                  {
                 "ID":[2,46,2920],
                "A_Name":"Chiwezi",
                "Longlat":[32.836,-9.26],
                "A_Upop":[0,0,0,0,0,10925,23638,27196],
                "Metropole":"No"
                },
                  {
                 "ID":[2,46,2922],
                "A_Name":"Same Mjini",
                "Longlat":[37.743,-4.069],
                "A_Upop":[0,0,0,0,0,0,0,27185],
                "Metropole":"No"
                },
                  {
                 "ID":[2,46,2940],
                "A_Name":"Biharamulo Mjini",
                "Longlat":[31.306,-2.633],
                "A_Upop":[0,0,0,0,0,13630,22957,27019],
                "Metropole":"No"
                },
                  {
                 "ID":[2,46,2949],
                "A_Name":"Bugarama",
                "Longlat":[32.468,-3.235],
                "A_Upop":[0,0,0,0,0,16090,24233,26944],
                "Metropole":"No"
                },
                  {
                 "ID":[2,46,2958],
                "A_Name":"Nshamba",
                "Longlat":[31.548,-1.788],
                "A_Upop":[0,0,0,0,0,17294,22826,26864],
                "Metropole":"No"
                },
                  {
                 "ID":[2,46,3002],
                "A_Name":"Kasamwa",
                "Longlat":[32.418,-2.844],
                "A_Upop":[0,0,0,0,0,17870,23118,26466],
                "Metropole":"No"
                },
                  {
                 "ID":[2,46,3016],
                "A_Name":"Kukirango",
                "Longlat":[33.861,-1.761],
                "A_Upop":[0,0,0,0,0,19411,23238,26378],
                "Metropole":"No"
                },
                  {
                 "ID":[2,46,3019],
                "A_Name":"Kibaigwa",
                "Longlat":[36.653,-6.079],
                "A_Upop":[0,0,0,0,0,13878,23677,26357],
                "Metropole":"No"
                },
                  {
                 "ID":[2,46,3099],
                "A_Name":"Itewe",
                "Longlat":[33.423,-8.517],
                "A_Upop":[0,0,0,0,0,16971,22231,25577],
                "Metropole":"No"
                },
                  {
                 "ID":[2,46,3221],
                "A_Name":"Manolo",
                "Longlat":[38.219,-4.621],
                "A_Upop":[0,0,0,0,0,18232,22051,24735],
                "Metropole":"No"
                },
                  {
                 "ID":[2,46,3293],
                "A_Name":"Mwadui Lohumbo",
                "Longlat":[33.595,-3.532],
                "A_Upop":[0,0,0,0,0,22919,21798,24237],
                "Metropole":"No"
                },
                  {
                 "ID":[2,46,3299],
                "A_Name":"Igurusi",
                "Longlat":[33.859,-8.828],
                "A_Upop":[0,0,0,0,0,14912,21031,24196],
                "Metropole":"No"
                },
                  {
                 "ID":[2,46,3302],
                "A_Name":"Kazumarimba",
                "Longlat":[29.994,-4.995],
                "A_Upop":[0,0,0,0,0,12950,21369,24179],
                "Metropole":"No"
                },
                  {
                 "ID":[2,46,3318],
                "A_Name":"Kilosa",
                "Longlat":[36.997,-6.824],
                "A_Upop":[0,0,0,14402,22633,16818,21321,24067],
                "Metropole":"No"
                },
                  {
                 "ID":[2,46,3336],
                "A_Name":"Kanazi",
                "Longlat":[31.737,-1.462],
                "A_Upop":[0,0,0,0,12067,11821,20352,23953],
                "Metropole":"No"
                },
                  {
                 "ID":[2,46,3380],
                "A_Name":"Himo",
                "Longlat":[37.548,-3.383],
                "A_Upop":[0,0,0,0,0,13692,21613,23652],
                "Metropole":"No"
                },
                  {
                 "ID":[2,46,3418],
                "A_Name":"Kakonko",
                "Longlat":[30.964,-3.282],
                "A_Upop":[0,0,0,0,0,12516,20730,23456],
                "Metropole":"No"
                },
                  {
                 "ID":[2,46,3434],
                "A_Name":"Itigi",
                "Longlat":[34.499,-5.714],
                "A_Upop":[0,0,0,0,10754,17891,20717,23348],
                "Metropole":"No"
                },
                  {
                 "ID":[2,46,3482],
                "A_Name":"Lutale",
                "Longlat":[33.074,-2.397],
                "A_Upop":[0,0,0,0,0,0,19807,23088],
                "Metropole":"No"
                },
                  {
                 "ID":[2,46,3484],
                "A_Name":"Isaka",
                "Longlat":[32.942,-3.905],
                "A_Upop":[0,0,0,0,0,18977,20751,23072],
                "Metropole":"No"
                },
                  {
                 "ID":[2,46,3486],
                "A_Name":"Ngara",
                "Longlat":[30.66,-2.504],
                "A_Upop":[0,0,0,0,0,14703,19589,23055],
                "Metropole":"No"
                },
                  {
                 "ID":[2,46,3525],
                "A_Name":"Dumila",
                "Longlat":[37.326,-6.384],
                "A_Upop":[0,0,0,0,0,12485,20238,22845],
                "Metropole":"No"
                },
                  {
                 "ID":[2,46,3531],
                "A_Name":"Kagongwa",
                "Longlat":[32.767,-3.87],
                "A_Upop":[0,0,0,0,0,15201,20517,22813],
                "Metropole":"No"
                },
                  {
                 "ID":[2,46,3564],
                "A_Name":"Mtibwa",
                "Longlat":[37.628,-6.129],
                "A_Upop":[0,0,0,0,0,16632,19980,22554],
                "Metropole":"No"
                },
                  {
                 "ID":[2,46,3584],
                "A_Name":"Kitanga",
                "Longlat":[30.331,-3.878],
                "A_Upop":[0,0,0,0,0,12338,19880,22494],
                "Metropole":"No"
                },
                  {
                 "ID":[2,46,3668],
                "A_Name":"Nkome",
                "Longlat":[32.13,-2.572],
                "A_Upop":[0,0,0,0,0,14214,19205,21987],
                "Metropole":"No"
                },
                  {
                 "ID":[2,46,3687],
                "A_Name":"Mhonda",
                "Longlat":[37.589,-6.142],
                "A_Upop":[0,0,0,0,0,15958,19350,21842],
                "Metropole":"No"
                },
                  {
                 "ID":[2,46,3745],
                "A_Name":"Kibaya",
                "Longlat":[36.563,-5.31],
                "A_Upop":[0,0,0,0,0,0,18220,21455],
                "Metropole":"No"
                },
                  {
                 "ID":[2,46,3747],
                "A_Name":"Mikumi",
                "Longlat":[36.984,-7.406],
                "A_Upop":[0,0,0,0,0,14931,18992,21438],
                "Metropole":"No"
                },
                  {
                 "ID":[2,46,3768],
                "A_Name":"Tandahimba",
                "Longlat":[39.631,-10.767],
                "A_Upop":[0,0,0,0,0,15613,20035,21338],
                "Metropole":"No"
                },
                  {
                 "ID":[2,46,3770],
                "A_Name":"Mwanhuzi",
                "Longlat":[34.304,-3.528],
                "A_Upop":[0,0,0,0,0,14628,19392,21320],
                "Metropole":"No"
                },
                  {
                 "ID":[2,46,3782],
                "A_Name":"Mahuta",
                "Longlat":[39.432,-10.868],
                "A_Upop":[0,0,0,0,0,20928,19976,21276],
                "Metropole":"No"
                },
                  {
                 "ID":[2,46,3850],
                "A_Name":"Barabarani",
                "Longlat":[35.852,-3.377],
                "A_Upop":[0,0,0,0,0,15371,18156,20909],
                "Metropole":"No"
                },
                  {
                 "ID":[2,46,3871],
                "A_Name":"Namanyere",
                "Longlat":[31.037,-7.502],
                "A_Upop":[0,0,0,0,0,11543,17620,20783],
                "Metropole":"No"
                },
                  {
                 "ID":[2,46,3892],
                "A_Name":"Butiama",
                "Longlat":[33.962,-1.767],
                "A_Upop":[0,0,0,0,0,14646,18227,20689],
                "Metropole":"No"
                },
                  {
                 "ID":[2,46,3911],
                "A_Name":"Mhunze",
                "Longlat":[33.831,-3.615],
                "A_Upop":[0,0,0,0,0,14299,18509,20580],
                "Metropole":"No"
                },
                  {
                 "ID":[2,46,3926],
                "A_Name":"Songwa",
                "Longlat":[33.554,-3.551],
                "A_Upop":[0,0,0,0,0,22269,18423,20484],
                "Metropole":"No"
                },
                  {
                 "ID":[2,46,3994],
                "A_Name":"Etaro",
                "Longlat":[33.717,-1.51],
                "A_Upop":[0,0,0,0,0,0,17748,20146],
                "Metropole":"No"
                },
                  {
                 "ID":[2,46,4018],
                "A_Name":"Bitale",
                "Longlat":[29.716,-4.685],
                "A_Upop":[0,0,0,0,0,14473,17718,20049],
                "Metropole":"No"
                },
                  {
                 "ID":[2,46,4039],
                "A_Name":"Bungu",
                "Longlat":[39.066,-7.631],
                "A_Upop":[0,0,0,0,0,15393,17869,19973],
                "Metropole":"No"
                },
                  {
                 "ID":[2,46,4051],
                "A_Name":"Kivinje Singino",
                "Longlat":[39.413,-8.754],
                "A_Upop":[0,0,0,0,0,12283,18991,19925],
                "Metropole":"No"
                },
                  {
                 "ID":[2,46,4122],
                "A_Name":"Makongorosi",
                "Longlat":[33.161,-8.416],
                "A_Upop":[0,0,0,0,0,12427,17088,19660],
                "Metropole":"No"
                },
                  {
                 "ID":[2,46,4136],
                "A_Name":"Mungaa",
                "Longlat":[34.862,-4.97],
                "A_Upop":[0,0,0,0,0,15279,17386,19594],
                "Metropole":"No"
                },
                  {
                 "ID":[2,46,4143],
                "A_Name":"Makere",
                "Longlat":[30.491,-4.197],
                "A_Upop":[0,0,0,0,0,14743,17286,19560],
                "Metropole":"No"
                },
                  {
                 "ID":[2,46,4146],
                "A_Name":"Kilindoni",
                "Longlat":[39.669,-7.92],
                "A_Upop":[0,0,0,0,10584,14471,17483,19542],
                "Metropole":"No"
                },
                  {
                 "ID":[2,46,4164],
                "A_Name":"Hedaru",
                "Longlat":[37.911,-4.503],
                "A_Upop":[0,0,0,0,0,19699,17794,19472],
                "Metropole":"No"
                },
                  {
                 "ID":[2,46,4259],
                "A_Name":"Mbamba Bay",
                "Longlat":[34.802,-11.268],
                "A_Upop":[0,0,0,0,0,0,0,19056],
                "Metropole":"No"
                },
                  {
                 "ID":[2,46,4262],
                "A_Name":"Kimanzichana",
                "Longlat":[39.062,-7.362],
                "A_Upop":[0,0,0,0,0,16744,17035,19042],
                "Metropole":"No"
                },
                  {
                 "ID":[2,46,4349],
                "A_Name":"Kaliua",
                "Longlat":[31.798,-5.057],
                "A_Upop":[0,0,0,0,0,10365,16032,18639],
                "Metropole":"No"
                },
                  {
                 "ID":[2,46,4384],
                "A_Name":"Mlandizi",
                "Longlat":[38.735,-6.726],
                "A_Upop":[0,0,0,0,10283,11502,16531,18478],
                "Metropole":"No"
                },
                  {
                 "ID":[2,46,4395],
                "A_Name":"Mkoma",
                "Longlat":[34.038,-1.155],
                "A_Upop":[0,0,0,0,0,12459,16249,18445],
                "Metropole":"No"
                },
                  {
                 "ID":[2,46,4409],
                "A_Name":"Mtumba",
                "Longlat":[35.894,-6.169],
                "A_Upop":[0,0,0,0,0,12846,16512,18381],
                "Metropole":"No"
                },
                  {
                 "ID":[2,46,4434],
                "A_Name":"Mombo",
                "Longlat":[38.292,-4.891],
                "A_Upop":[0,0,0,0,0,15703,16293,18276],
                "Metropole":"No"
                },
                  {
                 "ID":[2,46,4436],
                "A_Name":"Endasak",
                "Longlat":[35.51,-4.418],
                "A_Upop":[0,0,0,0,0,12558,15520,18275],
                "Metropole":"No"
                },
                  {
                 "ID":[2,46,4451],
                "A_Name":"Kengeja",
                "Longlat":[39.735,-5.421],
                "A_Upop":[0,0,0,0,0,13612,15658,18188],
                "Metropole":"No"
                },
                  {
                 "ID":[2,46,4460],
                "A_Name":"Misasi",
                "Longlat":[33.085,-3.013],
                "A_Upop":[0,0,0,0,0,12409,15547,18122],
                "Metropole":"No"
                },
                  {
                 "ID":[2,46,4489],
                "A_Name":"Matai",
                "Longlat":[31.525,-8.3],
                "A_Upop":[0,0,0,0,0,11957,15247,17984],
                "Metropole":"No"
                },
                  {
                 "ID":[2,46,4495],
                "A_Name":"Katesh",
                "Longlat":[35.381,-4.522],
                "A_Upop":[0,0,0,0,0,0,15241,17946],
                "Metropole":"No"
                },
                  {
                 "ID":[2,46,4547],
                "A_Name":"Nyangugulu",
                "Longlat":[35.34,-8.531],
                "A_Upop":[0,0,0,0,0,18526,16662,17664],
                "Metropole":"No"
                },
                  {
                 "ID":[2,46,4572],
                "A_Name":"Mvumi Mission",
                "Longlat":[35.905,-6.392],
                "A_Upop":[0,0,0,0,0,12569,15791,17578],
                "Metropole":"No"
                },
                  {
                 "ID":[2,46,4582],
                "A_Name":"Mbuguni",
                "Longlat":[36.933,-3.55],
                "A_Upop":[0,0,0,0,0,14552,15207,17513],
                "Metropole":"No"
                },
                  {
                 "ID":[2,46,4598],
                "A_Name":"Nyarubanda",
                "Longlat":[29.756,-4.533],
                "A_Upop":[0,0,0,0,0,11511,15435,17465],
                "Metropole":"No"
                },
                  {
                 "ID":[2,46,4680],
                "A_Name":"Nangomba",
                "Longlat":[38.386,-10.933],
                "A_Upop":[0,0,0,0,0,14479,16066,17111],
                "Metropole":"No"
                },
                  {
                 "ID":[2,46,4683],
                "A_Name":"Mkata",
                "Longlat":[38.292,-5.785],
                "A_Upop":[0,0,0,0,0,0,15251,17107],
                "Metropole":"No"
                },
                  {
                 "ID":[2,46,4708],
                "A_Name":"Mutukula",
                "Longlat":[31.413,-1.008],
                "A_Upop":[0,0,0,0,0,0,14480,17042],
                "Metropole":"No"
                },
                  {
                 "ID":[2,46,4733],
                "A_Name":"Mateves",
                "Longlat":[36.571,-3.37],
                "A_Upop":[0,0,0,0,0,0,14737,16972],
                "Metropole":"No"
                },
                  {
                 "ID":[2,46,4794],
                "A_Name":"Mikese",
                "Longlat":[37.895,-6.741],
                "A_Upop":[0,0,0,0,0,18697,14801,16708],
                "Metropole":"No"
                },
                  {
                 "ID":[2,46,4813],
                "A_Name":"Mwanga",
                "Longlat":[37.587,-3.666],
                "A_Upop":[0,0,0,0,0,11706,15200,16634],
                "Metropole":"No"
                },
                  {
                 "ID":[2,46,4826],
                "A_Name":"Mkwajuni",
                "Longlat":[33.014,-8.442],
                "A_Upop":[0,0,0,0,0,0,14424,16595],
                "Metropole":"No"
                },
                  {
                 "ID":[2,46,4866],
                "A_Name":"Usagara",
                "Longlat":[32.996,-2.683],
                "A_Upop":[0,0,0,0,0,0,14105,16441],
                "Metropole":"No"
                },
                  {
                 "ID":[2,46,4954],
                "A_Name":"Kibiti",
                "Longlat":[38.938,-7.727],
                "A_Upop":[0,0,0,0,0,16298,14467,16171],
                "Metropole":"No"
                },
                  {
                 "ID":[2,46,4976],
                "A_Name":"Mwamanyili",
                "Longlat":[33.579,-2.372],
                "A_Upop":[0,0,0,0,0,0,14633,16088],
                "Metropole":"No"
                },
                  {
                 "ID":[2,46,4984],
                "A_Name":"Bupandwamhela",
                "Longlat":[32.159,-2.45],
                "A_Upop":[0,0,0,0,0,12591,13789,16073],
                "Metropole":"No"
                },
                  {
                 "ID":[2,46,5002],
                "A_Name":"Monduli",
                "Longlat":[36.447,-3.304],
                "A_Upop":[0,0,0,0,0,11472,13921,16032],
                "Metropole":"No"
                },
                  {
                 "ID":[2,46,5009],
                "A_Name":"Maposeni",
                "Longlat":[35.452,-10.618],
                "A_Upop":[0,0,0,0,0,12781,14361,16018],
                "Metropole":"No"
                },
                  {
                 "ID":[2,46,5011],
                "A_Name":"Shelui",
                "Longlat":[34.203,-4.352],
                "A_Upop":[0,0,0,0,0,12025,14206,16010],
                "Metropole":"No"
                },
                  {
                 "ID":[2,46,5059],
                "A_Name":"Esilalei",
                "Longlat":[35.893,-3.376],
                "A_Upop":[0,0,0,0,0,0,13760,15846],
                "Metropole":"No"
                },
                  {
                 "ID":[2,46,5074],
                "A_Name":"Nyanguge",
                "Longlat":[33.197,-2.539],
                "A_Upop":[0,0,0,0,0,0,13553,15798],
                "Metropole":"No"
                },
                  {
                 "ID":[2,46,5260],
                "A_Name":"Mpuguso",
                "Longlat":[33.658,-9.326],
                "A_Upop":[0,0,0,0,0,0,13176,15160],
                "Metropole":"No"
                },
                  {
                 "ID":[2,46,5356],
                "A_Name":"Chala",
                "Longlat":[31.268,-7.593],
                "A_Upop":[0,0,0,0,0,0,12600,14862],
                "Metropole":"No"
                },
                  {
                 "ID":[2,46,5436],
                "A_Name":"Isagehe",
                "Longlat":[32.679,-3.832],
                "A_Upop":[0,0,0,0,0,0,13117,14585],
                "Metropole":"No"
                },
                  {
                 "ID":[2,46,5438],
                "A_Name":"Laela",
                "Longlat":[32.048,-8.575],
                "A_Upop":[0,0,0,0,0,0,12360,14579],
                "Metropole":"No"
                },
                  {
                 "ID":[2,46,5488],
                "A_Name":"Pongwe ??Mixed Ward",
                "Longlat":[38.971,-5.133],
                "A_Upop":[0,0,0,0,0,0,12880,14448],
                "Metropole":"No"
                },
                  {
                 "ID":[2,46,5501],
                "A_Name":"Kongwa",
                "Longlat":[36.409,-6.195],
                "A_Upop":[0,0,0,0,10996,10745,12939,14403],
                "Metropole":"No"
                },
                  {
                 "ID":[2,46,5512],
                "A_Name":"Ndungu",
                "Longlat":[38.062,-4.382],
                "A_Upop":[0,0,0,0,0,14064,13132,14371],
                "Metropole":"No"
                },
                  {
                 "ID":[2,46,5585],
                "A_Name":"Konde",
                "Longlat":[39.751,-4.946],
                "A_Upop":[0,0,0,0,0,13139,12187,14156],
                "Metropole":"No"
                },
                  {
                 "ID":[2,46,5652],
                "A_Name":"Masoko (Kilwa)",
                "Longlat":[39.514,-8.921],
                "A_Upop":[0,0,0,0,10494,11967,13331,13987],
                "Metropole":"No"
                },
                  {
                 "ID":[2,46,5659],
                "A_Name":"Ruangwa",
                "Longlat":[38.927,-10.074],
                "A_Upop":[0,0,0,0,0,10161,13307,13962],
                "Metropole":"No"
                },
                  {
                 "ID":[2,46,5702],
                "A_Name":"Nanyamba",
                "Longlat":[39.802,-10.689],
                "A_Upop":[0,0,0,0,0,12802,12974,13818],
                "Metropole":"No"
                },
                  {
                 "ID":[2,46,5729],
                "A_Name":"Kirando",
                "Longlat":[30.629,-7.372],
                "A_Upop":[0,0,0,0,0,0,11638,13727],
                "Metropole":"No"
                },
                  {
                 "ID":[2,46,5746],
                "A_Name":"Kiwalala",
                "Longlat":[39.537,-10.191],
                "A_Upop":[0,0,0,0,0,12173,13040,13681],
                "Metropole":"No"
                },
                  {
                 "ID":[2,46,5781],
                "A_Name":"Mungonya",
                "Longlat":[29.691,-4.851],
                "A_Upop":[0,0,0,0,0,0,12008,13588],
                "Metropole":"No"
                },
                  {
                 "ID":[2,46,5805],
                "A_Name":"Bwanga",
                "Longlat":[31.766,-3.027],
                "A_Upop":[0,0,0,0,0,0,11814,13525],
                "Metropole":"No"
                },
                  {
                 "ID":[2,46,5875],
                "A_Name":"Kitama",
                "Longlat":[39.727,-10.757],
                "A_Upop":[0,0,0,0,0,11599,12525,13340],
                "Metropole":"No"
                },
                  {
                 "ID":[2,46,5933],
                "A_Name":"Lusahunga",
                "Longlat":[31.218,-3.038],
                "A_Upop":[0,0,0,0,0,0,11211,13195],
                "Metropole":"No"
                },
                  {
                 "ID":[2,46,5934],
                "A_Name":"Makungu",
                "Longlat":[35.283,-8.742],
                "A_Upop":[0,0,0,0,0,0,12444,13192],
                "Metropole":"No"
                },
                  {
                 "ID":[2,46,5981],
                "A_Name":"Kabuku",
                "Longlat":[38.486,-5.501],
                "A_Upop":[0,0,0,0,0,0,11650,13068],
                "Metropole":"No"
                },
                  {
                 "ID":[2,46,6047],
                "A_Name":"Kimamba",
                "Longlat":[37.142,-6.784],
                "A_Upop":[0,0,0,0,0,10245,11452,12927],
                "Metropole":"No"
                },
                  {
                 "ID":[2,46,6067],
                "A_Name":"Magomeni",
                "Longlat":[36.98,-6.842],
                "A_Upop":[0,0,0,0,0,0,11406,12875],
                "Metropole":"No"
                },
                  {
                 "ID":[2,46,6100],
                "A_Name":"Madaba",
                "Longlat":[35.348,-9.902],
                "A_Upop":[0,0,0,0,0,0,11462,12785],
                "Metropole":"No"
                },
                  {
                 "ID":[2,46,6160],
                "A_Name":"Buganguzi",
                "Longlat":[31.708,-1.576],
                "A_Upop":[0,0,0,0,0,0,10735,12635],
                "Metropole":"No"
                },
                  {
                 "ID":[2,46,6161],
                "A_Name":"Kisarawe",
                "Longlat":[39.065,-6.908],
                "A_Upop":[0,0,0,0,0,11786,11300,12631],
                "Metropole":"No"
                },
                  {
                 "ID":[2,46,6189],
                "A_Name":"Lugalo",
                "Longlat":[35.792,-7.79],
                "A_Upop":[0,0,0,0,0,11768,11854,12566],
                "Metropole":"No"
                },
                  {
                 "ID":[2,46,6275],
                "A_Name":"Mkambarani",
                "Longlat":[37.76,-6.788],
                "A_Upop":[0,0,0,0,0,0,10982,12397],
                "Metropole":"No"
                },
                  {
                 "ID":[2,46,6278],
                "A_Name":"Mzizima",
                "Longlat":[39.055,-5.058],
                "A_Upop":[0,0,0,0,0,0,11028,12371],
                "Metropole":"No"
                },
                  {
                 "ID":[2,46,6381],
                "A_Name":"Mingoyo",
                "Longlat":[39.616,-10.109],
                "A_Upop":[0,0,0,0,0,0,11577,12147],
                "Metropole":"No"
                },
                  {
                 "ID":[2,46,6403],
                "A_Name":"Kashasha",
                "Longlat":[31.617,-1.749],
                "A_Upop":[0,0,0,0,0,0,10296,12118],
                "Metropole":"No"
                },
                  {
                 "ID":[2,46,6503],
                "A_Name":"Katoke (Izigo)",
                "Longlat":[31.697,-1.614],
                "A_Upop":[0,0,0,0,0,19154,10130,11922],
                "Metropole":"No"
                },
                  {
                 "ID":[2,46,6548],
                "A_Name":"Kitangari",
                "Longlat":[39.34,-10.658],
                "A_Upop":[0,0,0,0,0,10365,11095,11817],
                "Metropole":"No"
                },
                  {
                 "ID":[2,46,6581],
                "A_Name":"Utete",
                "Longlat":[38.756,-7.995],
                "A_Upop":[0,0,0,0,0,0,10511,11749],
                "Metropole":"No"
                },
                  {
                 "ID":[2,46,6589],
                "A_Name":"Maramba",
                "Longlat":[38.801,-4.865],
                "A_Upop":[0,0,0,0,0,10019,10448,11720],
                "Metropole":"No"
                },
                  {
                 "ID":[2,46,6647],
                "A_Name":"Mtama",
                "Longlat":[39.369,-10.3],
                "A_Upop":[0,0,0,0,0,11547,11065,11609],
                "Metropole":"No"
                },
                  {
                 "ID":[2,46,6672],
                "A_Name":"Mbekenyera",
                "Longlat":[38.961,-9.987],
                "A_Upop":[0,0,0,0,0,0,11033,11576],
                "Metropole":"No"
                },
                  {
                 "ID":[2,46,6690],
                "A_Name":"Isagehe",
                "Longlat":[32.757,-3.928],
                "A_Upop":[0,0,0,0,0,0,10359,11518],
                "Metropole":"No"
                },
                  {
                 "ID":[2,46,6751],
                "A_Name":"Kitagata",
                "Longlat":[30.424,-4.281],
                "A_Upop":[0,0,0,0,0,0,10067,11391],
                "Metropole":"No"
                },
                  {
                 "ID":[2,46,6764],
                "A_Name":"Nungwi",
                "Longlat":[39.3,-5.73],
                "A_Upop":[0,0,0,0,0,0,0,11357],
                "Metropole":"No"
                },
                  {
                 "ID":[2,46,6768],
                "A_Name":"Didia",
                "Longlat":[33.082,-3.82],
                "A_Upop":[0,0,0,0,0,0,10204,11346],
                "Metropole":"No"
                },
                  {
                 "ID":[2,46,6779],
                "A_Name":"Mnyuzi",
                "Longlat":[38.597,-5.299],
                "A_Upop":[0,0,0,0,0,0,10104,11334],
                "Metropole":"No"
                },
                  {
                 "ID":[2,46,6846],
                "A_Name":"Makanya",
                "Longlat":[37.819,-4.36],
                "A_Upop":[0,0,0,0,0,0,10236,11202],
                "Metropole":"No"
                },
                  {
                 "ID":[2,46,6859],
                "A_Name":"Bulinda (Kanyangereko)",
                "Longlat":[31.776,-1.43],
                "A_Upop":[0,0,0,0,0,0,0,11178],
                "Metropole":"No"
                },
                  {
                 "ID":[2,46,6918],
                "A_Name":"Itumba",
                "Longlat":[33.186,-9.41],
                "A_Upop":[0,0,0,0,0,0,0,11054],
                "Metropole":"No"
                },
                  {
                 "ID":[2,46,6990],
                "A_Name":"Naipanga",
                "Longlat":[38.816,-10.493],
                "A_Upop":[0,0,0,0,0,0,10453,10967],
                "Metropole":"No"
                },
                  {
                 "ID":[2,46,6997],
                "A_Name":"Kisorya",
                "Longlat":[33.241,-2.105],
                "A_Upop":[0,0,0,0,0,18045,0,10959],
                "Metropole":"No"
                },
                  {
                 "ID":[2,46,7039],
                "A_Name":"Mugango",
                "Longlat":[33.696,-1.686],
                "A_Upop":[0,0,0,0,0,0,0,10896],
                "Metropole":"No"
                },
                  {
                 "ID":[2,46,7092],
                "A_Name":"Old Shinyanga",
                "Longlat":[33.411,-3.561],
                "A_Upop":[0,0,0,0,0,0,0,10758],
                "Metropole":"No"
                },
                  {
                 "ID":[2,46,7169],
                "A_Name":"Mkoreha",
                "Longlat":[39.731,-10.846],
                "A_Upop":[0,0,0,0,0,0,0,10627],
                "Metropole":"No"
                },
                  {
                 "ID":[2,46,7173],
                "A_Name":"Mihambwe",
                "Longlat":[39.802,-10.821],
                "A_Upop":[0,0,0,0,0,0,0,10622],
                "Metropole":"No"
                },
                  {
                 "ID":[2,46,7201],
                "A_Name":"Kibande",
                "Longlat":[29.895,-4.383],
                "A_Upop":[0,0,0,0,0,0,0,10587],
                "Metropole":"No"
                },
                  {
                 "ID":[2,46,7231],
                "A_Name":"Mvomero",
                "Longlat":[37.53,-6.438],
                "A_Upop":[0,0,0,0,0,0,0,10517],
                "Metropole":"No"
                },
                  {
                 "ID":[2,46,7305],
                "A_Name":"Iwawa",
                "Longlat":[34.11,-9.257],
                "A_Upop":[0,0,0,0,0,12516,10004,10422],
                "Metropole":"No"
                },
                  {
                 "ID":[2,46,7350],
                "A_Name":"Ludewa",
                "Longlat":[34.682,-10.102],
                "A_Upop":[0,0,0,0,0,0,0,10359],
                "Metropole":"No"
                },
                  {
                 "ID":[2,46,7408],
                "A_Name":"Matundasi",
                "Longlat":[33.276,-8.452],
                "A_Upop":[0,0,0,0,0,0,0,10285],
                "Metropole":"No"
                },
                  {
                 "ID":[2,46,7518],
                "A_Name":"Maruku",
                "Longlat":[31.796,-1.416],
                "A_Upop":[0,0,0,0,0,0,0,10118],
                "Metropole":"No"
                },
                  {
                 "ID":[2,46,7523],
                "A_Name":"Nyangao",
                "Longlat":[39.303,-10.325],
                "A_Upop":[0,0,0,0,0,17360,0,10114],
                "Metropole":"No"
                },
                  {
                 "ID":[2,46,7591],
                "A_Name":"Nyamuswa",
                "Longlat":[34.024,-1.904],
                "A_Upop":[0,0,0,0,0,0,0,10037],
                "Metropole":"No"
                },
                  {
                 "ID":[2,46,7770],
                "A_Name":"Utengule Usongwe",
                "Longlat":[33.347,-8.939],
                "A_Upop":[0,0,0,0,0,28032,0,0],
                "Metropole":"No"
                },
                  {
                 "ID":[2,46,7795],
                "A_Name":"Ruaha",
                "Longlat":[36.983,-7.656],
                "A_Upop":[0,0,0,12972,21455,24883,0,0],
                "Metropole":"No"
                },
                  {
                 "ID":[2,46,7848],
                "A_Name":"Vikindu",
                "Longlat":[39.328,-7.005],
                "A_Upop":[0,0,0,0,14378,19974,0,0],
                "Metropole":"No"
                },
                  {
                 "ID":[2,46,7874],
                "A_Name":"Kisesa",
                "Longlat":[33.043,-2.553],
                "A_Upop":[0,0,0,0,0,18670,0,0],
                "Metropole":"No"
                },
                  {
                 "ID":[2,46,7898],
                "A_Name":"Olorieni",
                "Longlat":[36.645,-3.338],
                "A_Upop":[0,0,0,0,0,17318,0,0],
                "Metropole":"No"
                },
                  {
                 "ID":[2,46,7906],
                "A_Name":"Kagongo",
                "Longlat":[29.649,-4.792],
                "A_Upop":[0,0,0,0,0,16917,0,0],
                "Metropole":"No"
                },
                  {
                 "ID":[2,46,7924],
                "A_Name":"Ipinda",
                "Longlat":[33.908,-9.431],
                "A_Upop":[0,0,0,0,0,15945,0,0],
                "Metropole":"No"
                },
                  {
                 "ID":[2,46,7925],
                "A_Name":"Kirua Vunjo Kusini",
                "Longlat":[37.469,-3.335],
                "A_Upop":[0,0,0,0,0,15873,0,0],
                "Metropole":"No"
                },
                  {
                 "ID":[2,46,7938],
                "A_Name":"Olmotonyi",
                "Longlat":[36.658,-3.301],
                "A_Upop":[0,0,0,0,0,15385,0,0],
                "Metropole":"No"
                },
                  {
                 "ID":[2,46,7954],
                "A_Name":"Qurus",
                "Longlat":[35.662,-3.345],
                "A_Upop":[0,0,0,0,0,14712,0,0],
                "Metropole":"No"
                },
                  {
                 "ID":[2,46,7955],
                "A_Name":"Iwindi",
                "Longlat":[33.347,-8.96],
                "A_Upop":[0,0,0,0,0,14709,0,0],
                "Metropole":"No"
                },
                  {
                 "ID":[2,46,7966],
                "A_Name":"Mwandiga",
                "Longlat":[29.66,-4.826],
                "A_Upop":[0,0,0,0,0,14203,0,0],
                "Metropole":"No"
                },
                  {
                 "ID":[2,46,7984],
                "A_Name":"Tambani",
                "Longlat":[39.195,-7.012],
                "A_Upop":[0,0,0,0,0,13741,0,0],
                "Metropole":"No"
                },
                  {
                 "ID":[2,46,8008],
                "A_Name":"Temeke",
                "Longlat":[38.78,-10.692],
                "A_Upop":[0,0,0,0,0,12934,0,0],
                "Metropole":"No"
                },
                  {
                 "ID":[2,46,8010],
                "A_Name":"Nsalala",
                "Longlat":[33.344,-8.927],
                "A_Upop":[0,0,0,0,0,12927,0,0],
                "Metropole":"No"
                },
                  {
                 "ID":[2,46,8023],
                "A_Name":"Karabagaine",
                "Longlat":[31.769,-1.349],
                "A_Upop":[0,0,0,0,0,12530,0,0],
                "Metropole":"No"
                },
                  {
                 "ID":[2,46,8035],
                "A_Name":"Kirua Vunjo Magharibi",
                "Longlat":[37.461,-3.306],
                "A_Upop":[0,0,0,0,0,12374,0,0],
                "Metropole":"No"
                },
                  {
                 "ID":[2,46,8038],
                "A_Name":"Misufini",
                "Longlat":[39.196,-5.967],
                "A_Upop":[0,0,0,0,0,12202,0,0],
                "Metropole":"No"
                },
                  {
                 "ID":[2,46,8055],
                "A_Name":"Kyimo",
                "Longlat":[33.62,-9.219],
                "A_Upop":[0,0,0,0,0,11762,0,0],
                "Metropole":"No"
                },
                  {
                 "ID":[2,46,8115],
                "A_Name":"Msingisi",
                "Longlat":[36.855,-6.138],
                "A_Upop":[0,0,0,0,0,10589,0,0],
                "Metropole":"No"
                },
                  {
                 "ID":[2,46,8120],
                "A_Name":"Ulembwe",
                "Longlat":[34.649,-9.316],
                "A_Upop":[0,0,0,0,0,10532,0,0],
                "Metropole":"No"
                },
                  {
                 "ID":[2,46,8257],
                "A_Name":"Kibaoni",
                "Longlat":[36.693,-8.115],
                "A_Upop":[0,0,0,0,13705,0,0,0],
                "Metropole":"No"
                },
                  {
                 "ID":[2,46,8258],
                "A_Name":"Mafiga",
                "Longlat":[37.651,-6.83],
                "A_Upop":[0,0,0,0,10192,0,0,0],
                "Metropole":"No"
                },
                  {
                 "ID":[2,46,9036],
                "A_Name":"Ilangala",
                "Longlat":[32.91,-1.918],
                "A_Upop":[0,0,0,0,0,27828,35652,0],
                "Metropole":"No"
                },
                  {
                 "ID":[2,46,9037],
                "A_Name":"Maji ya chai",
                "Longlat":[36.91,-3.353],
                "A_Upop":[0,0,0,0,0,17498,27635,0],
                "Metropole":"No"
                },
                  {
                 "ID":[2,46,9038],
                "A_Name":"Mabogini",
                "Longlat":[37.353,-3.396],
                "A_Upop":[0,0,0,0,0,19110,27921,0],
                "Metropole":"No"
                },
                  {
                 "ID":[2,46,9039],
                "A_Name":"Usariver",
                "Longlat":[36.848,-3.393],
                "A_Upop":[0,0,0,0,0,15746,22096,0],
                "Metropole":"No"
                },
                  {
                 "ID":[2,46,9040],
                "A_Name":"Machame Kaskazini",
                "Longlat":[37.228,-3.245],
                "A_Upop":[0,0,0,0,0,21412,22472,0],
                "Metropole":"No"
                },
                  {
                 "ID":[2,46,9041],
                "A_Name":"Bitale",
                "Longlat":[29.716,-4.6852],
                "A_Upop":[0,0,0,0,0,15845,19398,0],
                "Metropole":"No"
                },
                  {
                 "ID":[2,46,9042],
                "A_Name":"Mwayaya",
                "Longlat":[29.84,-4.423],
                "A_Upop":[0,0,0,0,0,11011,19390,0],
                "Metropole":"No"
                },
                  {
                 "ID":[2,46,9043],
                "A_Name":"Bwiro",
                "Longlat":[32.896,-2.071],
                "A_Upop":[0,0,0,0,0,13712,17736,0],
                "Metropole":"No"
                },
                  {
                 "ID":[2,46,9044],
                "A_Name":"Kibosho Magharibi",
                "Longlat":[37.264,-3.275],
                "A_Upop":[0,0,0,0,0,18943,19541,0],
                "Metropole":"No"
                },
                  {
                 "ID":[2,46,9045],
                "A_Name":"Ngoma",
                "Longlat":[33.138,-2.119],
                "A_Upop":[0,0,0,0,0,12857,16892,0],
                "Metropole":"No"
                },
                  {
                 "ID":[2,46,9046],
                "A_Name":"Kongowe",
                "Longlat":[38.871,-6.737],
                "A_Upop":[0,0,0,0,0,10649,17660,0],
                "Metropole":"No"
                },
                  {
                 "ID":[2,46,9047],
                "A_Name":"Picha ya Ndege",
                "Longlat":[38.962,-6.756],
                "A_Upop":[0,0,0,0,0,0,17177,0],
                "Metropole":"No"
                },
                  {
                 "ID":[2,46,9048],
                "A_Name":"Namilembe",
                "Longlat":[32.909,-1.95],
                "A_Upop":[0,0,0,0,0,11876,15519,0],
                "Metropole":"No"
                },
                  {
                 "ID":[2,46,9049],
                "A_Name":"Kikatiti",
                "Longlat":[36.966,-3.354],
                "A_Upop":[0,0,0,0,0,12462,15796,0],
                "Metropole":"No"
                },
                  {
                 "ID":[2,46,9050],
                "A_Name":"Ganako",
                "Longlat":[35.663,-3.335],
                "A_Upop":[0,0,0,0,0,0,14595,0],
                "Metropole":"No"
                },
                  {
                 "ID":[2,46,9051],
                "A_Name":"Ihanda",
                "Longlat":[31.073,-1.549],
                "A_Upop":[0,0,0,0,0,12991,13624,0],
                "Metropole":"No"
                },
                  {
                 "ID":[2,46,9052],
                "A_Name":"Mkuza",
                "Longlat":[38.927,-6.755],
                "A_Upop":[0,0,0,0,0,0,14445,0],
                "Metropole":"No"
                },
                  {
                 "ID":[2,46,9053],
                "A_Name":"Katumbasongwe",
                "Longlat":[33.916,-9.695],
                "A_Upop":[0,0,0,0,0,11184,13107,0],
                "Metropole":"No"
                },
                  {
                 "ID":[2,46,9054],
                "A_Name":"Makutupora",
                "Longlat":[35.759,-6.021],
                "A_Upop":[0,0,0,0,0,13213,13798,0],
                "Metropole":"No"
                },
                  {
                 "ID":[2,46,9055],
                "A_Name":"Kibosho Mashariki",
                "Longlat":[37.321,-3.254],
                "A_Upop":[0,0,0,0,0,11429,13625,0],
                "Metropole":"No"
                },
                  {
                 "ID":[2,46,9056],
                "A_Name":"Mninga",
                "Longlat":[35.227,-8.581],
                "A_Upop":[0,0,0,0,0,14731,14443,0],
                "Metropole":"No"
                },
                  {
                 "ID":[2,46,9057],
                "A_Name":"Chitengule",
                "Longlat":[33.433,-2.148],
                "A_Upop":[0,0,0,0,0,0,12247,0],
                "Metropole":"No"
                },
                  {
                 "ID":[2,46,9058],
                "A_Name":"Nansimo",
                "Longlat":[33.354,-2.16],
                "A_Upop":[0,0,0,0,0,10683,12059,0],
                "Metropole":"No"
                },
                  {
                 "ID":[2,46,9059],
                "A_Name":"Machame Mashariki",
                "Longlat":[37.254,-3.223],
                "A_Upop":[0,0,0,0,0,26871,12601,0],
                "Metropole":"No"
                },
                  {
                 "ID":[2,46,9060],
                "A_Name":"Shume",
                "Longlat":[38.255,-4.656],
                "A_Upop":[0,0,0,0,0,0,11677,0],
                "Metropole":"No"
                },
                  {
                 "ID":[2,46,9061],
                "A_Name":"Lukozi",
                "Longlat":[38.286,-4.664],
                "A_Upop":[0,0,0,0,0,10535,11436,0],
                "Metropole":"No"
                },
                  {
                 "ID":[2,46,9062],
                "A_Name":"Kwekanga",
                "Longlat":[38.348,-4.665],
                "A_Upop":[0,0,0,0,0,0,11303,0],
                "Metropole":"No"
                },
                  {
                 "ID":[2,46,9063],
                "A_Name":"Kibaha",
                "Longlat":[38.904,-6.746],
                "A_Upop":[0,0,0,0,0,0,11291,0],
                "Metropole":"No"
                },
                  {
                 "ID":[2,46,9064],
                "A_Name":"Machame Narumu",
                "Longlat":[37.244,-3.266],
                "A_Upop":[0,0,0,0,0,0,11631,0],
                "Metropole":"No"
                },
                  {
                 "ID":[2,46,9065],
                "A_Name":"Igale",
                "Longlat":[33.433,-9.018],
                "A_Upop":[0,0,0,0,0,0,10248,0],
                "Metropole":"No"
                },
                  {
                 "ID":[2,46,9066],
                "A_Name":"Isanga",
                "Longlat":[33.973,-2.832],
                "A_Upop":[0,0,0,0,0,0,10914,0],
                "Metropole":"No"
                },
                  {
                 "ID":[2,46,9067],
                "A_Name":"Sanya Juu",
                "Longlat":[37.064,-3.191],
                "A_Upop":[0,0,0,0,0,0,10866,0],
                "Metropole":"No"
                },
                  {
                 "ID":[2,46,9068],
                "A_Name":"Machame Uroki",
                "Longlat":[37.21,-3.241],
                "A_Upop":[0,0,0,0,0,0,10364,0],
                "Metropole":"No"
                },
                  {
                "ID":[2,46,9069],
                "A_Name":"Naeny",
                "Longlat":[37.106,-3.185],
                "A_Upop":[0,0,0,0,0,0,10351,0],
                "Metropole":"No"
                }]
}