{
    "EN_country":"The Gambia",
    "FR_country":"Gambie",
    "ID":[5,20,0],
    "Upop":[26038,25520,64399,143228,300651,573193,894427],
    "Urbanlevel":[0.09,0.08,0.15,0.23,0.33,0.45,0.52,0.56],
    "Numagglos":[1,1,2,3,4,9,11,11],
    "Mpop":[0,0,0.44,0.59,0.69,0.69,0.71,0.7],
    "ADBA":[0,0,11,14,38,28,11,10.5],
    "Agglomerations":[
    {
                 "ID":[5,20,88],
                "A_Name":"Serrekunda",
                "Longlat":[-16.674,13.395],
                "A_Upop":[0,0,28549,84322,206399,395969,634696,788777],
                "Metropole":"Yes"
                },
                  {
                 "ID":[5,20,618],
                "A_Name":"Brikama",
                "Longlat":[-16.659,13.25],
                "A_Upop":[0,0,0,16067,34103,59050,89614,112933],
                "Metropole":"No"
                },
                  {
                 "ID":[5,20,1912],
                "A_Name":"Tanjeh",
                "Longlat":[-16.794,13.325],
                "A_Upop":[0,0,0,0,0,11305,25373,40004],
                "Metropole":"No"
                },
                  {
                 "ID":[5,20,2340],
                "A_Name":"Banjul",
                "Longlat":[-16.58,13.453],
                "A_Upop":[26038,25520,35850,42839,42889,36766,32234,33382],
                "Metropole":"No"
                },
                  {
                 "ID":[5,20,2365],
                "A_Name":"Basse Santo-Su",
                "Longlat":[-14.221,13.307],
                "A_Upop":[0,0,0,0,0,16557,22952,33105],
                "Metropole":"No"
                },
                  {
                 "ID":[5,20,2702],
                "A_Name":"Farafenni",
                "Longlat":[-15.599,13.572],
                "A_Upop":[0,0,0,0,17260,19943,24976,29217],
                "Metropole":"No"
                },
                  {
                 "ID":[5,20,3207],
                "A_Name":"Essau",
                "Longlat":[-16.523,13.488],
                "A_Upop":[0,0,0,0,0,10759,16848,24822],
                "Metropole":"No"
                },
                  {
                 "ID":[5,20,3872],
                "A_Name":"Gunjur",
                "Longlat":[-16.762,13.171],
                "A_Upop":[0,0,0,0,0,12737,14839,20781],
                "Metropole":"No"
                },
                  {
                 "ID":[5,20,4607],
                "A_Name":"Soma",
                "Longlat":[-15.539,13.449],
                "A_Upop":[0,0,0,0,0,10107,12204,17444],
                "Metropole":"No"
                },
                  {
                 "ID":[5,20,5852],
                "A_Name":"Sanyang Sare Biji (Bi",
                "Longlat":[-16.762,13.274],
                "A_Upop":[0,0,0,0,0,0,10660,13408],
                "Metropole":"No"
                },
                  {
                "ID":[5,20,6525],
                "A_Name":"Gambissara",
                "Longlat":[-14.31,13.241],
                "A_Upop":[0,0,0,0,0,0,10032,11880],
                "Metropole":"No"
                }]
}