{
    "EN_country":"Togo",
    "FR_country":"Togo",
    "ID":[5,44,0],
    "Upop":[52726,162993,397382,666083,866832,1264202,2602922],
    "Urbanlevel":[0.05,0.11,0.2,0.25,0.25,0.28,0.43,0.5],
    "Numagglos":[2,4,15,17,19,25,45,53],
    "Mpop":[0.81,0.77,0.48,0.56,0.55,0.53,0.54,0.51],
    "ADBA":[41,107,42,35,35,29,21,17.9],
    "Agglomerations":[
    {
                 "ID":[5,44,47],
                "A_Name":"Lomé/Aflao [TGO]",
                "Longlat":[1.182,6.19],
                "A_Upop":[42658,125974,188876,371153,474308,673769,1400316,1733330],
                "Metropole":"Yes"
                },
                  {
                 "ID":[5,44,438],
                "A_Name":"Tsevie",
                "Longlat":[1.273,6.274],
                "A_Upop":[0,0,13016,20247,27154,38198,54474,161486],
                "Metropole":"No"
                },
                  {
                 "ID":[5,44,492],
                "A_Name":"Kara",
                "Longlat":[1.189,9.548],
                "A_Upop":[0,0,11674,28480,40694,61623,106939,143103],
                "Metropole":"No"
                },
                  {
                 "ID":[5,44,603],
                "A_Name":"Sokode",
                "Longlat":[1.143,8.993],
                "A_Upop":[0,14687,32356,48098,58868,74460,95070,115759],
                "Metropole":"No"
                },
                  {
                 "ID":[5,44,685],
                "A_Name":"Kpalime",
                "Longlat":[0.635,6.914],
                "A_Upop":[0,11902,23780,27669,37202,52489,76660,102763],
                "Metropole":"No"
                },
                  {
                 "ID":[5,44,787],
                "A_Name":"Atakpame",
                "Longlat":[1.132,7.517],
                "A_Upop":[0,0,16791,24377,30677,40076,77304,90711],
                "Metropole":"No"
                },
                  {
                 "ID":[5,44,848],
                "A_Name":"Dapaong",
                "Longlat":[0.191,10.884],
                "A_Upop":[0,0,10134,17476,24952,37751,66301,84269],
                "Metropole":"No"
                },
                  {
                 "ID":[5,44,1268],
                "A_Name":"Notse",
                "Longlat":[1.169,6.952],
                "A_Upop":[0,0,0,0,13317,21397,47863,58713],
                "Metropole":"No"
                },
                  {
                 "ID":[5,44,1650],
                "A_Name":"Anie",
                "Longlat":[1.199,7.768],
                "A_Upop":[0,0,0,10163,14956,23439,37398,45983],
                "Metropole":"No"
                },
                  {
                 "ID":[5,44,1900],
                "A_Name":"Cinkassi/Cinkansé [TGO]",
                "Longlat":[0.028,11.096],
                "A_Upop":[0,0,0,0,0,11933,27507,40336],
                "Metropole":"No"
                },
                  {
                 "ID":[5,44,1914],
                "A_Name":"Tabligbo",
                "Longlat":[1.504,6.606],
                "A_Upop":[0,0,0,0,11425,15859,31531,39987],
                "Metropole":"No"
                },
                  {
                 "ID":[5,44,2195],
                "A_Name":"Afagnagan",
                "Longlat":[1.627,6.493],
                "A_Upop":[0,0,0,0,0,0,25290,35219],
                "Metropole":"No"
                },
                  {
                 "ID":[5,44,2378],
                "A_Name":"Adeta",
                "Longlat":[0.738,7.146],
                "A_Upop":[0,0,0,0,0,0,11861,32895],
                "Metropole":"No"
                },
                  {
                 "ID":[5,44,2455],
                "A_Name":"Bassar",
                "Longlat":[0.775,9.257],
                "A_Upop":[0,0,15762,17764,19223,21071,29447,31926],
                "Metropole":"No"
                },
                  {
                 "ID":[5,44,2526],
                "A_Name":"Vogan",
                "Longlat":[1.532,6.333],
                "A_Upop":[0,0,17340,11087,12659,14770,25821,31108],
                "Metropole":"No"
                },
                  {
                 "ID":[5,44,2601],
                "A_Name":"Tchamba",
                "Longlat":[1.421,9.025],
                "A_Upop":[0,0,11083,12917,15321,18686,26628,30324],
                "Metropole":"No"
                },
                  {
                 "ID":[5,44,2631],
                "A_Name":"Aného/Hilacondji [TGO]",
                "Longlat":[1.645,6.243],
                "A_Upop":[10069,10430,10889,14272,16831,20390,24891,29949],
                "Metropole":"No"
                },
                  {
                 "ID":[5,44,2659],
                "A_Name":"Ahepe",
                "Longlat":[1.392,6.608],
                "A_Upop":[0,0,10528,0,0,0,19426,29622],
                "Metropole":"No"
                },
                  {
                 "ID":[5,44,2811],
                "A_Name":"Sotouboua",
                "Longlat":[0.982,8.564],
                "A_Upop":[0,0,0,10578,13542,18048,24332,28183],
                "Metropole":"No"
                },
                  {
                 "ID":[5,44,2884],
                "A_Name":"Mango",
                "Longlat":[0.473,10.352],
                "A_Upop":[0,0,0,13089,15814,19703,24766,27402],
                "Metropole":"No"
                },
                  {
                 "ID":[5,44,3119],
                "A_Name":"Hahotoe",
                "Longlat":[1.415,6.36],
                "A_Upop":[0,0,0,0,0,0,13473,25457],
                "Metropole":"No"
                },
                  {
                 "ID":[5,44,3253],
                "A_Name":"Wahala",
                "Longlat":[1.159,7.177],
                "A_Upop":[0,0,0,0,0,13744,20549,24550],
                "Metropole":"No"
                },
                  {
                 "ID":[5,44,3708],
                "A_Name":"Kouve",
                "Longlat":[1.413,6.661],
                "A_Upop":[0,0,10645,14028,15691,17875,20469,21733],
                "Metropole":"No"
                },
                  {
                 "ID":[5,44,4195],
                "A_Name":"Aklakou",
                "Longlat":[1.705,6.342],
                "A_Upop":[0,0,0,0,0,0,16497,19330],
                "Metropole":"No"
                },
                  {
                 "ID":[5,44,4196],
                "A_Name":"Ketao",
                "Longlat":[1.312,9.661],
                "A_Upop":[0,0,0,0,0,11631,16529,19309],
                "Metropole":"No"
                },
                  {
                 "ID":[5,44,4221],
                "A_Name":"Glei",
                "Longlat":[1.159,7.318],
                "A_Upop":[0,0,0,0,0,10171,16434,19240],
                "Metropole":"No"
                },
                  {
                 "ID":[5,44,4252],
                "A_Name":"Bafilo",
                "Longlat":[1.247,9.354],
                "A_Upop":[0,0,12300,12119,13613,15584,17937,19088],
                "Metropole":"No"
                },
                  {
                 "ID":[5,44,4266],
                "A_Name":"Anfoin",
                "Longlat":[1.612,6.325],
                "A_Upop":[0,0,0,0,0,0,11137,19019],
                "Metropole":"No"
                },
                  {
                 "ID":[5,44,4360],
                "A_Name":"Asrama",
                "Longlat":[1.404,7.007],
                "A_Upop":[0,0,0,0,0,0,16451,18603],
                "Metropole":"No"
                },
                  {
                 "ID":[5,44,4375],
                "A_Name":"Guerin Kouka",
                "Longlat":[0.608,9.694],
                "A_Upop":[0,0,0,0,0,0,14724,18504],
                "Metropole":"No"
                },
                  {
                 "ID":[5,44,4621],
                "A_Name":"Adjengre",
                "Longlat":[1.023,8.662],
                "A_Upop":[0,0,0,0,0,11263,15216,17382],
                "Metropole":"No"
                },
                  {
                 "ID":[5,44,4795],
                "A_Name":"Attitogon",
                "Longlat":[1.654,6.41],
                "A_Upop":[0,0,0,0,0,0,0,16707],
                "Metropole":"No"
                },
                  {
                 "ID":[5,44,4962],
                "A_Name":"Pagala-Gare",
                "Longlat":[0.971,8.182],
                "A_Upop":[0,0,0,0,0,0,11240,16139],
                "Metropole":"No"
                },
                  {
                 "ID":[5,44,4974],
                "A_Name":"Lama-Bou",
                "Longlat":[1.195,9.65],
                "A_Upop":[0,0,0,0,0,0,13264,16094],
                "Metropole":"No"
                },
                  {
                 "ID":[5,44,4983],
                "A_Name":"Assahoun",
                "Longlat":[0.919,6.445],
                "A_Upop":[0,0,0,0,0,0,14357,16075],
                "Metropole":"No"
                },
                  {
                 "ID":[5,44,5030],
                "A_Name":"Blitta",
                "Longlat":[1.001,8.337],
                "A_Upop":[0,0,0,0,0,0,0,15983],
                "Metropole":"No"
                },
                  {
                 "ID":[5,44,5252],
                "A_Name":"Korbongou-Centre",
                "Longlat":[0.334,10.907],
                "A_Upop":[0,0,0,0,0,0,12421,15187],
                "Metropole":"No"
                },
                  {
                 "ID":[5,44,5422],
                "A_Name":"Kande",
                "Longlat":[1.047,9.958],
                "A_Upop":[0,0,0,0,0,0,12970,14641],
                "Metropole":"No"
                },
                  {
                 "ID":[5,44,5791],
                "A_Name":"Niamtougou",
                "Longlat":[1.105,9.766],
                "A_Upop":[0,0,12208,12566,10584,0,13355,13577],
                "Metropole":"No"
                },
                  {
                 "ID":[5,44,6022],
                "A_Name":"Kaboli",
                "Longlat":[1.592,8.745],
                "A_Upop":[0,0,0,0,0,10115,12025,12981],
                "Metropole":"No"
                },
                  {
                 "ID":[5,44,6048],
                "A_Name":"Badou",
                "Longlat":[0.608,7.588],
                "A_Upop":[0,0,0,0,0,10158,12003,12923],
                "Metropole":"No"
                },
                  {
                 "ID":[5,44,6149],
                "A_Name":"Dzrekpo",
                "Longlat":[1.563,6.473],
                "A_Upop":[0,0,0,0,0,0,0,12672],
                "Metropole":"No"
                },
                  {
                 "ID":[5,44,6222],
                "A_Name":"Datcha",
                "Longlat":[1.161,7.439],
                "A_Upop":[0,0,0,0,0,0,0,12495],
                "Metropole":"No"
                },
                  {
                 "ID":[5,44,6473],
                "A_Name":"Kabou",
                "Longlat":[0.814,9.456],
                "A_Upop":[0,0,0,0,0,0,0,11996],
                "Metropole":"No"
                },
                  {
                 "ID":[5,44,6478],
                "A_Name":"Tado",
                "Longlat":[1.591,7.145],
                "A_Upop":[0,0,0,0,0,0,10293,11984],
                "Metropole":"No"
                },
                  {
                 "ID":[5,44,6550],
                "A_Name":"Tchekpo-Dedekpoe",
                "Longlat":[1.36,6.538],
                "A_Upop":[0,0,0,0,0,0,10075,11810],
                "Metropole":"No"
                },
                  {
                 "ID":[5,44,6582],
                "A_Name":"Kpele-Ele",
                "Longlat":[0.804,7.278],
                "A_Upop":[0,0,0,0,0,0,0,11748],
                "Metropole":"No"
                },
                  {
                 "ID":[5,44,7070],
                "A_Name":"Tohoun",
                "Longlat":[1.605,7.019],
                "A_Upop":[0,0,0,0,0,0,0,10819],
                "Metropole":"No"
                },
                  {
                 "ID":[5,44,7107],
                "A_Name":"Kpekpleme",
                "Longlat":[1.623,7.33],
                "A_Upop":[0,0,0,0,0,0,0,10728],
                "Metropole":"No"
                },
                  {
                 "ID":[5,44,7180],
                "A_Name":"Gboto",
                "Longlat":[1.522,6.669],
                "A_Upop":[0,0,0,0,0,0,0,10613],
                "Metropole":"No"
                },
                  {
                 "ID":[5,44,7280],
                "A_Name":"Glidji",
                "Longlat":[1.601,6.262],
                "A_Upop":[0,0,0,0,0,0,0,10454],
                "Metropole":"No"
                },
                  {
                 "ID":[5,44,7292],
                "A_Name":"Togoville",
                "Longlat":[1.478,6.233],
                "A_Upop":[0,0,0,0,0,0,0,10436],
                "Metropole":"No"
                },
                  {
                 "ID":[5,44,7477],
                "A_Name":"Issati",
                "Longlat":[1.362,8.344],
                "A_Upop":[0,0,0,0,0,0,0,10187],
                "Metropole":"No"
                },
                  {
                 "ID":[5,44,9032],
                "A_Name":"Agbodrafo",
                "Longlat":[1.4815,6.210583333],
                "A_Upop":[0,0,0,0,0,0,21328,0],
                "Metropole":"No"
                },
                  {
                 "ID":[5,44,9033],
                "A_Name":"Have Doume",
                "Longlat":[1.252916667,6.280866667],
                "A_Upop":[0,0,0,0,0,0,19413,0],
                "Metropole":"No"
                },
                  {
                 "ID":[5,44,9034],
                "A_Name":"Mission - Tove",
                "Longlat":[1.12075,6.324616667],
                "A_Upop":[0,0,0,0,0,0,15430,0],
                "Metropole":"No"
                },
                  {
                "ID":[5,44,9035],
                "A_Name":"Pya/ Akei",
                "Longlat":[1.1418,9.6452],
                "A_Upop":[0,0,0,0,0,0,11507,0],
                "Metropole":"No"
                }]
}