{
    "EN_country":"Tunisia",
    "FR_country":"Tunisie",
    "ID":[3,45,0],
    "Upop":[782865,1025074,1466592,2348834,3608028,4838681,6026753],
    "Urbanlevel":[0.23,0.25,0.29,0.37,0.45,0.51,0.57,0.63],
    "Numagglos":[17,24,31,51,70,75,84,89],
    "Mpop":[0.53,0.47,0.42,0.34,0.33,0.33,0.31,0.35],
    "ADBA":[44,35,31,25,22,22,21,20.1],
    "Agglomerations":[
    {
                 "ID":[3,45,30],
                "A_Name":"Tunis",
                "Longlat":[10.175,36.826],
                "A_Upop":[412907,485303,622566,808102,1206599,1576054,1886872,2442503],
                "Metropole":"Yes"
                },
                  {
                 "ID":[3,45,121],
                "A_Name":"Sousse",
                "Longlat":[10.635,35.837],
                "A_Upop":[40707,52251,76635,95233,154034,296946,482905,567802],
                "Metropole":"No"
                },
                  {
                 "ID":[3,45,133],
                "A_Name":"Sfax",
                "Longlat":[10.72,34.75],
                "A_Upop":[58679,67679,137803,301681,376035,443125,499879,520896],
                "Metropole":"No"
                },
                  {
                 "ID":[3,45,314],
                "A_Name":"Nabeul",
                "Longlat":[10.73,36.46],
                "A_Upop":[12118,18697,28697,35375,45479,102123,193305,220351],
                "Metropole":"No"
                },
                  {
                 "ID":[3,45,371],
                "A_Name":"Moknine",
                "Longlat":[10.96,35.65],
                "A_Upop":[16449,31817,49305,64349,78358,103535,174391,190787],
                "Metropole":"No"
                },
                  {
                 "ID":[3,45,383],
                "A_Name":"Bizerte",
                "Longlat":[9.87,37.29],
                "A_Upop":[41330,47587,56579,68326,88104,140936,166726,182031],
                "Metropole":"No"
                },
                  {
                 "ID":[3,45,402],
                "A_Name":"Gabes",
                "Longlat":[10.1,33.9],
                "A_Upop":[23236,27562,35904,66212,114348,143947,165634,176522],
                "Metropole":"No"
                },
                  {
                 "ID":[3,45,494],
                "A_Name":"Jerba Houmet Souk",
                "Longlat":[10.85,33.88],
                "A_Upop":[0,12407,13212,27660,48424,105841,129731,142650],
                "Metropole":"No"
                },
                  {
                 "ID":[3,45,496],
                "A_Name":"Kairouan",
                "Longlat":[10.1,35.68],
                "A_Upop":[32939,38787,49876,64081,89977,111850,130612,141853],
                "Metropole":"No"
                },
                  {
                 "ID":[3,45,515],
                "A_Name":"Monastir",
                "Longlat":[10.82,35.78],
                "A_Upop":[12456,15904,23098,31487,51947,71911,109994,136171],
                "Metropole":"No"
                },
                  {
                 "ID":[3,45,736],
                "A_Name":"Gafsa",
                "Longlat":[8.78,34.42],
                "A_Upop":[15250,27543,38042,53999,67122,107427,123183,96595],
                "Metropole":"No"
                },
                  {
                 "ID":[3,45,845],
                "A_Name":"Kasserine",
                "Longlat":[8.837,35.165],
                "A_Upop":[0,0,14484,34631,59631,73104,80685,84455],
                "Metropole":"No"
                },
                  {
                 "ID":[3,45,935],
                "A_Name":"Menzel Bourguiba",
                "Longlat":[9.79,37.16],
                "A_Upop":[31340,34318,37394,47206,62548,64552,71502,77044],
                "Metropole":"No"
                },
                  {
                 "ID":[3,45,998],
                "A_Name":"Zarzis",
                "Longlat":[11.11,33.51],
                "A_Upop":[0,11279,12943,29100,60448,69967,71954,72820],
                "Metropole":"No"
                },
                  {
                 "ID":[3,45,999],
                "A_Name":"Medenine",
                "Longlat":[10.49,33.35],
                "A_Upop":[0,0,10957,21357,34647,52586,67552,72668],
                "Metropole":"No"
                },
                  {
                 "ID":[3,45,1031],
                "A_Name":"Beja",
                "Longlat":[9.182,36.727],
                "A_Upop":[22386,24886,32801,43353,50680,55339,60102,70838],
                "Metropole":"No"
                },
                  {
                 "ID":[3,45,1084],
                "A_Name":"Tataouine",
                "Longlat":[10.45,32.93],
                "A_Upop":[0,0,0,19219,41656,55753,63937,67896],
                "Metropole":"No"
                },
                  {
                 "ID":[3,45,1090],
                "A_Name":"Ben Guerdane",
                "Longlat":[11.22,33.14],
                "A_Upop":[0,0,0,0,10629,31951,63214,67662],
                "Metropole":"No"
                },
                  {
                 "ID":[3,45,1169],
                "A_Name":"Mahdia",
                "Longlat":[11.055,35.505],
                "A_Upop":[0,12828,18356,29389,37202,42520,59573,63641],
                "Metropole":"No"
                },
                  {
                 "ID":[3,45,1283],
                "A_Name":"Jemmal",
                "Longlat":[10.754,35.622],
                "A_Upop":[0,12704,16803,22738,29040,42413,53131,58237],
                "Metropole":"No"
                },
                  {
                 "ID":[3,45,1323],
                "A_Name":"Kelibia",
                "Longlat":[11.09,36.86],
                "A_Upop":[0,0,16288,22166,29084,38623,45435,56556],
                "Metropole":"No"
                },
                  {
                 "ID":[3,45,1341],
                "A_Name":"Le Kef",
                "Longlat":[8.709,36.178],
                "A_Upop":[12496,17942,25302,31539,39282,44129,50865,55957],
                "Metropole":"No"
                },
                  {
                 "ID":[3,45,1515],
                "A_Name":"Sidi Bouzid",
                "Longlat":[9.5,35.04],
                "A_Upop":[0,0,0,13797,27610,37687,44915,49400],
                "Metropole":"No"
                },
                  {
                 "ID":[3,45,1531],
                "A_Name":"Korba",
                "Longlat":[10.87,36.58],
                "A_Upop":[0,0,11293,17623,25827,39439,45961,49052],
                "Metropole":"No"
                },
                  {
                 "ID":[3,45,1663],
                "A_Name":"Jendouba",
                "Longlat":[8.77,36.5],
                "A_Upop":[0,10431,16251,20905,32498,42324,44881,45606],
                "Metropole":"No"
                },
                  {
                 "ID":[3,45,1694],
                "A_Name":"Menzel Temime",
                "Longlat":[10.986,36.78],
                "A_Upop":[0,12144,15560,21524,26670,32138,37318,45068],
                "Metropole":"No"
                },
                  {
                 "ID":[3,45,1802],
                "A_Name":"Hamma",
                "Longlat":[9.797,33.889],
                "A_Upop":[0,0,11046,19451,29996,33791,38891,42503],
                "Metropole":"No"
                },
                  {
                 "ID":[3,45,1964],
                "A_Name":"Ras Jebel",
                "Longlat":[10.13,37.22],
                "A_Upop":[0,10186,11374,14454,19071,23849,27407,39262],
                "Metropole":"No"
                },
                  {
                 "ID":[3,45,2030],
                "A_Name":"Metlaoui",
                "Longlat":[8.405,34.317],
                "A_Upop":[0,0,14944,23954,34804,37471,37734,38255],
                "Metropole":"No"
                },
                  {
                 "ID":[3,45,2045],
                "A_Name":"Tozeur",
                "Longlat":[8.13,33.93],
                "A_Upop":[12263,12764,15216,19391,25957,31055,35394,38010],
                "Metropole":"No"
                },
                  {
                 "ID":[3,45,2273],
                "A_Name":"Mateur",
                "Longlat":[9.665,37.041],
                "A_Upop":[13432,15566,18101,22576,27185,30256,32972,34345],
                "Metropole":"No"
                },
                  {
                 "ID":[3,45,2274],
                "A_Name":"Ksar",
                "Longlat":[8.821,34.427],
                "A_Upop":[0,0,0,0,0,0,0,34336],
                "Metropole":"No"
                },
                  {
                 "ID":[3,45,2433],
                "A_Name":"Siliana",
                "Longlat":[9.371,36.093],
                "A_Upop":[0,0,0,0,17427,23096,28376,32218],
                "Metropole":"No"
                },
                  {
                 "ID":[3,45,2570],
                "A_Name":"Douz",
                "Longlat":[9.022,33.463],
                "A_Upop":[0,0,0,14303,21294,26171,28993,30652],
                "Metropole":"No"
                },
                  {
                 "ID":[3,45,2605],
                "A_Name":"Feriana",
                "Longlat":[8.57,34.95],
                "A_Upop":[0,0,0,11226,17883,22664,27402,30292],
                "Metropole":"No"
                },
                  {
                 "ID":[3,45,2707],
                "A_Name":"Ksour Essef",
                "Longlat":[10.986,35.422],
                "A_Upop":[10523,11821,13446,17281,22139,25334,27816,29174],
                "Metropole":"No"
                },
                  {
                 "ID":[3,45,2708],
                "A_Name":"Jedeida",
                "Longlat":[9.935,36.831],
                "A_Upop":[0,0,0,10429,18200,23016,27105,29169],
                "Metropole":"No"
                },
                  {
                 "ID":[3,45,2837],
                "A_Name":"Tebourba",
                "Longlat":[9.838,36.838],
                "A_Upop":[0,0,0,13082,20142,22920,26212,27980],
                "Metropole":"No"
                },
                  {
                 "ID":[3,45,2839],
                "A_Name":"Benane Bodher",
                "Longlat":[10.834,35.677],
                "A_Upop":[0,0,0,12660,16793,20992,25470,27959],
                "Metropole":"No"
                },
                  {
                 "ID":[3,45,3159],
                "A_Name":"Sbeitla",
                "Longlat":[9.126,35.228],
                "A_Upop":[0,0,0,10124,15624,19481,22846,25177],
                "Metropole":"No"
                },
                  {
                 "ID":[3,45,3170],
                "A_Name":"Gromballia",
                "Longlat":[10.5,36.61],
                "A_Upop":[0,0,0,11057,14278,17532,22067,25050],
                "Metropole":"No"
                },
                  {
                 "ID":[3,45,3195],
                "A_Name":"Redeief",
                "Longlat":[8.15,34.38],
                "A_Upop":[0,0,10947,13222,21522,26445,25457,24917],
                "Metropole":"No"
                },
                  {
                 "ID":[3,45,3282],
                "A_Name":"Jerba Ajim",
                "Longlat":[10.75,33.73],
                "A_Upop":[0,0,0,12708,20936,23396,24245,24309],
                "Metropole":"No"
                },
                  {
                 "ID":[3,45,3308],
                "A_Name":"El Fahs",
                "Longlat":[9.907,36.375],
                "A_Upop":[0,0,0,0,14079,17879,21845,24124],
                "Metropole":"No"
                },
                  {
                 "ID":[3,45,3565],
                "A_Name":"Takelsa",
                "Longlat":[10.63,36.79],
                "A_Upop":[0,0,0,0,0,19635,21376,22550],
                "Metropole":"No"
                },
                  {
                 "ID":[3,45,3571],
                "A_Name":"Chebba",
                "Longlat":[11.115,35.24],
                "A_Upop":[0,0,0,12902,16430,18960,21305,22526],
                "Metropole":"No"
                },
                  {
                 "ID":[3,45,3688],
                "A_Name":"Bou Salem",
                "Longlat":[8.97,36.61],
                "A_Upop":[0,0,0,10184,15052,19170,21039,21831],
                "Metropole":"No"
                },
                  {
                 "ID":[3,45,3689],
                "A_Name":"Nefta",
                "Longlat":[7.88,33.88],
                "A_Upop":[14354,12665,11369,14180,17642,19798,21132,21821],
                "Metropole":"No"
                },
                  {
                 "ID":[3,45,3690],
                "A_Name":"Mediaz El Bab",
                "Longlat":[9.61,36.65],
                "A_Upop":[0,0,0,10815,16554,19456,21132,21820],
                "Metropole":"No"
                },
                  {
                 "ID":[3,45,3718],
                "A_Name":"El Jem",
                "Longlat":[10.71,35.3],
                "A_Upop":[0,0,0,11836,14820,17468,20068,21616],
                "Metropole":"No"
                },
                  {
                 "ID":[3,45,3744],
                "A_Name":"Zaghouan",
                "Longlat":[10.14,36.4],
                "A_Upop":[0,0,0,0,12211,15082,18842,21457],
                "Metropole":"No"
                },
                  {
                 "ID":[3,45,3813],
                "A_Name":"Om Laraies",
                "Longlat":[8.266,34.492],
                "A_Upop":[0,0,0,14857,18081,22190,22545,21091],
                "Metropole":"No"
                },
                  {
                 "ID":[3,45,3856],
                "A_Name":"Kebili",
                "Longlat":[8.97,33.7],
                "A_Upop":[0,0,0,0,14701,17946,19867,20868],
                "Metropole":"No"
                },
                  {
                 "ID":[3,45,3869],
                "A_Name":"Mornaguia",
                "Longlat":[10.018,36.757],
                "A_Upop":[0,0,0,0,0,12183,17079,20793],
                "Metropole":"No"
                },
                  {
                 "ID":[3,45,3956],
                "A_Name":"Tabarka",
                "Longlat":[8.74,36.96],
                "A_Upop":[0,0,0,0,11471,14403,18083,20335],
                "Metropole":"No"
                },
                  {
                 "ID":[3,45,4165],
                "A_Name":"Ghardimaou",
                "Longlat":[8.438,36.45],
                "A_Upop":[0,0,0,10715,15966,19078,19568,19472],
                "Metropole":"No"
                },
                  {
                 "ID":[3,45,4278],
                "A_Name":"Souk El Ahad",
                "Longlat":[8.817,33.783],
                "A_Upop":[0,0,0,0,10397,18451,18667,18981],
                "Metropole":"No"
                },
                  {
                 "ID":[3,45,4306],
                "A_Name":"Tela",
                "Longlat":[8.67,35.58],
                "A_Upop":[0,0,0,10344,13479,14214,16476,18822],
                "Metropole":"No"
                },
                  {
                 "ID":[3,45,4364],
                "A_Name":"Kalaat El Andalous",
                "Longlat":[10.12,37.07],
                "A_Upop":[0,0,0,0,11726,14168,17050,18594],
                "Metropole":"No"
                },
                  {
                 "ID":[3,45,4366],
                "A_Name":"Alia",
                "Longlat":[10.03,37.17],
                "A_Upop":[0,0,0,0,12955,15897,17758,18553],
                "Metropole":"No"
                },
                  {
                 "ID":[3,45,4603],
                "A_Name":"Tajerouine",
                "Longlat":[8.552,35.891],
                "A_Upop":[0,0,0,0,16474,18212,17776,17453],
                "Metropole":"No"
                },
                  {
                 "ID":[3,45,4745],
                "A_Name":"Zeramdine",
                "Longlat":[10.73,35.58],
                "A_Upop":[0,0,0,0,12399,15191,16483,16909],
                "Metropole":"No"
                },
                  {
                 "ID":[3,45,4992],
                "A_Name":"Mahres",
                "Longlat":[10.49,34.53],
                "A_Upop":[0,0,0,0,11454,13842,15339,16052],
                "Metropole":"No"
                },
                  {
                 "ID":[3,45,5119],
                "A_Name":"Kerkenah",
                "Longlat":[11.2,34.705],
                "A_Upop":[0,0,0,14472,14207,14271,15073,15639],
                "Metropole":"No"
                },
                  {
                 "ID":[3,45,5339],
                "A_Name":"Meknassy",
                "Longlat":[9.604,34.604],
                "A_Upop":[0,0,0,0,11169,13470,14372,14902],
                "Metropole":"No"
                },
                  {
                 "ID":[3,45,5587],
                "A_Name":"Guettar",
                "Longlat":[8.953,34.338],
                "A_Upop":[0,0,0,0,12740,13741,13883,14153],
                "Metropole":"No"
                },
                  {
                 "ID":[3,45,5773],
                "A_Name":"Makthar",
                "Longlat":[9.202,35.858],
                "A_Upop":[0,0,0,0,10056,12912,13311,13616],
                "Metropole":"No"
                },
                  {
                 "ID":[3,45,5854],
                "A_Name":"Testour",
                "Longlat":[9.442,36.55],
                "A_Upop":[0,0,0,0,11555,12586,13100,13405],
                "Metropole":"No"
                },
                  {
                 "ID":[3,45,5903],
                "A_Name":"Bou Arada",
                "Longlat":[9.62,36.35],
                "A_Upop":[0,0,0,0,0,11782,12817,13273],
                "Metropole":"No"
                },
                  {
                 "ID":[3,45,5947],
                "A_Name":"Menzel Hayet",
                "Longlat":[10.631,35.54],
                "A_Upop":[0,0,0,0,0,0,11716,13160],
                "Metropole":"No"
                },
                  {
                 "ID":[3,45,6074],
                "A_Name":"M'Dhilla",
                "Longlat":[8.757,34.295],
                "A_Upop":[0,0,0,0,11828,12702,12648,12867],
                "Metropole":"No"
                },
                  {
                 "ID":[3,45,6081],
                "A_Name":"Dahmani",
                "Longlat":[8.826,35.945],
                "A_Upop":[0,0,0,10779,13874,14233,13370,12838],
                "Metropole":"No"
                },
                  {
                 "ID":[3,45,6349],
                "A_Name":"Zriba",
                "Longlat":[10.208,36.352],
                "A_Upop":[0,0,0,0,0,0,10657,12212],
                "Metropole":"No"
                },
                  {
                 "ID":[3,45,6351],
                "A_Name":"Bou Argoub",
                "Longlat":[10.55,36.54],
                "A_Upop":[0,0,0,0,0,0,11322,12209],
                "Metropole":"No"
                },
                  {
                 "ID":[3,45,6395],
                "A_Name":"Sers",
                "Longlat":[9.02,36.08],
                "A_Upop":[0,0,0,0,0,11211,12039,12130],
                "Metropole":"No"
                },
                  {
                 "ID":[3,45,6397],
                "A_Name":"Skhira",
                "Longlat":[10.075,34.297],
                "A_Upop":[0,0,0,0,0,0,10537,12126],
                "Metropole":"No"
                },
                  {
                 "ID":[3,45,6480],
                "A_Name":"Teboursouk",
                "Longlat":[9.245,36.464],
                "A_Upop":[0,0,0,0,11265,11284,11523,11975],
                "Metropole":"No"
                },
                  {
                 "ID":[3,45,6493],
                "A_Name":"Regueb",
                "Longlat":[9.785,34.86],
                "A_Upop":[0,0,0,0,0,0,0,11938],
                "Metropole":"No"
                },
                  {
                 "ID":[3,45,6572],
                "A_Name":"Mareth",
                "Longlat":[10.284,33.621],
                "A_Upop":[0,0,0,0,0,10282,11385,11772],
                "Metropole":"No"
                },
                  {
                 "ID":[3,45,6588],
                "A_Name":"Agareb",
                "Longlat":[10.521,34.744],
                "A_Upop":[0,0,0,0,0,0,10749,11720],
                "Metropole":"No"
                },
                  {
                 "ID":[3,45,6623],
                "A_Name":"Sidi Thabet",
                "Longlat":[10.044,36.91],
                "A_Upop":[0,0,0,0,0,0,10353,11686],
                "Metropole":"No"
                },
                  {
                 "ID":[3,45,6881],
                "A_Name":"Enfidha",
                "Longlat":[10.377,36.132],
                "A_Upop":[0,0,0,0,0,0,10595,11118],
                "Metropole":"No"
                },
                  {
                 "ID":[3,45,7071],
                "A_Name":"Metouia",
                "Longlat":[10.001,33.957],
                "A_Upop":[0,0,0,0,0,0,10417,10812],
                "Metropole":"No"
                },
                  {
                 "ID":[3,45,7100],
                "A_Name":"Hajeb Elayoun",
                "Longlat":[9.543,35.396],
                "A_Upop":[0,0,0,0,0,0,10240,10744],
                "Metropole":"No"
                },
                  {
                 "ID":[3,45,7146],
                "A_Name":"Ghar El Melh",
                "Longlat":[10.185,37.17],
                "A_Upop":[0,0,0,0,0,0,0,10670],
                "Metropole":"No"
                },
                  {
                 "ID":[3,45,7224],
                "A_Name":"Gaafour",
                "Longlat":[9.324,36.327],
                "A_Upop":[0,0,0,0,0,0,0,10531],
                "Metropole":"No"
                },
                  {
                 "ID":[3,45,7281],
                "A_Name":"Sidi Bou Ali",
                "Longlat":[10.47,35.959],
                "A_Upop":[0,0,0,0,0,0,0,10446],
                "Metropole":"No"
                },
                  {
                 "ID":[3,45,7551],
                "A_Name":"Bouficha",
                "Longlat":[10.45,36.3],
                "A_Upop":[0,0,0,0,0,0,0,10090],
                "Metropole":"No"
                },
                  {
                "ID":[3,45,7582],
                "A_Name":"Ouedhref",
                "Longlat":[9.97,33.99],
                "A_Upop":[0,0,0,0,0,0,0,10042],
                "Metropole":"No"
                }]
}