{
    "EN_country":"Uganda",
    "FR_country":"Ouganda",
    "ID":[2,47,0],
    "Upop":[42665,205077,520592,712363,1863070,3387426,5707228],
    "Urbanlevel":[0.01,0.03,0.05,0.06,0.11,0.15,0.18,0.39],
    "Numagglos":[2,5,10,12,37,69,101,125],
    "Mpop":[0.75,0.66,0.65,0.65,0.46,0.43,0.42,0.27],
    "ADBA":[70,115,84,79,36,28,22,21.2],
    "Agglomerations":[
    {
                 "ID":[2,47,18],
                "A_Name":"Kampala",
                "Longlat":[32.596,0.291],
                "A_Upop":[31955,134848,340185,459594,861110,1465531,2420281,3790894],
                "Metropole":"Yes"
                },
                  {
                 "ID":[2,47,36],
                "A_Name":"Mbale",
                "Longlat":[34.385,0.964],
                "A_Upop":[0,14289,23903,28122,52076,66918,88151,2228643],
                "Metropole":"No"
                },
                  {
                 "ID":[2,47,160],
                "A_Name":"Busia [UGA]",
                "Longlat":[34.074,0.402],
                "A_Upop":[0,0,0,0,26315,35777,46463,432228],
                "Metropole":"No"
                },
                  {
                 "ID":[2,47,178],
                "A_Name":"Fort Portal",
                "Longlat":[30.129,0.551],
                "A_Upop":[0,0,0,26830,32337,38969,47250,371418],
                "Metropole":"No"
                },
                  {
                 "ID":[2,47,200],
                "A_Name":"Arua",
                "Longlat":[30.981,3.009],
                "A_Upop":[0,0,10730,0,21153,39945,57136,332828],
                "Metropole":"No"
                },
                  {
                 "ID":[2,47,263],
                "A_Name":"Kapchorwa",
                "Longlat":[34.401,1.315],
                "A_Upop":[0,0,0,0,0,0,11829,255951],
                "Metropole":"No"
                },
                  {
                 "ID":[2,47,266],
                "A_Name":"Kabale",
                "Longlat":[29.976,-1.259],
                "A_Upop":[0,10717,0,21495,27574,41694,45020,251357],
                "Metropole":"No"
                },
                  {
                 "ID":[2,47,272],
                "A_Name":"Jinja",
                "Longlat":[33.191,0.487],
                "A_Upop":[10710,33559,47622,45122,60146,81012,82153,247708],
                "Metropole":"No"
                },
                  {
                 "ID":[2,47,281],
                "A_Name":"Mpondwe/Lhubiriha",
                "Longlat":[29.885,0.074],
                "A_Upop":[0,0,0,0,0,0,0,240412],
                "Metropole":"No"
                },
                  {
                 "ID":[2,47,295],
                "A_Name":"Iganga",
                "Longlat":[33.526,0.562],
                "A_Upop":[0,0,0,0,19288,33658,50605,233560],
                "Metropole":"No"
                },
                  {
                 "ID":[2,47,356],
                "A_Name":"Mbarara",
                "Longlat":[30.737,-0.582],
                "A_Upop":[0,0,16600,23313,39383,62541,96241,198475],
                "Metropole":"No"
                },
                  {
                 "ID":[2,47,363],
                "A_Name":"Masaka",
                "Longlat":[31.776,-0.351],
                "A_Upop":[0,0,13927,29192,47920,58788,77842,194013],
                "Metropole":"No"
                },
                  {
                 "ID":[2,47,373],
                "A_Name":"Gulu",
                "Longlat":[32.279,2.765],
                "A_Upop":[0,0,17867,15030,40840,94259,147741,189709],
                "Metropole":"No"
                },
                  {
                 "ID":[2,47,385],
                "A_Name":"Gisenyi/Kisoro[UGA]",
                "Longlat":[29.523,-1.324],
                "A_Upop":[0,0,0,0,0,0,13483,181744],
                "Metropole":"No"
                },
                  {
                 "ID":[2,47,395],
                "A_Name":"Lira",
                "Longlat":[32.899,2.214],
                "A_Upop":[0,0,0,0,25830,71696,101551,179083],
                "Metropole":"No"
                },
                  {
                 "ID":[2,47,422],
                "A_Name":"Soroti",
                "Longlat":[33.726,1.668],
                "A_Upop":[0,0,12608,15116,38811,41305,57066,166810],
                "Metropole":"No"
                },
                  {
                 "ID":[2,47,453],
                "A_Name":"Yumbe",
                "Longlat":[31.18,3.449],
                "A_Upop":[0,0,0,0,0,14000,28147,155271],
                "Metropole":"No"
                },
                  {
                 "ID":[2,47,497],
                "A_Name":"Hoima",
                "Longlat":[31.344,1.452],
                "A_Upop":[0,0,0,0,0,21954,47033,140877],
                "Metropole":"No"
                },
                  {
                 "ID":[2,47,543],
                "A_Name":"Rukungiri",
                "Longlat":[29.953,-0.802],
                "A_Upop":[0,0,0,0,0,14760,17025,131495],
                "Metropole":"No"
                },
                  {
                 "ID":[2,47,557],
                "A_Name":"Kamuli",
                "Longlat":[33.173,0.92],
                "A_Upop":[0,0,0,0,0,0,14857,125919],
                "Metropole":"No"
                },
                  {
                 "ID":[2,47,567],
                "A_Name":"Njeru",
                "Longlat":[33.15,0.436],
                "A_Upop":[0,0,0,0,33859,49301,64896,124067],
                "Metropole":"No"
                },
                  {
                 "ID":[2,47,569],
                "A_Name":"Buwenge",
                "Longlat":[33.195,0.614],
                "A_Upop":[0,0,0,0,0,11393,18098,123499],
                "Metropole":"No"
                },
                  {
                 "ID":[2,47,578],
                "A_Name":"Bugembe",
                "Longlat":[33.76,0.545],
                "A_Upop":[0,0,0,0,0,11801,22978,121714],
                "Metropole":"No"
                },
                  {
                 "ID":[2,47,601],
                "A_Name":"Lugazi",
                "Longlat":[33.051,0.321],
                "A_Upop":[0,0,0,10451,13398,26554,34642,116013],
                "Metropole":"No"
                },
                  {
                 "ID":[2,47,670],
                "A_Name":"Buyanga",
                "Longlat":[33.672,0.633],
                "A_Upop":[0,0,0,0,22556,31789,43992,105256],
                "Metropole":"No"
                },
                  {
                 "ID":[2,47,679],
                "A_Name":"Kasese",
                "Longlat":[30.084,0.173],
                "A_Upop":[0,0,0,0,18038,43807,74854,103605],
                "Metropole":"No"
                },
                  {
                 "ID":[2,47,724],
                "A_Name":"Mityana",
                "Longlat":[32.052,0.393],
                "A_Upop":[0,0,0,0,20847,32071,39856,97967],
                "Metropole":"No"
                },
                  {
                 "ID":[2,47,734],
                "A_Name":"Masindi",
                "Longlat":[31.723,1.683],
                "A_Upop":[0,0,0,0,10175,21603,48442,96784],
                "Metropole":"No"
                },
                  {
                 "ID":[2,47,766],
                "A_Name":"Kabonera",
                "Longlat":[31.649,-0.406],
                "A_Upop":[0,0,0,0,0,0,31111,92944],
                "Metropole":"No"
                },
                  {
                 "ID":[2,47,792],
                "A_Name":"Koboko [UGA]",
                "Longlat":[30.961,3.419],
                "A_Upop":[0,0,0,0,0,20240,43970,90179],
                "Metropole":"No"
                },
                  {
                 "ID":[2,47,865],
                "A_Name":"Kyampisi",
                "Longlat":[32.791,0.49],
                "A_Upop":[0,0,0,0,23970,29317,38985,83090],
                "Metropole":"No"
                },
                  {
                 "ID":[2,47,928],
                "A_Name":"Luweero",
                "Longlat":[32.49,0.838],
                "A_Upop":[0,0,0,0,10452,20386,30523,77998],
                "Metropole":"No"
                },
                  {
                 "ID":[2,47,1007],
                "A_Name":"Wobulenzi",
                "Longlat":[32.536,0.723],
                "A_Upop":[0,0,0,0,0,15384,23275,72082],
                "Metropole":"No"
                },
                  {
                 "ID":[2,47,1018],
                "A_Name":"Butenga",
                "Longlat":[31.707,-0.234],
                "A_Upop":[0,0,0,0,0,0,41161,71525],
                "Metropole":"No"
                },
                  {
                 "ID":[2,47,1091],
                "A_Name":"Kammengo",
                "Longlat":[32.236,0.172],
                "A_Upop":[0,0,0,0,26518,30342,35414,67598],
                "Metropole":"No"
                },
                  {
                 "ID":[2,47,1147],
                "A_Name":"Mpigi",
                "Longlat":[32.357,0.225],
                "A_Upop":[0,0,0,0,0,0,38875,65027],
                "Metropole":"No"
                },
                  {
                 "ID":[2,47,1156],
                "A_Name":"Bombo",
                "Longlat":[32.555,0.573],
                "A_Upop":[0,0,0,0,0,0,0,64291],
                "Metropole":"No"
                },
                  {
                 "ID":[2,47,1257],
                "A_Name":"Kiboga",
                "Longlat":[31.781,0.899],
                "A_Upop":[0,0,0,0,0,10107,16631,59153],
                "Metropole":"No"
                },
                  {
                 "ID":[2,47,1384],
                "A_Name":"Kangulumira",
                "Longlat":[33.066,0.562],
                "A_Upop":[0,0,0,0,0,0,49583,54106],
                "Metropole":"No"
                },
                  {
                 "ID":[2,47,1463],
                "A_Name":"Buwana",
                "Longlat":[32.108,0.06],
                "A_Upop":[0,0,0,0,30982,39032,46510,51239],
                "Metropole":"No"
                },
                  {
                 "ID":[2,47,1478],
                "A_Name":"Kabulasoke",
                "Longlat":[31.799,0.142],
                "A_Upop":[0,0,0,0,38287,42014,47127,50564],
                "Metropole":"No"
                },
                  {
                 "ID":[2,47,1501],
                "A_Name":"Kumi",
                "Longlat":[33.936,1.489],
                "A_Upop":[0,0,0,0,10821,0,11809,49770],
                "Metropole":"No"
                },
                  {
                 "ID":[2,47,1514],
                "A_Name":"Ibanda",
                "Longlat":[30.494,-0.138],
                "A_Upop":[0,0,0,0,0,15654,27912,49437],
                "Metropole":"No"
                },
                  {
                 "ID":[2,47,1519],
                "A_Name":"Pallisa",
                "Longlat":[33.712,1.175],
                "A_Upop":[0,0,0,0,0,16097,30529,49320],
                "Metropole":"No"
                },
                  {
                 "ID":[2,47,1552],
                "A_Name":"Busowa",
                "Longlat":[33.693,0.604],
                "A_Upop":[0,0,0,0,0,0,41141,48560],
                "Metropole":"No"
                },
                  {
                 "ID":[2,47,1554],
                "A_Name":"Kityerera",
                "Longlat":[33.537,0.327],
                "A_Upop":[0,0,0,0,0,0,51518,48546],
                "Metropole":"No"
                },
                  {
                 "ID":[2,47,1557],
                "A_Name":"Mubende",
                "Longlat":[31.383,0.56],
                "A_Upop":[0,0,0,0,0,14442,24368,48507],
                "Metropole":"No"
                },
                  {
                 "ID":[2,47,1594],
                "A_Name":"Kalisizo",
                "Longlat":[31.624,-0.549],
                "A_Upop":[0,0,0,0,0,15788,26417,47218],
                "Metropole":"No"
                },
                  {
                 "ID":[2,47,1600],
                "A_Name":"Najja",
                "Longlat":[33.138,0.282],
                "A_Upop":[0,0,0,0,0,0,39349,47105],
                "Metropole":"No"
                },
                  {
                 "ID":[2,47,1641],
                "A_Name":"Bweyale",
                "Longlat":[32.15,1.945],
                "A_Upop":[0,0,0,0,0,0,0,46168],
                "Metropole":"No"
                },
                  {
                 "ID":[2,47,1655],
                "A_Name":"Nkonkonjeru",
                "Longlat":[32.916,0.245],
                "A_Upop":[0,0,0,0,0,10512,12282,45863],
                "Metropole":"No"
                },
                  {
                 "ID":[2,47,1685],
                "A_Name":"Kitgum",
                "Longlat":[32.897,3.293],
                "A_Upop":[0,0,0,0,0,31429,53003,45169],
                "Metropole":"No"
                },
                  {
                 "ID":[2,47,1689],
                "A_Name":"Gangama",
                "Longlat":[32.985,0.643],
                "A_Upop":[0,0,0,0,0,0,42321,45113],
                "Metropole":"No"
                },
                  {
                 "ID":[2,47,1716],
                "A_Name":"Kihihi",
                "Longlat":[29.7,-0.744],
                "A_Upop":[0,0,0,0,0,0,18863,44445],
                "Metropole":"No"
                },
                  {
                 "ID":[2,47,1742],
                "A_Name":"Nkozi",
                "Longlat":[32.048,0.006],
                "A_Upop":[0,0,0,0,23865,29400,37870,43937],
                "Metropole":"No"
                },
                  {
                 "ID":[2,47,1757],
                "A_Name":"Kigandalo",
                "Longlat":[33.702,0.497],
                "A_Upop":[0,0,0,0,0,0,36316,43514],
                "Metropole":"No"
                },
                  {
                 "ID":[2,47,1776],
                "A_Name":"Adjumani",
                "Longlat":[31.788,3.369],
                "A_Upop":[0,0,0,0,0,13126,32889,43272],
                "Metropole":"No"
                },
                  {
                 "ID":[2,47,1812],
                "A_Name":"Kayunga",
                "Longlat":[32.903,0.711],
                "A_Upop":[0,0,0,0,0,0,39373,42243],
                "Metropole":"No"
                },
                  {
                 "ID":[2,47,1836],
                "A_Name":"Luga",
                "Longlat":[32.805,0.232],
                "A_Upop":[0,0,0,0,0,10512,12282,41678],
                "Metropole":"No"
                },
                  {
                 "ID":[2,47,1879],
                "A_Name":"Kabwohe-Itendero",
                "Longlat":[30.382,-0.581],
                "A_Upop":[0,0,0,0,0,12921,18202,40664],
                "Metropole":"No"
                },
                  {
                 "ID":[2,47,1919],
                "A_Name":"Kyotera",
                "Longlat":[31.548,-0.61],
                "A_Upop":[0,0,0,0,0,0,0,39902],
                "Metropole":"No"
                },
                  {
                 "ID":[2,47,1934],
                "A_Name":"Nagongera",
                "Longlat":[34.03,0.771],
                "A_Upop":[0,0,0,0,0,0,11436,39679],
                "Metropole":"No"
                },
                  {
                 "ID":[2,47,1950],
                "A_Name":"Ishaka",
                "Longlat":[30.137,-0.544],
                "A_Upop":[0,0,0,0,0,0,0,39432],
                "Metropole":"No"
                },
                  {
                 "ID":[2,47,2038],
                "A_Name":"Nabbaale",
                "Longlat":[32.794,0.545],
                "A_Upop":[0,0,0,0,0,0,33587,38111],
                "Metropole":"No"
                },
                  {
                 "ID":[2,47,2059],
                "A_Name":"Waibuga",
                "Longlat":[33.402,0.544],
                "A_Upop":[0,0,0,0,20356,28328,34395,37713],
                "Metropole":"No"
                },
                  {
                 "ID":[2,47,2105],
                "A_Name":"Kagadi",
                "Longlat":[30.813,0.937],
                "A_Upop":[0,0,0,0,0,12905,20135,36659],
                "Metropole":"No"
                },
                  {
                 "ID":[2,47,2147],
                "A_Name":"Moyo",
                "Longlat":[31.722,3.655],
                "A_Upop":[0,0,0,0,0,11060,17886,35847],
                "Metropole":"No"
                },
                  {
                 "ID":[2,47,2148],
                "A_Name":"Nebbi",
                "Longlat":[31.099,2.484],
                "A_Upop":[0,0,0,0,0,18498,28883,35834],
                "Metropole":"No"
                },
                  {
                 "ID":[2,47,2187],
                "A_Name":"Semuto",
                "Longlat":[32.29,0.599],
                "A_Upop":[0,0,0,0,0,0,0,35364],
                "Metropole":"No"
                },
                  {
                 "ID":[2,47,2209],
                "A_Name":"Baitambogwe",
                "Longlat":[33.346,0.524],
                "A_Upop":[0,0,0,0,0,0,30514,35027],
                "Metropole":"No"
                },
                  {
                 "ID":[2,47,2280],
                "A_Name":"Paidha",
                "Longlat":[31.03,2.377],
                "A_Upop":[0,0,0,0,10497,20953,29935,34226],
                "Metropole":"No"
                },
                  {
                 "ID":[2,47,2354],
                "A_Name":"Kakira",
                "Longlat":[33.284,0.502],
                "A_Upop":[0,0,0,0,0,0,10777,33221],
                "Metropole":"No"
                },
                  {
                 "ID":[2,47,2376],
                "A_Name":"Biemba",
                "Longlat":[33.465,0.426],
                "A_Upop":[0,0,0,0,0,0,29428,32906],
                "Metropole":"No"
                },
                  {
                 "ID":[2,47,2411],
                "A_Name":"Busolwe",
                "Longlat":[33.926,0.847],
                "A_Upop":[0,0,0,0,0,0,0,32498],
                "Metropole":"No"
                },
                  {
                 "ID":[2,47,2781],
                "A_Name":"Amolatar",
                "Longlat":[32.851,1.714],
                "A_Upop":[0,0,0,0,0,10534,13351,28510],
                "Metropole":"No"
                },
                  {
                 "ID":[2,47,3174],
                "A_Name":"Bushenyi",
                "Longlat":[30.191,-0.54],
                "A_Upop":[0,0,0,0,13377,20458,25476,25024],
                "Metropole":"No"
                },
                  {
                 "ID":[2,47,3266],
                "A_Name":"Lukaya",
                "Longlat":[31.865,-0.164],
                "A_Upop":[0,0,0,0,0,12351,16545,24432],
                "Metropole":"No"
                },
                  {
                 "ID":[2,47,3295],
                "A_Name":"Kyenjojo",
                "Longlat":[30.644,0.611],
                "A_Upop":[0,0,0,0,0,11032,20168,24226],
                "Metropole":"No"
                },
                  {
                 "ID":[2,47,3315],
                "A_Name":"Muhorro",
                "Longlat":[30.772,0.921],
                "A_Upop":[0,0,0,0,0,0,0,24081],
                "Metropole":"No"
                },
                  {
                 "ID":[2,47,3474],
                "A_Name":"Katende",
                "Longlat":[32.378,0.246],
                "A_Upop":[0,0,0,0,0,0,18115,23123],
                "Metropole":"No"
                },
                  {
                 "ID":[2,47,3512],
                "A_Name":"Pakwach",
                "Longlat":[31.498,2.464],
                "A_Upop":[0,0,0,0,0,14295,21512,22909],
                "Metropole":"No"
                },
                  {
                 "ID":[2,47,3586],
                "A_Name":"Ishongororo",
                "Longlat":[30.511,0.04],
                "A_Upop":[0,0,0,0,0,0,0,22478],
                "Metropole":"No"
                },
                  {
                 "ID":[2,47,3639],
                "A_Name":"Buliisa",
                "Longlat":[31.398,2.158],
                "A_Upop":[0,0,0,0,0,18917,20544,22180],
                "Metropole":"No"
                },
                  {
                 "ID":[2,47,3970],
                "A_Name":"Dokolo",
                "Longlat":[33.162,1.91],
                "A_Upop":[0,0,0,0,0,12616,17457,20278],
                "Metropole":"No"
                },
                  {
                 "ID":[2,47,4002],
                "A_Name":"Butaleja",
                "Longlat":[33.956,0.921],
                "A_Upop":[0,0,0,0,0,0,12357,20115],
                "Metropole":"No"
                },
                  {
                 "ID":[2,47,4074],
                "A_Name":"Kamwenge",
                "Longlat":[30.45,0.181],
                "A_Upop":[0,0,0,0,0,0,16365,19847],
                "Metropole":"No"
                },
                  {
                 "ID":[2,47,4212],
                "A_Name":"Namutumba",
                "Longlat":[33.683,0.837],
                "A_Upop":[0,0,0,0,0,0,11367,19268],
                "Metropole":"No"
                },
                  {
                 "ID":[2,47,4214],
                "A_Name":"Bundibugyo",
                "Longlat":[30.063,0.709],
                "A_Upop":[0,0,0,0,0,12307,19360,19267],
                "Metropole":"No"
                },
                  {
                 "ID":[2,47,4231],
                "A_Name":"Bulo",
                "Longlat":[31.999,0.121],
                "A_Upop":[0,0,0,0,13478,15496,17773,19167],
                "Metropole":"No"
                },
                  {
                 "ID":[2,47,4234],
                "A_Name":"Kigumba",
                "Longlat":[32.01,1.81],
                "A_Upop":[0,0,0,0,0,0,0,19144],
                "Metropole":"No"
                },
                  {
                 "ID":[2,47,4359],
                "A_Name":"Malaba [UGA]",
                "Longlat":[34.262,0.643],
                "A_Upop":[0,0,0,0,0,0,13671,18605],
                "Metropole":"No"
                },
                  {
                 "ID":[2,47,4647],
                "A_Name":"Kaliro",
                "Longlat":[33.501,0.896],
                "A_Upop":[0,0,0,0,0,0,13446,17289],
                "Metropole":"No"
                },
                  {
                 "ID":[2,47,4772],
                "A_Name":"Kabuyanda",
                "Longlat":[30.625,-0.948],
                "A_Upop":[0,0,0,0,0,0,0,16815],
                "Metropole":"No"
                },
                  {
                 "ID":[2,47,4981],
                "A_Name":"Namayumba",
                "Longlat":[32.268,0.52],
                "A_Upop":[0,0,0,0,0,0,0,16079],
                "Metropole":"No"
                },
                  {
                 "ID":[2,47,5117],
                "A_Name":"Kyanzaga",
                "Longlat":[31.32,-0.388],
                "A_Upop":[0,0,0,0,0,0,0,15643],
                "Metropole":"No"
                },
                  {
                 "ID":[2,47,5118],
                "A_Name":"Lwengo",
                "Longlat":[31.46,-0.392],
                "A_Upop":[0,0,0,0,0,0,0,15639],
                "Metropole":"No"
                },
                  {
                 "ID":[2,47,5124],
                "A_Name":"Masulita",
                "Longlat":[32.365,0.513],
                "A_Upop":[0,0,0,0,0,0,0,15610],
                "Metropole":"No"
                },
                  {
                 "ID":[2,47,5209],
                "A_Name":"Kanungu",
                "Longlat":[29.78,-0.878],
                "A_Upop":[0,0,0,0,0,11107,14948,15339],
                "Metropole":"No"
                },
                  {
                 "ID":[2,47,5211],
                "A_Name":"Gombe",
                "Longlat":[32.099,0.175],
                "A_Upop":[0,0,0,0,0,0,0,15333],
                "Metropole":"No"
                },
                  {
                 "ID":[2,47,5268],
                "A_Name":"Katooke",
                "Longlat":[30.702,0.743],
                "A_Upop":[0,0,0,0,0,0,0,15125],
                "Metropole":"No"
                },
                  {
                 "ID":[2,47,5274],
                "A_Name":"Moroto",
                "Longlat":[34.655,2.531],
                "A_Upop":[0,0,0,0,10140,0,11690,15108],
                "Metropole":"No"
                },
                  {
                 "ID":[2,47,5350],
                "A_Name":"Apac",
                "Longlat":[32.53,1.981],
                "A_Upop":[0,0,0,0,0,0,13212,14894],
                "Metropole":"No"
                },
                  {
                 "ID":[2,47,5377],
                "A_Name":"Busembatia",
                "Longlat":[33.62,0.784],
                "A_Upop":[0,0,0,0,0,0,14565,14776],
                "Metropole":"No"
                },
                  {
                 "ID":[2,47,5412],
                "A_Name":"Anaka",
                "Longlat":[31.95,2.601],
                "A_Upop":[0,0,0,0,0,0,0,14681],
                "Metropole":"No"
                },
                  {
                 "ID":[2,47,5514],
                "A_Name":"Kotido",
                "Longlat":[34.112,3.007],
                "A_Upop":[0,0,0,0,0,11010,18815,14366],
                "Metropole":"No"
                },
                  {
                 "ID":[2,47,5540],
                "A_Name":"Pader",
                "Longlat":[33.091,2.878],
                "A_Upop":[0,0,0,0,0,0,12562,14283],
                "Metropole":"No"
                },
                  {
                 "ID":[2,47,5674],
                "A_Name":"Lyantonde",
                "Longlat":[31.157,-0.405],
                "A_Upop":[0,0,0,0,0,0,0,13912],
                "Metropole":"No"
                },
                  {
                 "ID":[2,47,5794],
                "A_Name":"Nkombe",
                "Longlat":[33.414,0.439],
                "A_Upop":[0,0,0,0,0,0,0,13559],
                "Metropole":"No"
                },
                  {
                 "ID":[2,47,5797],
                "A_Name":"Rubaare",
                "Longlat":[30.169,-1],
                "A_Upop":[0,0,0,0,0,0,0,13550],
                "Metropole":"No"
                },
                  {
                 "ID":[2,47,5935],
                "A_Name":"Hima",
                "Longlat":[30.178,0.296],
                "A_Upop":[0,0,0,0,0,15346,23649,13190],
                "Metropole":"No"
                },
                  {
                 "ID":[2,47,6127],
                "A_Name":"Zombo",
                "Longlat":[30.908,2.513],
                "A_Upop":[0,0,0,0,0,0,0,12718],
                "Metropole":"No"
                },
                  {
                 "ID":[2,47,6179],
                "A_Name":"Kanoni",
                "Longlat":[31.912,0.177],
                "A_Upop":[0,0,0,0,0,0,0,12586],
                "Metropole":"No"
                },
                  {
                 "ID":[2,47,6380],
                "A_Name":"Oyam",
                "Longlat":[32.388,2.232],
                "A_Upop":[0,0,0,0,0,10114,13225,12148],
                "Metropole":"No"
                },
                  {
                 "ID":[2,47,6441],
                "A_Name":"Amudat",
                "Longlat":[34.945,1.952],
                "A_Upop":[0,0,0,0,0,0,0,12037],
                "Metropole":"No"
                },
                  {
                 "ID":[2,47,6569],
                "A_Name":"Kaboong",
                "Longlat":[34.137,3.51],
                "A_Upop":[0,0,0,0,0,22053,18515,11783],
                "Metropole":"No"
                },
                  {
                 "ID":[2,47,6585],
                "A_Name":"Patongo",
                "Longlat":[33.305,2.756],
                "A_Upop":[0,0,0,0,0,0,0,11740],
                "Metropole":"No"
                },
                  {
                 "ID":[2,47,6624],
                "A_Name":"Kalongo",
                "Longlat":[33.37,3.039],
                "A_Upop":[0,0,0,0,0,0,13225,11683],
                "Metropole":"No"
                },
                  {
                 "ID":[2,47,6807],
                "A_Name":"Kiwoko",
                "Longlat":[32.365,0.842],
                "A_Upop":[0,0,0,0,0,0,0,11290],
                "Metropole":"No"
                },
                  {
                 "ID":[2,47,7158],
                "A_Name":"Namasale",
                "Longlat":[32.615,1.495],
                "A_Upop":[0,0,0,0,0,0,0,10646],
                "Metropole":"No"
                },
                  {
                 "ID":[2,47,7209],
                "A_Name":"Mateete",
                "Longlat":[31.483,-0.244],
                "A_Upop":[0,0,0,0,0,0,0,10567],
                "Metropole":"No"
                },
                  {
                 "ID":[2,47,7211],
                "A_Name":"Ntwetwe",
                "Longlat":[31.609,0.946],
                "A_Upop":[0,0,0,0,0,0,0,10561],
                "Metropole":"No"
                },
                  {
                 "ID":[2,47,7236],
                "A_Name":"Luuka",
                "Longlat":[33.329,0.759],
                "A_Upop":[0,0,0,0,0,0,0,10506],
                "Metropole":"No"
                },
                  {
                 "ID":[2,47,7265],
                "A_Name":"Butogota",
                "Longlat":[29.638,-0.885],
                "A_Upop":[0,0,0,0,0,0,0,10482],
                "Metropole":"No"
                },
                  {
                 "ID":[2,47,7369],
                "A_Name":"Kakumiro",
                "Longlat":[31.321,0.784],
                "A_Upop":[0,0,0,0,0,0,0,10328],
                "Metropole":"No"
                },
                  {
                 "ID":[2,47,7503],
                "A_Name":"Katuna",
                "Longlat":[29.985,-1.435],
                "A_Upop":[0,0,0,0,0,0,0,10152],
                "Metropole":"No"
                },
                  {
                 "ID":[2,47,7643],
                "A_Name":"Nabweru",
                "Longlat":[32.535,0.392],
                "A_Upop":[0,0,0,0,46130,91388,0,0],
                "Metropole":"No"
                },
                  {
                 "ID":[2,47,7670],
                "A_Name":"Wakiso",
                "Longlat":[32.51,0.4],
                "A_Upop":[0,0,0,0,52235,62829,0,0],
                "Metropole":"No"
                },
                  {
                 "ID":[2,47,8092],
                "A_Name":"Wakiso",
                "Longlat":[32.472,0.4],
                "A_Upop":[0,0,0,0,0,10960,0,0],
                "Metropole":"No"
                },
                  {
                 "ID":[2,47,8259],
                "A_Name":"Nsangi",
                "Longlat":[32.476,0.272],
                "A_Upop":[0,0,0,0,43191,0,0,0],
                "Metropole":"No"
                },
                  {
                 "ID":[2,47,9070],
                "A_Name":"Entebbe",
                "Longlat":[32.467,0.067],
                "A_Upop":[0,11664,21113,21354,40388,54128,72448,0],
                "Metropole":"No"
                },
                  {
                 "ID":[2,47,9071],
                "A_Name":"Tororo",
                "Longlat":[34.179038,0.6932],
                "A_Upop":[0,0,16039,16744,26429,39008,41423,0],
                "Metropole":"No"
                },
                  {
                 "ID":[2,47,9072],
                "A_Name":"Nakaloke",
                "Longlat":[34.18244,1.133323],
                "A_Upop":[0,0,0,0,0,0,19613,0],
                "Metropole":"No"
                },
                  {
                 "ID":[2,47,9073],
                "A_Name":"Sironko",
                "Longlat":[34.240575,1.228287],
                "A_Upop":[0,0,0,0,0,0,14286,0],
                "Metropole":"No"
                },
                  {
                 "ID":[2,47,9074],
                "A_Name":"Malaba",
                "Longlat":[34.26244,0.642738],
                "A_Upop":[0,0,0,0,0,0,13671,0],
                "Metropole":"No"
                },
                  {
                 "ID":[2,47,9075],
                "A_Name":"Mayuge",
                "Longlat":[33.479701,0.459238],
                "A_Upop":[0,0,0,0,0,0,12131,0],
                "Metropole":"No"
                },
                  {
                 "ID":[2,47,9076],
                "A_Name":"Bombo",
                "Longlat":[30.909992,3.031445],
                "A_Upop":[0,0,0,0,10297,11973,19655,0],
                "Metropole":"No"
                },
                  {
                 "ID":[2,47,9077],
                "A_Name":"Manafwa",
                "Longlat":[34.277726,0.954274],
                "A_Upop":[0,0,0,0,0,10911,14569,0],
                "Metropole":"No"
                },
                  {
                "ID":[2,47,9078],
                "A_Name":"Budaka",
                "Longlat":[33.958551,1.016845],
                "A_Upop":[0,0,0,0,0,14431,16268,0],
                "Metropole":"No"
                }]
}