{
    "EN_country":"Zambia",
    "FR_country":"Zambie",
    "ID":[4,49,0],
    "Upop":[306100,610525,1127741,2052947,2472077,3447020,5245607],
    "Urbanlevel":[0.13,0.19,0.27,0.36,0.33,0.34,0.4,0.44],
    "Numagglos":[8,9,14,23,25,41,58,80],
    "Mpop":[0.13,0.19,0.23,0.26,0.31,0.34,0.37,0.35],
    "ADBA":[95,84,109,93,99,74,70,56],
    "Agglomerations":[
    {
                 "ID":[4,49,31],
                "A_Name":"Lusaka",
                "Longlat":[28.279,-15.413],
                "A_Upop":[39300,113124,256652,535830,769353,1179250,1930481,2426689],
                "Metropole":"Yes"
                },
                  {
                 "ID":[4,49,112],
                "A_Name":"Kitwe",
                "Longlat":[28.212,-12.81],
                "A_Upop":[63600,107802,186033,266286,288602,363734,501360,601203],
                "Metropole":"No"
                },
                  {
                 "ID":[4,49,136],
                "A_Name":"Ndola",
                "Longlat":[28.616,-12.986],
                "A_Upop":[38300,88223,159740,281315,329228,374757,451246,516129],
                "Metropole":"No"
                },
                  {
                 "ID":[4,49,303],
                "A_Name":"Kabwe",
                "Longlat":[28.445,-14.44],
                "A_Upop":[23700,43075,71713,136006,154318,176758,202360,226870],
                "Metropole":"No"
                },
                  {
                 "ID":[4,49,325],
                "A_Name":"Chingola",
                "Longlat":[27.874,-12.56],
                "A_Upop":[21900,50218,95833,130875,142383,147448,185246,215255],
                "Metropole":"No"
                },
                  {
                 "ID":[4,49,407],
                "A_Name":"Mufulira",
                "Longlat":[28.253,-12.556],
                "A_Upop":[40000,74123,104018,135535,123936,122336,151309,174818],
                "Metropole":"No"
                },
                  {
                 "ID":[4,49,439],
                "A_Name":"Livingstone",
                "Longlat":[25.856,-17.841],
                "A_Upop":[24600,35205,44577,63275,76875,97488,134349,161094],
                "Metropole":"No"
                },
                  {
                 "ID":[4,49,483],
                "A_Name":"Chipata",
                "Longlat":[32.636,-13.633],
                "A_Upop":[0,0,14430,32291,52213,73110,116627,145917],
                "Metropole":"No"
                },
                  {
                 "ID":[4,49,485],
                "A_Name":"Luanshya",
                "Longlat":[28.377,-13.147],
                "A_Upop":[54700,71177,92180,110907,118143,115579,130076,144798],
                "Metropole":"No"
                },
                  {
                 "ID":[4,49,558],
                "A_Name":"Solwezi",
                "Longlat":[26.404,-12.171],
                "A_Upop":[0,0,0,15032,23435,34068,90856,125740],
                "Metropole":"No"
                },
                  {
                 "ID":[4,49,576],
                "A_Name":"Kasama",
                "Longlat":[31.182,-10.227],
                "A_Upop":[0,0,0,38093,47653,74243,101845,121940],
                "Metropole":"No"
                },
                  {
                 "ID":[4,49,693],
                "A_Name":"Mansa",
                "Longlat":[28.909,-11.206],
                "A_Upop":[0,0,0,34801,37882,41059,78153,101963],
                "Metropole":"No"
                },
                  {
                 "ID":[4,49,752],
                "A_Name":"Chililabombwe",
                "Longlat":[27.842,-12.366],
                "A_Upop":[0,27578,41101,54737,48055,54504,77818,94344],
                "Metropole":"No"
                },
                  {
                 "ID":[4,49,801],
                "A_Name":"Kafue",
                "Longlat":[28.187,-15.768],
                "A_Upop":[0,0,12551,29794,43801,45890,71573,89008],
                "Metropole":"No"
                },
                  {
                 "ID":[4,49,805],
                "A_Name":"Mazabuka",
                "Longlat":[27.75,-15.855],
                "A_Upop":[0,0,0,29602,24596,47148,71700,88546],
                "Metropole":"No"
                },
                  {
                 "ID":[4,49,817],
                "A_Name":"Chongwe",
                "Longlat":[28.646,-15.326],
                "A_Upop":[0,0,0,0,0,0,12160,86479],
                "Metropole":"No"
                },
                  {
                 "ID":[4,49,1206],
                "A_Name":"Nakonde",
                "Longlat":[32.758,-9.319],
                "A_Upop":[0,0,0,0,0,0,41836,61249],
                "Metropole":"No"
                },
                  {
                 "ID":[4,49,1220],
                "A_Name":"Choma",
                "Longlat":[26.978,-16.803],
                "A_Upop":[0,0,12364,17943,30143,40405,51842,60693],
                "Metropole":"No"
                },
                  {
                 "ID":[4,49,1325],
                "A_Name":"Kapiri Mposhi",
                "Longlat":[28.666,-13.951],
                "A_Upop":[0,0,0,13677,13540,27219,44783,56480],
                "Metropole":"No"
                },
                  {
                 "ID":[4,49,1350],
                "A_Name":"Mongu",
                "Longlat":[23.154,-15.265],
                "A_Upop":[0,0,10479,24919,29302,44310,49818,55433],
                "Metropole":"No"
                },
                  {
                 "ID":[4,49,1380],
                "A_Name":"Chibuluma",
                "Longlat":[28.09,-12.844],
                "A_Upop":[0,0,26070,52146,31474,52770,51863,54207],
                "Metropole":"No"
                },
                  {
                 "ID":[4,49,1496],
                "A_Name":"Monze",
                "Longlat":[27.475,-16.281],
                "A_Upop":[0,0,0,13141,15910,24603,39752,49902],
                "Metropole":"No"
                },
                  {
                 "ID":[4,49,1522],
                "A_Name":"Mpika",
                "Longlat":[31.405,-11.847],
                "A_Upop":[0,0,0,14375,20950,25856,39724,49197],
                "Metropole":"No"
                },
                  {
                 "ID":[4,49,1589],
                "A_Name":"Nchelenge",
                "Longlat":[28.745,-9.352],
                "A_Upop":[0,0,0,0,15436,20709,36894,47435],
                "Metropole":"No"
                },
                  {
                 "ID":[4,49,1795],
                "A_Name":"Lukwese",
                "Longlat":[28.645,-10.184],
                "A_Upop":[0,0,0,0,0,0,0,42672],
                "Metropole":"No"
                },
                  {
                 "ID":[4,49,1820],
                "A_Name":"Mpulungu",
                "Longlat":[31.116,-8.767],
                "A_Upop":[0,0,0,0,0,0,29103,42083],
                "Metropole":"No"
                },
                  {
                 "ID":[4,49,1869],
                "A_Name":"Mwatishi",
                "Longlat":[28.855,-9.169],
                "A_Upop":[0,0,0,0,0,0,0,40896],
                "Metropole":"No"
                },
                  {
                 "ID":[4,49,1959],
                "A_Name":"Petauke",
                "Longlat":[31.327,-14.252],
                "A_Upop":[0,0,0,0,0,14578,29728,39333],
                "Metropole":"No"
                },
                  {
                 "ID":[4,49,2061],
                "A_Name":"Mwasabobmbwe",
                "Longlat":[28.761,-9.814],
                "A_Upop":[0,0,0,0,0,0,30046,37665],
                "Metropole":"No"
                },
                  {
                 "ID":[4,49,2308],
                "A_Name":"Chambishi",
                "Longlat":[28.065,-12.631],
                "A_Upop":[0,0,0,0,0,0,24152,33903],
                "Metropole":"No"
                },
                  {
                 "ID":[4,49,2724],
                "A_Name":"Mbala",
                "Longlat":[31.364,-8.848],
                "A_Upop":[0,0,0,11179,11116,16936,24010,29046],
                "Metropole":"No"
                },
                  {
                 "ID":[4,49,3000],
                "A_Name":"Kapoya/Kasembe",
                "Longlat":[29.029,-8.545],
                "A_Upop":[0,0,0,0,0,0,0,26486],
                "Metropole":"No"
                },
                  {
                 "ID":[4,49,3034],
                "A_Name":"Luwingu",
                "Longlat":[29.923,-10.256],
                "A_Upop":[0,0,0,0,0,0,10766,26182],
                "Metropole":"No"
                },
                  {
                 "ID":[4,49,3199],
                "A_Name":"Kaoma",
                "Longlat":[24.806,-14.817],
                "A_Upop":[0,0,0,0,0,12363,19851,24879],
                "Metropole":"No"
                },
                  {
                 "ID":[4,49,3215],
                "A_Name":"Mkushi",
                "Longlat":[29.393,-13.615],
                "A_Upop":[0,0,0,0,0,10597,19196,24774],
                "Metropole":"No"
                },
                  {
                 "ID":[4,49,3252],
                "A_Name":"Kabompo",
                "Longlat":[24.206,-13.598],
                "A_Upop":[0,0,0,0,0,0,0,24559],
                "Metropole":"No"
                },
                  {
                 "ID":[4,49,3357],
                "A_Name":"Mumbwa",
                "Longlat":[27.067,-14.972],
                "A_Upop":[0,0,0,0,11015,15949,20390,23841],
                "Metropole":"No"
                },
                  {
                 "ID":[4,49,3366],
                "A_Name":"Zambezi",
                "Longlat":[23.127,-13.553],
                "A_Upop":[0,0,0,0,0,0,10299,23769],
                "Metropole":"No"
                },
                  {
                 "ID":[4,49,3372],
                "A_Name":"Mwense",
                "Longlat":[28.704,-10.387],
                "A_Upop":[0,0,0,0,0,0,16271,23722],
                "Metropole":"No"
                },
                  {
                 "ID":[4,49,3396],
                "A_Name":"Serenje",
                "Longlat":[30.233,-13.229],
                "A_Upop":[0,0,0,0,0,0,17754,23558],
                "Metropole":"No"
                },
                  {
                 "ID":[4,49,3408],
                "A_Name":"Roan",
                "Longlat":[28.323,-13.103],
                "A_Upop":[0,0,0,0,0,32495,25697,23500],
                "Metropole":"No"
                },
                  {
                 "ID":[4,49,3491],
                "A_Name":"Mpokoroso",
                "Longlat":[30.121,-9.383],
                "A_Upop":[0,0,0,0,0,0,15556,23033],
                "Metropole":"No"
                },
                  {
                 "ID":[4,49,3503],
                "A_Name":"Katete",
                "Longlat":[32.037,-14.052],
                "A_Upop":[0,0,0,0,0,10413,17998,22976],
                "Metropole":"No"
                },
                  {
                 "ID":[4,49,3636],
                "A_Name":"Samfya",
                "Longlat":[29.456,-11.361],
                "A_Upop":[0,0,0,11188,12718,17622,19907,22195],
                "Metropole":"No"
                },
                  {
                 "ID":[4,49,3764],
                "A_Name":"Kaputa",
                "Longlat":[29.667,-8.487],
                "A_Upop":[0,0,0,0,0,0,0,21354],
                "Metropole":"No"
                },
                  {
                 "ID":[4,49,3779],
                "A_Name":"Isoka",
                "Longlat":[32.632,-10.151],
                "A_Upop":[0,0,0,0,0,11488,17295,21298],
                "Metropole":"No"
                },
                  {
                 "ID":[4,49,3958],
                "A_Name":"Lundazi",
                "Longlat":[33.169,-12.295],
                "A_Upop":[0,0,0,0,0,0,15902,20322],
                "Metropole":"No"
                },
                  {
                 "ID":[4,49,3985],
                "A_Name":"Loloma",
                "Longlat":[24.339,-13.413],
                "A_Upop":[0,0,0,0,0,10769,12760,20182],
                "Metropole":"No"
                },
                  {
                 "ID":[4,49,4220],
                "A_Name":"Mwinilunga",
                "Longlat":[24.427,-11.726],
                "A_Upop":[0,0,0,0,0,10606,15704,19246],
                "Metropole":"No"
                },
                  {
                 "ID":[4,49,4336],
                "A_Name":"Chirundu",
                "Longlat":[28.846,-16.029],
                "A_Upop":[0,0,0,0,0,0,13585,18689],
                "Metropole":"No"
                },
                  {
                 "ID":[4,49,4343],
                "A_Name":"Zimba",
                "Longlat":[26.197,-17.32],
                "A_Upop":[0,0,0,0,0,0,12669,18660],
                "Metropole":"No"
                },
                  {
                 "ID":[4,49,4353],
                "A_Name":"Mununga",
                "Longlat":[29.04,-9.047],
                "A_Upop":[0,0,0,0,0,0,0,18612],
                "Metropole":"No"
                },
                  {
                 "ID":[4,49,4368],
                "A_Name":"Kalomo",
                "Longlat":[26.481,-17.032],
                "A_Upop":[0,0,0,0,0,11004,15394,18546],
                "Metropole":"No"
                },
                  {
                 "ID":[4,49,4431],
                "A_Name":"Itezhi-Tezhi",
                "Longlat":[26.054,-15.735],
                "A_Upop":[0,0,0,0,0,0,13858,18293],
                "Metropole":"No"
                },
                  {
                 "ID":[4,49,4492],
                "A_Name":"Chinsali",
                "Longlat":[32.08,-10.545],
                "A_Upop":[0,0,0,0,0,11507,15198,17971],
                "Metropole":"No"
                },
                  {
                 "ID":[4,49,4508],
                "A_Name":"Mpongwe",
                "Longlat":[28.155,-13.512],
                "A_Upop":[0,0,0,0,0,11002,14979,17891],
                "Metropole":"No"
                },
                  {
                 "ID":[4,49,4608],
                "A_Name":"Senanga",
                "Longlat":[23.309,-16.092],
                "A_Upop":[0,0,0,0,0,0,14102,17444],
                "Metropole":"No"
                },
                  {
                 "ID":[4,49,4670],
                "A_Name":"Maamba",
                "Longlat":[27.239,-17.351],
                "A_Upop":[0,0,0,0,0,10415,14322,17161],
                "Metropole":"No"
                },
                  {
                 "ID":[4,49,4869],
                "A_Name":"Kasempa",
                "Longlat":[25.838,-13.451],
                "A_Upop":[0,0,0,0,0,0,0,16433],
                "Metropole":"No"
                },
                  {
                 "ID":[4,49,5079],
                "A_Name":"Kawambwa",
                "Longlat":[29.073,-9.803],
                "A_Upop":[0,0,0,0,0,17954,15953,15766],
                "Metropole":"No"
                },
                  {
                 "ID":[4,49,5097],
                "A_Name":"Manyama",
                "Longlat":[25.858,-12.314],
                "A_Upop":[0,0,0,0,0,0,0,15686],
                "Metropole":"No"
                },
                  {
                 "ID":[4,49,5221],
                "A_Name":"Limulunga",
                "Longlat":[23.154,-15.136],
                "A_Upop":[0,0,0,0,0,11748,13590,15301],
                "Metropole":"No"
                },
                  {
                 "ID":[4,49,5279],
                "A_Name":"Lukulu",
                "Longlat":[23.249,-14.37],
                "A_Upop":[0,0,0,0,0,0,10575,15092],
                "Metropole":"No"
                },
                  {
                 "ID":[4,49,5387],
                "A_Name":"Chibombo",
                "Longlat":[28.076,-14.664],
                "A_Upop":[0,0,0,0,0,0,0,14730],
                "Metropole":"No"
                },
                  {
                 "ID":[4,49,5494],
                "A_Name":"Namwala",
                "Longlat":[26.439,-15.763],
                "A_Upop":[0,0,0,0,0,0,0,14423],
                "Metropole":"No"
                },
                  {
                 "ID":[4,49,5751],
                "A_Name":"Sesheke",
                "Longlat":[24.309,-17.481],
                "A_Upop":[0,0,0,0,0,13558,13167,13678],
                "Metropole":"No"
                },
                  {
                 "ID":[4,49,6305],
                "A_Name":"Mufumbwe",
                "Longlat":[25.026,-13.139],
                "A_Upop":[0,0,0,0,0,0,0,12309],
                "Metropole":"No"
                },
                  {
                 "ID":[4,49,6335],
                "A_Name":"Kantete",
                "Longlat":[29.153,-8.688],
                "A_Upop":[0,0,0,0,0,0,0,12259],
                "Metropole":"No"
                },
                  {
                 "ID":[4,49,6479],
                "A_Name":"Siavonga",
                "Longlat":[28.712,-16.534],
                "A_Upop":[0,0,0,0,0,12772,11832,11980],
                "Metropole":"No"
                },
                  {
                 "ID":[4,49,6553],
                "A_Name":"Ibenga",
                "Longlat":[28.41,-13.356],
                "A_Upop":[0,0,0,0,0,0,0,11804],
                "Metropole":"No"
                },
                  {
                 "ID":[4,49,6661],
                "A_Name":"Nsomfi",
                "Longlat":[28.655,-10.446],
                "A_Upop":[0,0,0,0,0,0,0,11600],
                "Metropole":"No"
                },
                  {
                 "ID":[4,49,6701],
                "A_Name":"Chembe",
                "Longlat":[28.78,-11.938],
                "A_Upop":[0,0,0,0,0,0,0,11500],
                "Metropole":"No"
                },
                  {
                 "ID":[4,49,6719],
                "A_Name":"Chavuma",
                "Longlat":[22.692,-13.081],
                "A_Upop":[0,0,0,0,0,0,10327,11473],
                "Metropole":"No"
                },
                  {
                 "ID":[4,49,6966],
                "A_Name":"Lubwe",
                "Longlat":[29.645,-11.111],
                "A_Upop":[0,0,0,0,0,0,0,11000],
                "Metropole":"No"
                },
                  {
                 "ID":[4,49,6980],
                "A_Name":"Nampundwe",
                "Longlat":[27.928,-15.512],
                "A_Upop":[0,0,0,0,0,0,0,10979],
                "Metropole":"No"
                },
                  {
                 "ID":[4,49,7109],
                "A_Name":"Chilengi",
                "Longlat":[28.935,-8.485],
                "A_Upop":[0,0,0,0,0,0,0,10720],
                "Metropole":"No"
                },
                  {
                 "ID":[4,49,7254],
                "A_Name":"Kundamfuma/Kundamfumu",
                "Longlat":[28.764,-11.523],
                "A_Upop":[0,0,0,0,0,0,0,10500],
                "Metropole":"No"
                },
                  {
                 "ID":[4,49,7455],
                "A_Name":"Kalabo",
                "Longlat":[22.68,-15.001],
                "A_Upop":[0,0,0,0,0,0,0,10209],
                "Metropole":"No"
                },
                  {
                 "ID":[4,49,7490],
                "A_Name":"Nyimba",
                "Longlat":[30.833,-14.559],
                "A_Upop":[0,0,0,0,0,0,0,10165],
                "Metropole":"No"
                },
                  {
                "ID":[4,49,7621],
                "A_Name":"Katanshya/Mwansa",
                "Longlat":[29.659,-11.473],
                "A_Upop":[0,0,0,0,0,0,0,10000],
                "Metropole":"No"
                }]
}