{
    "EN_country":"Zimbabwe",
    "FR_country":"Zimbabwe",
    "ID":[4,50,0],
    "Upop":[405017,872607,873239,1491006,2534618,3389830,4191094],
    "Urbanlevel":[0.18,0.26,0.17,0.21,0.26,0.3,0.33,0.34],
    "Numagglos":[8,13,14,18,25,30,50,53],
    "Mpop":[0.75,0.75,0.72,0.65,0.61,0.61,0.53,0.61],
    "ADBA":[125,85,83,62,59,59,39,34],
    "Agglomerations":[
    {
                 "ID":[4,50,33],
                "A_Name":"Harare",
                "Longlat":[31.04,-17.874],
                "A_Upop":[187705,375594,383394,596532,1043258,1483846,1636455,2272905],
                "Metropole":"Yes"
                },
                  {
                 "ID":[4,50,106],
                "A_Name":"Bulawayo",
                "Longlat":[28.573,-20.158],
                "A_Upop":[115511,279100,248049,377984,494352,577657,572572,663804],
                "Metropole":"Yes"
                },
                  {
                 "ID":[4,50,459],
                "A_Name":"Mutare",
                "Longlat":[32.668,-18.96],
                "A_Upop":[32446,45137,43847,64152,114241,160705,182540,153729],
                "Metropole":"No"
                },
                  {
                 "ID":[4,50,658],
                "A_Name":"Kwekwe",
                "Longlat":[29.822,-18.919],
                "A_Upop":[14182,21510,30247,41370,63359,82602,92137,106927],
                "Metropole":"No"
                },
                  {
                 "ID":[4,50,709],
                "A_Name":"Kadoma",
                "Longlat":[29.915,-18.336],
                "A_Upop":[0,27214,26265,40621,61800,74234,87983,100215],
                "Metropole":"No"
                },
                  {
                 "ID":[4,50,774],
                "A_Name":"Masvingo",
                "Longlat":[30.825,-20.066],
                "A_Upop":[0,13350,12398,26108,46110,65492,83593,92360],
                "Metropole":"No"
                },
                  {
                 "ID":[4,50,958],
                "A_Name":"Ruwa",
                "Longlat":[31.237,-17.865],
                "A_Upop":[0,0,0,0,0,12105,46043,75079],
                "Metropole":"No"
                },
                  {
                 "ID":[4,50,971],
                "A_Name":"Chinhoyi",
                "Longlat":[30.186,-17.375],
                "A_Upop":[0,14258,14070,22077,37971,53437,65563,74679],
                "Metropole":"No"
                },
                  {
                 "ID":[4,50,1098],
                "A_Name":"Marondera",
                "Longlat":[31.548,-18.207],
                "A_Upop":[0,12071,11539,18341,34027,49124,59716,67296],
                "Metropole":"No"
                },
                  {
                 "ID":[4,50,1110],
                "A_Name":"Gweru (Mkoba)",
                "Longlat":[29.757,-19.456],
                "A_Upop":[15333,16261,20856,31209,49642,59618,65437,66767],
                "Metropole":"No"
                },
                  {
                 "ID":[4,50,1184],
                "A_Name":"Dangamvura",
                "Longlat":[32.591,-19.011],
                "A_Upop":[0,0,0,0,0,0,0,62599],
                "Metropole":"No"
                },
                  {
                 "ID":[4,50,1245],
                "A_Name":"Norton (West)",
                "Longlat":[30.653,-17.898],
                "A_Upop":[0,0,0,0,17161,34926,57769,59773],
                "Metropole":"No"
                },
                  {
                 "ID":[4,50,1307],
                "A_Name":"Gweru",
                "Longlat":[29.828,-19.463],
                "A_Upop":[11249,11929,15301,22896,36418,43737,48006,57129],
                "Metropole":"No"
                },
                  {
                 "ID":[4,50,1353],
                "A_Name":"Chegutu",
                "Longlat":[30.141,-18.135],
                "A_Upop":[0,16301,0,17181,27460,39752,48550,55301],
                "Metropole":"No"
                },
                  {
                 "ID":[4,50,1513],
                "A_Name":"Murape",
                "Longlat":[31.19,-17.585],
                "A_Upop":[0,0,0,0,0,0,29724,49480],
                "Metropole":"No"
                },
                  {
                 "ID":[4,50,1593],
                "A_Name":"Zvishavane Mine",
                "Longlat":[30.058,-20.303],
                "A_Upop":[13578,16881,16555,24579,31500,34722,42811,47300],
                "Metropole":"No"
                },
                  {
                 "ID":[4,50,1645],
                "A_Name":"Bindura",
                "Longlat":[31.342,-17.312],
                "A_Upop":[0,0,10841,16638,20486,30373,40634,46009],
                "Metropole":"No"
                },
                  {
                 "ID":[4,50,1677],
                "A_Name":"Dumisai",
                "Longlat":[32.383,-20.505],
                "A_Upop":[0,0,0,0,10050,15951,23255,45280],
                "Metropole":"No"
                },
                  {
                 "ID":[4,50,1872],
                "A_Name":"Hwange",
                "Longlat":[26.498,-18.367],
                "A_Upop":[15013,23002,21382,35215,41813,36563,36958,40827],
                "Metropole":"No"
                },
                  {
                 "ID":[4,50,1932],
                "A_Name":"Beitbridge",
                "Longlat":[29.997,-22.193],
                "A_Upop":[0,0,0,0,0,19371,36412,39696],
                "Metropole":"No"
                },
                  {
                 "ID":[4,50,2109],
                "A_Name":"Victoria Falls",
                "Longlat":[25.827,-17.937],
                "A_Upop":[0,0,0,0,14332,27356,33143,36614],
                "Metropole":"No"
                },
                  {
                 "ID":[4,50,2368],
                "A_Name":"Rusape",
                "Longlat":[32.135,-18.537],
                "A_Upop":[0,0,0,0,12395,22015,29071,33046],
                "Metropole":"No"
                },
                  {
                 "ID":[4,50,2393],
                "A_Name":"Bulawayo Ward 102126",
                "Longlat":[28.51,-20.225],
                "A_Upop":[0,0,0,0,0,0,20377,32681],
                "Metropole":"No"
                },
                  {
                 "ID":[4,50,2426],
                "A_Name":"Chiredzi",
                "Longlat":[31.674,-21.038],
                "A_Upop":[0,0,0,0,18014,24933,29251,32319],
                "Metropole":"No"
                },
                  {
                 "ID":[4,50,2533],
                "A_Name":"Redcliff (Torwood)",
                "Longlat":[29.727,-19.012],
                "A_Upop":[0,0,0,13346,20440,26648,28681,31096],
                "Metropole":"No"
                },
                  {
                 "ID":[4,50,3006],
                "A_Name":"Chipinge",
                "Longlat":[32.619,-20.187],
                "A_Upop":[0,0,0,0,10050,15951,23255,26435],
                "Metropole":"No"
                },
                  {
                 "ID":[4,50,3228],
                "A_Name":"Gokwe",
                "Longlat":[28.939,-18.223],
                "A_Upop":[0,0,0,0,0,14575,22358,24702],
                "Metropole":"No"
                },
                  {
                 "ID":[4,50,3573],
                "A_Name":"Shurugwi",
                "Longlat":[30.007,-19.667],
                "A_Upop":[0,0,0,12385,15479,16703,20383,22520],
                "Metropole":"No"
                },
                  {
                 "ID":[4,50,3660],
                "A_Name":"Mutandahwe",
                "Longlat":[32.169,-20.958],
                "A_Upop":[0,0,0,0,0,0,0,22039],
                "Metropole":"No"
                },
                  {
                 "ID":[4,50,3927],
                "A_Name":"Chibuwe/Maongere",
                "Longlat":[32.309,-20.451],
                "A_Upop":[0,0,0,0,0,0,0,20480],
                "Metropole":"No"
                },
                  {
                 "ID":[4,50,4061],
                "A_Name":"Gwanda",
                "Longlat":[29.021,-20.94],
                "A_Upop":[0,0,0,0,0,12734,18245,19890],
                "Metropole":"No"
                },
                  {
                 "ID":[4,50,4068],
                "A_Name":"Chisumbanje",
                "Longlat":[32.195,-20.842],
                "A_Upop":[0,0,0,0,0,0,0,19859],
                "Metropole":"No"
                },
                  {
                 "ID":[4,50,4083],
                "A_Name":"Bulawayo Ward 102128",
                "Longlat":[28.498,-20.079],
                "A_Upop":[0,0,0,0,0,0,43981,19804],
                "Metropole":"No"
                },
                  {
                 "ID":[4,50,4111],
                "A_Name":"Mbuyanehanda",
                "Longlat":[32.235,-20.766],
                "A_Upop":[0,0,0,0,0,0,0,19695],
                "Metropole":"No"
                },
                  {
                 "ID":[4,50,4420],
                "A_Name":"Nyahode",
                "Longlat":[32.912,-20.032],
                "A_Upop":[0,0,0,0,0,0,16437,18335],
                "Metropole":"No"
                },
                  {
                 "ID":[4,50,4442],
                "A_Name":"Karoi",
                "Longlat":[29.688,-16.828],
                "A_Upop":[0,0,0,0,0,12102,16095,18236],
                "Metropole":"No"
                },
                  {
                 "ID":[4,50,4821],
                "A_Name":"Goromonzi",
                "Longlat":[31.385,-17.846],
                "A_Upop":[0,0,0,0,0,0,15867,16616],
                "Metropole":"No"
                },
                  {
                 "ID":[4,50,5111],
                "A_Name":"Gweru (Lal Bagh)",
                "Longlat":[29.828,-19.439],
                "A_Upop":[0,0,0,0,15637,18780,20613,15656],
                "Metropole":"No"
                },
                  {
                 "ID":[4,50,5137],
                "A_Name":"Murehwa",
                "Longlat":[31.774,-17.648],
                "A_Upop":[0,0,0,0,0,0,13826,15581],
                "Metropole":"No"
                },
                  {
                 "ID":[4,50,5287],
                "A_Name":"Kariba (East)",
                "Longlat":[28.846,-16.513],
                "A_Upop":[0,0,0,0,12613,15941,17495,15054],
                "Metropole":"No"
                },
                  {
                 "ID":[4,50,5347],
                "A_Name":"Murambinda",
                "Longlat":[31.642,-19.278],
                "A_Upop":[0,0,0,0,0,0,13105,14897],
                "Metropole":"No"
                },
                  {
                 "ID":[4,50,5518],
                "A_Name":"Mazowe Ward 120420",
                "Longlat":[31.044,-17.717],
                "A_Upop":[0,0,0,0,0,0,12974,14360],
                "Metropole":"No"
                },
                  {
                 "ID":[4,50,5519],
                "A_Name":"Glendale",
                "Longlat":[31.063,-17.359],
                "A_Upop":[0,0,0,0,0,0,13297,14358],
                "Metropole":"No"
                },
                  {
                 "ID":[4,50,6020],
                "A_Name":"Mutoko",
                "Longlat":[32.212,-17.415],
                "A_Upop":[0,0,0,0,0,0,11534,12998],
                "Metropole":"No"
                },
                  {
                 "ID":[4,50,6120],
                "A_Name":"Gweru (Senga)",
                "Longlat":[29.841,-19.506],
                "A_Upop":[0,0,0,0,0,0,0,12734],
                "Metropole":"No"
                },
                  {
                 "ID":[4,50,6167],
                "A_Name":"Karoi (East)",
                "Longlat":[29.703,-16.819],
                "A_Upop":[0,0,0,0,0,0,11792,12608],
                "Metropole":"No"
                },
                  {
                 "ID":[4,50,6231],
                "A_Name":"Mount Hampden",
                "Longlat":[30.959,-17.723],
                "A_Upop":[0,0,0,0,0,0,0,12473],
                "Metropole":"No"
                },
                  {
                 "ID":[4,50,6324],
                "A_Name":"Shamva",
                "Longlat":[31.564,-17.3],
                "A_Upop":[0,0,0,0,0,0,10746,12275],
                "Metropole":"No"
                },
                  {
                 "ID":[4,50,6342],
                "A_Name":"Chivhu",
                "Longlat":[30.902,-19.011],
                "A_Upop":[0,0,0,0,0,0,10694,12234],
                "Metropole":"No"
                },
                  {
                 "ID":[4,50,6673],
                "A_Name":"Banket",
                "Longlat":[30.395,-17.375],
                "A_Upop":[0,0,0,0,0,0,10004,11575],
                "Metropole":"No"
                },
                  {
                 "ID":[4,50,6830],
                "A_Name":"Mvurwi",
                "Longlat":[30.845,-17.02],
                "A_Upop":[0,0,0,0,0,0,0,11235],
                "Metropole":"No"
                },
                  {
                 "ID":[4,50,6875],
                "A_Name":"Kariba (West)",
                "Longlat":[28.77,-16.534],
                "A_Upop":[0,0,0,0,0,0,0,11125],
                "Metropole":"No"
                },
                  {
                 "ID":[4,50,7401],
                "A_Name":"Ward 140511",
                "Longlat":[30.162,-16.899],
                "A_Upop":[0,0,0,0,0,0,15225,10300],
                "Metropole":"No"
                },
                  {
                 "ID":[4,50,8293],
                "A_Name":"Epworth",
                "Longlat":[31.15,-17.89],
                "A_Upop":[0,0,0,14145,47920,0,0,0],
                "Metropole":"No"
                },
                  {
                 "ID":[4,50,9081],
                "A_Name":"Chitungwiza",
                "Longlat":[31.071,-18.009],
                "A_Upop":[0,0,18494,116225,248139,310828,348813,0],
                "Metropole":"No"
                },
                  {
                 "ID":[4,50,9082],
                "A_Name":"Ward 140635",
                "Longlat":[30.869,-17.828],
                "A_Upop":[0,0,0,0,0,0,41318,0],
                "Metropole":"No"
                },
                  {
                 "ID":[4,50,9083],
                "A_Name":"Ruwa 8",
                "Longlat":[31.253,-17.837],
                "A_Upop":[0,0,0,0,0,0,26334,0],
                "Metropole":"No"
                },
                  {
                 "ID":[4,50,9084],
                "A_Name":"Nemashanga",
                "Longlat":[31.14,-18.013],
                "A_Upop":[0,0,0,0,0,0,13268,0],
                "Metropole":"No"
                },
                  {
                 "ID":[4,50,9085],
                "A_Name":"Mawanga",
                "Longlat":[31.221,-17.556],
                "A_Upop":[0,0,0,0,0,0,12305,0],
                "Metropole":"No"
                },
                  {
                "ID":[4,50,9086],
                "A_Name":"Arcturus 7",
                "Longlat":[31.168,-17.663],
                "A_Upop":[0,0,0,0,0,0,11868,0],
                "Metropole":"No"
                }]
}